v 0.276906013 0.183920994 -0.074147999
v 0.274277002 0.173993006 -0.072236001
v 0.263756990 0.181865007 -0.072907999
v 0.256570011 0.235698000 -0.063019998
v 0.266829014 0.236196995 -0.062771998
v 0.262573987 0.227303997 -0.068205997
v -0.168431997 0.160944000 -0.080162004
v -0.174362004 0.164744005 -0.075632997
v -0.164120004 0.166584998 -0.085900001
v -0.060038000 0.041134000 -0.109651998
v -0.068920001 0.029610001 -0.102733999
v -0.070445001 0.047610000 -0.108117998
v 0.065860003 0.120081998 0.132622004
v 0.055812001 0.109113999 0.138744995
v 0.067410998 0.104502000 0.142401993
v -0.071381003 0.057264999 -0.110756002
v -0.081689000 0.063851997 -0.108847998
v -0.072671004 0.075594999 -0.115088999
v -0.037361000 -0.009682000 -0.100414999
v -0.032777000 -0.000176000 -0.103716999
v -0.027317001 -0.009552000 -0.101444997
v -0.017309001 0.227982998 -0.104973003
v -0.025442000 0.219326004 -0.097260997
v -0.024813000 0.234098002 -0.092964001
v -0.313331008 0.143553004 0.005909000
v -0.309143007 0.132439002 0.002318000
v -0.303375006 0.144677997 0.008130000
v -0.034784000 -0.061747000 -0.079674996
v -0.035526998 -0.049516000 -0.086203001
v -0.025522999 -0.055837002 -0.081433997
v 0.145328999 -0.035921000 0.091335997
v 0.139254004 -0.032690000 0.104682997
v 0.143259004 -0.046450000 0.098066002
v 0.292741001 0.248862997 -0.043846998
v 0.280779988 0.251020014 -0.043533001
v 0.293888986 0.252593994 -0.032839999
v 0.086112998 -0.182054996 0.143768996
v 0.074104004 -0.182115003 0.151060000
v 0.083584003 -0.192280993 0.145211995
v 0.171455994 0.078913003 0.047912002
v 0.164096996 0.074463002 0.064487003
v 0.163524002 0.065575004 0.047068998
v 0.102082998 0.242484003 -0.094819002
v 0.097529002 0.252988011 -0.091467001
v 0.105433002 0.251029998 -0.089570001
v 0.044613000 0.238794997 0.047724001
v 0.036394000 0.245727003 0.044144001
v 0.033748001 0.233370006 0.055117998
v -0.074458003 -0.031755000 -0.086153999
v -0.084389001 -0.031175001 -0.082828000
v -0.085496001 -0.017529000 -0.086622998
v -0.209215000 0.224675998 -0.075814001
v -0.213688001 0.237595007 -0.070102997
v -0.196894005 0.235250995 -0.071546003
v 0.020649999 0.163688004 -0.115589000
v 0.021976000 0.148876995 -0.118836001
v 0.012201000 0.159013003 -0.124945000
v -0.156744003 0.248061001 -0.055985998
v -0.153583005 0.254254013 -0.049911998
v -0.140211999 0.248985007 -0.061650001
v -0.096928000 0.031817000 -0.090915002
v -0.106216997 0.030131999 -0.086538002
v -0.106516004 0.041700002 -0.089054003
v -0.018761000 0.152951002 -0.119976997
v -0.023099000 0.143342003 -0.118208997
v -0.027703000 0.156370997 -0.112809002
v 0.153713003 -0.029872000 0.017744999
v 0.146071002 -0.040098000 0.016511999
v 0.156075001 -0.042998001 0.005561000
v 0.054669000 0.289142996 -0.051408000
v 0.061721999 0.280384988 -0.058917001
v 0.047171000 0.287772000 -0.061234001
v -0.145190999 0.276488990 -0.001188000
v -0.148269996 0.280409992 0.008844000
v -0.134579003 0.285340995 -0.002793000
v 0.213312998 0.139859006 -0.037392002
v 0.202105999 0.134033993 -0.031601001
v 0.198071003 0.143209994 -0.048521001
v 0.080975004 -0.227220997 0.141712993
v 0.087999001 -0.218363002 0.138967007
v 0.075227998 -0.218504995 0.145704001
v 0.117371999 0.103391998 -0.098522000
v 0.113204002 0.113733999 -0.102536000
v 0.122532003 0.113210998 -0.097893000
v -0.146700993 -0.008590000 0.047945999
v -0.145734996 -0.005424000 0.063777000
v -0.146405995 0.001098000 0.054618001
v -0.143996000 0.265846014 0.027674999
v -0.134270996 0.264957994 0.030902000
v -0.140294001 0.274298996 0.022426000
v 0.109913997 0.083470002 0.138328999
v 0.100234002 0.097239003 0.139323995
v 0.100377001 0.081786998 0.143331006
v -0.076026000 0.270953000 -0.005391000
v -0.072774999 0.280858010 -0.018506000
v -0.075599000 0.281654000 -0.016057000
v -0.173010007 -0.169998005 0.041460998
v -0.166960999 -0.161576003 0.051775999
v -0.171711996 -0.162034005 0.037034001
v 0.142004997 -0.056800999 0.002455000
v 0.146952003 -0.064322002 -0.009707000
v 0.158718005 -0.049759001 -0.003816000
v -0.177857995 -0.178467005 0.030585000
v 0.175316006 0.275334001 -0.032602001
v 0.167237997 0.274495989 -0.026982000
v 0.175430000 0.278136998 -0.019067001
v -0.161175996 0.261081994 0.020244000
v -0.163894996 0.249236003 0.033388998
v -0.147446007 0.255080998 0.024927000
v -0.185788006 0.080973998 -0.004596000
v -0.187227994 0.093312003 -0.007110000
v -0.186419994 0.081014998 -0.014745000
v 0.014760000 0.254229009 -0.087925002
v 0.006471000 0.260527998 -0.098206997
v 0.011894000 0.267470986 -0.084755003
v 0.092514001 0.262746990 -0.086797997
v 0.103960998 0.269818008 -0.080665998
v 0.108773999 0.259492993 -0.084201001
v 0.101085000 0.220225006 0.051555999
v 0.110509001 0.222811997 0.062316000
v 0.109741002 0.232091993 0.046402000
v -0.111863002 0.255479008 0.014711000
v -0.116536997 0.263563991 0.001234000
v -0.125403002 0.264690012 0.014035000
v 0.129887000 -0.020444000 0.116113998
v 0.130078003 -0.002761000 0.117646001
v 0.122091003 -0.018327000 0.122579999
v 0.136903003 -0.093907997 -0.034040000
v 0.144703001 -0.088674001 -0.037617002
v 0.146093994 -0.082354002 -0.027664000
v 0.217206001 0.165730998 0.041806001
v 0.200995997 0.167910993 0.044904001
v 0.203946993 0.157231003 0.040033001
v 0.326254010 0.121476002 -0.005503000
v 0.330356002 0.129103005 0.000182000
v 0.320003986 0.126561999 -0.001095000
v 0.004536000 -0.210454002 0.167081997
v -0.011177000 -0.201658994 0.166707993
v -0.010500000 -0.219228998 0.163510993
v -0.071864001 0.270689994 -0.000216000
v -0.073330998 0.274008989 -0.006796000
v -0.076246999 0.268779993 -0.002442000
v 0.146144003 0.231969997 0.043653999
v 0.150906995 0.236696005 0.041432001
v 0.135487005 0.237017006 0.047313001
v 0.358574003 0.243102998 -0.049817000
v 0.356714994 0.232124999 -0.060412001
v 0.353774995 0.239256993 -0.054026999
v -0.139734998 0.231983006 -0.076429002
v -0.136731997 0.235021994 -0.083191998
v -0.137508005 0.223753005 -0.082225002
v -0.010479000 0.174548998 -0.126277000
v -0.010356000 0.164110005 -0.127566993
v -0.018581999 0.160528004 -0.118933000
v -0.225765005 0.158996999 -0.066933997
v -0.224941000 0.151171997 -0.058740001
v -0.235945001 0.150839001 -0.057473000
v -0.176935002 0.179096997 0.045219000
v -0.179615006 0.169040993 0.042991001
v -0.165983006 0.178163007 0.049986001
v -0.019631000 0.102053002 -0.128361002
v -0.008731000 0.094920002 -0.130213007
v -0.019879000 0.084751002 -0.127552003
v 0.034616999 -0.083260998 -0.109664001
v 0.044594001 -0.076323003 -0.106500000
v 0.042890999 -0.089428999 -0.108707003
v 0.055047002 0.156887993 -0.114572003
v 0.043465000 0.160408005 -0.111665003
v 0.054097001 0.172830001 -0.111157998
v -0.182046995 -0.208188996 -0.005676000
v -0.180581003 -0.212603003 -0.015399000
v -0.184175000 -0.224276006 -0.005408000
v -0.055853002 -0.028027000 -0.092032999
v -0.046934001 -0.019122001 -0.096189000
v -0.046117000 -0.032611001 -0.092445001
v -0.151599005 0.052685998 0.066419996
v -0.148803994 0.058674000 0.075433999
v -0.151029006 0.067605004 0.073935002
v -0.182357997 0.032625999 -0.015913000
v -0.182928994 0.044760998 -0.017979000
v -0.177829996 0.033381000 -0.025121000
v -0.037328999 -0.004047000 0.151091993
v -0.046895999 -0.009595000 0.150292993
v -0.036826000 -0.022481000 0.152072996
v 0.112664998 -0.068371996 0.120318003
v 0.118903004 -0.073408999 0.114136003
v 0.114919998 -0.056343999 0.120580003
v -0.160440996 0.018122001 0.029555000
v -0.166494995 0.025455000 0.021121999
v -0.165257007 0.009640000 0.015352000
v -0.101218998 0.272042990 -0.044353999
v -0.103386998 0.265334010 -0.056099001
v -0.115089998 0.268462986 -0.041600998
v -0.203260005 0.133851007 0.015760001
v -0.189008996 0.124381997 0.012410000
v -0.187203005 0.133676007 0.024327001
v 0.207324997 0.145313993 0.030227000
v 0.190179005 0.149508998 0.038495000
v 0.192374006 0.135183007 0.027834000
v -0.104992002 0.268469989 -0.009659000
v -0.120419003 0.271288007 -0.013919000
v 0.265181988 0.215995997 0.026207000
v 0.262511998 0.204594001 0.036070000
v 0.276342005 0.210556999 0.032274999
v -0.088014998 -0.212199003 0.137352005
v -0.074468002 -0.203299999 0.147442997
v -0.089359000 -0.194885999 0.139007002
v -0.231646001 0.217222005 -0.076899000
v -0.218149006 0.214118004 -0.078307003
v -0.231160998 0.200314000 -0.079327002
v -0.000458000 0.202519998 0.089781001
v -0.003369000 0.219855994 0.081969999
v -0.013396000 0.209560007 0.087095998
v 0.213435993 0.233701006 0.039462000
v 0.223092005 0.225517005 0.030987000
v 0.220512003 0.239722997 0.033863999
v 0.066583999 -0.071138002 0.150939003
v 0.057415001 -0.074891999 0.153906003
v 0.065906003 -0.081704997 0.151015997
v -0.243665993 0.132043004 -0.018650001
v -0.240022004 0.136395007 -0.027491000
v -0.230501994 0.131271005 -0.017640000
v -0.340481997 0.247822002 -0.038662001
v -0.346616000 0.242280006 -0.050616000
v -0.355724990 0.247534007 -0.041111000
v -0.306926012 0.212291002 0.018950000
v -0.292163998 0.212513000 0.022112999
v -0.302291006 0.227176994 0.013079000
v 0.284202993 0.144060001 -0.034547001
v 0.297327995 0.144216999 -0.033620000
v 0.286805004 0.138821006 -0.026045000
v -0.006448000 0.236441001 0.072637998
v -0.000998000 0.236196995 0.072099000
v -0.006255000 0.244968995 0.067571998
v -0.317319006 0.225016996 0.011726000
v -0.324414998 0.209860995 0.016639000
v -0.110701002 0.273404002 -0.018782999
v -0.115939997 0.276264012 -0.027767999
v 0.308458000 0.146172002 0.009935000
v 0.298588991 0.147026002 0.012616000
v 0.301400989 0.138405994 0.007743000
v 0.151800007 -0.076263003 0.040332001
v 0.145300999 -0.079673998 0.026844000
v 0.143131003 -0.064411998 0.036965001
v 0.169471994 -0.137595996 0.002945000
v 0.162709996 -0.135652006 -0.009539000
v 0.161204994 -0.123085000 0.003909000
v -0.097695999 0.282330006 -0.056464002
v -0.090845004 0.280607015 -0.064177997
v -0.099271998 0.273620009 -0.071939997
v 0.082482003 -0.151216000 0.144113004
v 0.079742000 -0.161525995 0.147237003
v 0.091946997 -0.161418006 0.138813004
v -0.218122005 0.262852997 -0.030751999
v -0.209002003 0.261061013 -0.038274001
v -0.217655003 0.255892009 -0.050104000
v 0.074725002 0.002538000 -0.093911000
v 0.084587000 0.003560000 -0.091711000
v 0.078817002 -0.006616000 -0.084360003
v -0.067046002 0.284945011 -0.023127999
v -0.057282999 0.291016996 -0.039381001
v -0.071111001 0.283609003 -0.026918000
v 0.091697998 -0.057980001 0.138968006
v 0.098539002 -0.070468001 0.133087993
v 0.099131003 -0.053286999 0.133702993
v 0.111578003 -0.078075998 0.120020002
v 0.117063001 -0.084219001 0.113705002
v -0.152493998 -0.022113999 -0.044650000
v -0.153420001 -0.034015000 -0.044549000
v -0.162025005 -0.023143999 -0.040660001
v -0.063259996 -0.042702999 0.147878006
v -0.072746001 -0.039161999 0.145199999
v -0.070708998 -0.051695000 0.145851001
v 0.018913001 0.275332004 -0.075800002
v 0.012958000 0.284054011 -0.084397003
v -0.063026004 0.291877002 -0.041078001
v 0.101788998 0.192065999 0.089806996
v 0.108556002 0.200216994 0.083682999
v 0.092441998 0.197319999 0.078896001
v -0.337689996 0.207251996 0.015376000
v -0.330087006 0.193358004 0.015270000
v -0.058106001 -0.165055007 0.156578004
v -0.046434999 -0.156110004 0.160589993
v -0.062468000 -0.154746994 0.153669998
v -0.301353991 0.170623004 -0.070474997
v -0.303909987 0.163323998 -0.064149000
v -0.318082988 0.166880995 -0.068043001
v 0.088248000 -0.061212000 -0.093625002
v 0.074910998 -0.064430997 -0.099009000
v 0.077333003 -0.048466001 -0.090407997
v 0.118318997 0.132444993 -0.102227002
v 0.108737998 0.141940996 -0.106550999
v 0.117564000 0.148460999 -0.103138998
v 0.314092994 0.134449005 0.003059000
v 0.309695005 0.125037998 -0.003637000
v 0.181189001 0.232228994 -0.077483997
v 0.177949995 0.222583994 -0.068104997
v 0.180842996 0.215876997 -0.083984002
v -0.010957000 0.136607006 0.119946003
v -0.011302000 0.147710994 0.115792997
v -0.022080000 0.138343006 0.117657997
v 0.118190996 -0.148389995 0.115644999
v 0.115549996 -0.161002994 0.120484002
v 0.128280997 -0.154134005 0.107198998
v 0.193970993 0.126515999 0.015655000
v 0.208517000 0.135345995 0.019306000
v -0.017859001 0.019352000 -0.110485002
v -0.029149000 0.033656001 -0.113479003
v -0.018743999 0.036393002 -0.114886001
v -0.290138006 0.250735998 -0.024874000
v -0.289701998 0.249783993 -0.037524998
v -0.297601998 0.250048995 -0.024649000
v 0.073105998 0.018629000 0.149241999
v 0.083085001 0.013406000 0.146549001
v 0.079296999 0.028408000 0.148626998
v 0.013825000 -0.123451002 -0.122391999
v 0.022242000 -0.131237000 -0.122092001
v 0.004613000 -0.131779000 -0.124320999
v 0.273703992 0.139365003 -0.026288001
v 0.271109998 0.134149998 -0.017610000
v -0.171948999 -0.151941001 -0.020722000
v -0.170953006 -0.167251006 -0.024915000
v -0.173849002 -0.166227996 -0.013509000
v 0.106296003 -0.226740003 0.127464995
v 0.118959002 -0.226420000 0.120155998
v 0.107037999 -0.213715002 0.128716007
v 0.021024000 -0.153365999 -0.113733999
v 0.029974001 -0.148863003 -0.117285997
v 0.028936001 -0.161015004 -0.104722999
v 0.153630003 0.286291987 -0.014978000
v 0.150224999 0.277435988 -0.006417000
v 0.150099993 0.276939005 -0.020160001
v 0.114179000 -0.046498001 0.122955002
v 0.106500000 -0.048613001 0.128315002
v -0.284482986 0.133036003 -0.029532000
v -0.273900986 0.128315002 -0.021566000
v -0.286873996 0.125781998 -0.022645000
v 0.036564000 -0.073771000 -0.100483000
v 0.027089000 -0.078438997 -0.100088999
v 0.030471999 -0.071732000 -0.088993996
v -0.138336003 -0.009143000 -0.049477000
v -0.140761003 -0.021036001 -0.049366001
v -0.148461998 -0.010301000 -0.043939002
v 0.046447001 0.236156002 -0.095385000
v 0.037990998 0.243955001 -0.089870997
v 0.053498000 0.244916007 -0.094926998
v -0.091505997 0.166409999 -0.114118002
v -0.084573001 0.174068004 -0.113159001
v -0.084769003 0.158663005 -0.115649998
v 0.037836000 -0.156488001 -0.108199999
v 0.043471001 -0.159618005 -0.103523001
v -0.060591999 0.232528001 -0.099298000
v -0.049178999 0.223159000 -0.099788003
v -0.060915001 0.217651993 -0.104323998
v -0.336764991 0.235387996 -0.059340000
v -0.349880993 0.235826001 -0.058545999
v -0.011086000 0.243379995 -0.112911999
v -0.014346000 0.249645993 -0.103670999
v -0.007321000 0.262751013 -0.109779999
v 0.254754007 0.195253998 -0.074101001
v 0.258971006 0.211866006 -0.074386001
v 0.266986012 0.194342002 -0.073466003
v 0.271281004 0.257459998 -0.020226000
v 0.282813013 0.256159991 -0.026110001
v 0.270458996 0.257638991 -0.032547001
v -0.093390003 -0.094025999 -0.080241002
v -0.081796996 -0.094237000 -0.075727999
v -0.094480999 -0.098762996 -0.090069003
v -0.076301999 0.235265002 0.038086999
v -0.064301997 0.240730003 0.037085000
v -0.078475997 0.241705000 0.030296000
v 0.118161000 0.233560994 0.058711000
v 0.123092003 0.220899999 0.067730002
v -0.280259013 0.153513998 0.015015000
v -0.267435014 0.160630003 0.021281000
v -0.285016000 0.165897995 0.018905001
v 0.148386002 0.229800001 -0.072834000
v 0.146941006 0.245958999 -0.062137000
v 0.153458998 0.240023002 -0.075809002
v -0.272345006 0.172865003 0.025563000
v -0.167687997 0.218905002 -0.089602999
v -0.163751006 0.230862007 -0.087008998
v -0.165539995 0.224877000 -0.073095001
v 0.159356996 0.050547998 0.046820000
v 0.157909006 0.034947999 0.047141999
v 0.163683996 0.040036000 0.030888001
v 0.186036006 0.136096001 0.037404999
v 0.186617002 0.124916002 0.025976000
v 0.307992011 0.165938005 -0.063695997
v 0.305510998 0.173311993 -0.069920003
v 0.318019003 0.168054000 -0.063023999
v 0.151116997 -0.000193000 -0.028406000
v 0.143788993 -0.011968000 -0.033216000
v 0.148628995 -0.001187000 -0.044730999
v 0.114926003 -0.058593001 -0.047899999
v 0.127913997 -0.061710998 -0.040251002
v 0.115267999 -0.071566001 -0.048083000
v 0.083802000 0.278301001 -0.016140999
v 0.091972999 0.277013987 -0.026254000
v 0.089057997 0.282200009 -0.033116002
v -0.209924996 0.134507999 -0.033695001
v -0.202191994 0.136406004 -0.041143999
v -0.198597997 0.128867999 -0.027886000
v -0.136138007 -0.232639998 -0.089084998
v -0.128749996 -0.224464998 -0.092413999
v -0.123331003 -0.232796997 -0.099339001
v 0.108663000 0.124218002 -0.105717003
v 0.118147999 0.123635001 -0.101447001
v -0.057337999 0.085271999 0.149819002
v -0.045154002 0.073629998 0.151280999
v -0.040072002 0.080467999 0.150626004
v -0.323404014 0.249525994 -0.025364000
v -0.333972007 0.248606995 -0.027286001
v -0.320091993 0.245692998 -0.012430000
v 0.045177002 0.122789003 -0.121716000
v 0.056237999 0.132367998 -0.120278001
v 0.057720002 0.115108997 -0.122360997
v -0.119649000 0.182156995 -0.110298000
v -0.127782002 0.191414997 -0.107464001
v -0.110353999 0.193848997 -0.109708004
v 0.137590006 0.104240000 -0.085593998
v 0.135542005 0.114032000 -0.090559997
v 0.147948995 0.115106001 -0.082253002
v -0.181109995 0.110384002 -0.038906001
v -0.175338998 0.105703004 -0.046877999
v -0.173635006 0.099326000 -0.045255002
v -0.020508001 -0.176267996 0.167375997
v -0.012109000 -0.192868993 0.167309001
v -0.004170000 -0.175913006 0.168864995
v -0.226853997 0.134407997 -0.026884001
v -0.215088993 0.130655006 -0.020157000
v -0.096836999 -0.216941997 -0.105683997
v -0.083883002 -0.208506003 -0.107844003
v -0.084187001 -0.225829005 -0.112575002
v 0.017509000 0.291747987 -0.073976003
v 0.030090000 0.278371006 -0.069026999
v 0.064643003 0.291725993 -0.040346000
v 0.051963001 0.296867996 -0.039338000
v 0.064295001 0.291018009 -0.027451999
v 0.163237005 -0.102691002 0.056120001
v 0.159564003 -0.098747998 0.065311000
v 0.159326002 -0.111321002 0.062199000
v 0.040633999 0.199832007 0.073072001
v 0.051895998 0.194965005 0.074960001
v 0.051762000 0.206211001 0.067218997
v -0.176450998 0.120324001 -0.058465999
v -0.175548002 0.131835997 -0.062817998
v -0.169253007 0.118584000 -0.066555001
v 0.093746997 0.241718993 0.031223999
v 0.079608001 0.244274005 0.033599000
v 0.091045000 0.233581007 0.039377999
v 0.164239004 -0.219731003 -0.051872998
v 0.161721006 -0.208017007 -0.051477000
v 0.172754005 -0.212769002 -0.035409998
v -0.185745001 0.068778999 -0.012321000
v -0.183119997 0.069045998 -0.022209000
v -0.183074996 0.056906998 -0.020068999
v -0.120205998 0.120226003 -0.105001003
v -0.128746003 0.115564004 -0.098728999
v -0.128641993 0.127545998 -0.100985996
v 0.322766989 0.117279001 -0.014176000
v 0.314103991 0.119361997 -0.015100000
v 0.217793003 0.210749000 -0.075545996
v 0.230681002 0.212314993 -0.074800000
v 0.229857996 0.196126997 -0.076324999
v 0.047595002 0.088684998 -0.122573003
v 0.036545001 0.079842001 -0.123120002
v 0.036201000 0.096748002 -0.126383007
v -0.154866993 0.082436003 0.073091999
v -0.149710998 0.079305001 0.083671004
v -0.151167005 0.094374001 0.081239998
v 0.308371991 0.250317991 -0.039499000
v 0.308865994 0.251266986 -0.033454001
v -0.180108994 0.088692002 0.012171000
v -0.185000002 0.093190998 0.002808000
v -0.182542995 0.080960996 0.005094000
v -0.215933993 0.145965993 -0.053050999
v -0.220180005 0.142039999 -0.046510998
v -0.277215004 0.144923002 -0.039377999
v -0.290466994 0.146469995 -0.043269999
v -0.274719000 0.148101002 -0.043361999
v 0.011557000 -0.209457994 -0.112164997
v 0.012061000 -0.199337006 -0.108262002
v 0.028710000 -0.200664997 -0.108011000
v -0.096014999 -0.108309001 -0.097843997
v -0.106311001 -0.099478997 -0.089105003
v -0.182279006 0.195905000 -0.078405000
v -0.177132994 0.189925998 -0.088145003
v -0.186006993 0.178483993 -0.077403001
v 0.050787002 -0.051491000 -0.078974999
v 0.042195000 -0.056910999 -0.079281002
v 0.042380001 -0.043257002 -0.077666000
v 0.129953995 -0.073563002 0.104662001
v -0.054265000 0.267809004 0.019742001
v -0.048886999 0.270790994 0.024414999
v -0.056894999 0.278277993 0.010511000
v 0.250670999 0.243892998 -0.057246000
v 0.241301998 0.239081994 -0.063578002
v 0.289104015 0.234436005 -0.061443001
v 0.303692013 0.230803996 -0.063597001
v 0.286873013 0.224735007 -0.067803003
v 0.125117004 -0.170985997 0.113839000
v 0.122158997 -0.181327000 0.118087001
v 0.135049999 -0.177579001 0.105994001
v -0.011779000 0.251459002 0.060477000
v -0.021647001 0.238322005 0.060878001
v -0.053259000 0.258783996 -0.087667003
v -0.050193001 0.268243015 -0.081430003
v -0.037129998 0.257858992 -0.087149002
v -0.166216001 0.087325998 -0.051716998
v -0.169134006 0.101244003 -0.054678999
v -0.158052996 0.091861002 -0.064152002
v 0.060679998 0.263794005 -0.085974000
v 0.055121001 0.271885008 -0.079342999
v 0.066375002 0.270043999 -0.074340999
v -0.119181000 0.084270000 -0.096487001
v -0.110304996 0.083538003 -0.101557001
v -0.117663004 0.074266002 -0.093846999
v -0.080114998 0.248190001 0.022484001
v -0.084123001 0.238882005 0.034554001
v 0.003526000 -0.178605005 -0.101140998
v 0.011869000 -0.172351003 -0.099955000
v 0.012470000 -0.189230993 -0.104433000
v -0.079176001 0.174083993 0.093763001
v -0.068516999 0.171728998 0.089010000
v -0.079490997 0.186431006 0.082280003
v -0.149241999 0.272000998 0.016630000
v -0.183346003 0.091651998 -0.026031001
v -0.178659007 0.097253002 -0.036166001
v -0.178325996 0.083338998 -0.033578999
v -0.115696996 0.040089998 -0.084413998
v -0.115638003 0.028434999 -0.082425997
v -0.125202000 0.040254999 -0.079884000
v -0.332323998 0.146704003 0.003323000
v -0.328785986 0.137213007 0.000468000
v 0.009175000 0.172066003 0.097691998
v 0.009362000 0.162404001 0.102512002
v 0.019260000 0.174646005 0.091577001
v 0.040927999 -0.003203000 0.152702004
v 0.031222001 -0.007111000 0.153266996
v 0.031191001 -0.016293000 0.153899997
v 0.029438000 0.193206996 0.078616999
v 0.026598999 0.202978998 0.072618000
v 0.315459013 0.231700003 0.014176000
v 0.324050009 0.240044996 0.005571000
v 0.304850012 0.238113999 0.009380000
v 0.142079994 -0.009363000 0.053291000
v 0.145288005 -0.015600000 0.042573001
v 0.147532001 -0.003256000 0.046709001
v -0.304547995 0.248519003 -0.037671998
v -0.311078995 0.244034007 -0.048965000
v -0.319606006 0.248056993 -0.038086999
v 0.186075002 0.075554997 -0.005597000
v 0.184781998 0.064672001 -0.003288000
v 0.181764007 0.065256000 -0.020594001
v -0.070716001 -0.234624997 -0.118442997
v -0.053429998 -0.226751998 -0.117199004
v -0.054145999 -0.235444993 -0.119604997
v 0.170329005 -0.020711999 0.007727000
v 0.168412000 -0.033077002 0.001026000
v 0.175245002 -0.019907000 -0.006300000
v 0.191605002 0.116424002 0.020905999
v 0.186287999 0.110711999 0.032802001
v -0.016789000 0.292544991 -0.078680001
v -0.015249000 0.283351988 -0.082121998
v -0.027276000 0.290980995 -0.067955002
v 0.099339001 -0.066122003 -0.070107996
v 0.100442998 -0.056995999 -0.086475000
v 0.106432997 -0.057840999 -0.071382999
v -0.334401995 0.166519001 -0.064046003
v -0.342014015 0.175806999 -0.069729000
v -0.324440002 0.177120999 -0.071741000
v -0.000519000 0.176519006 0.101167999
v -0.000502000 0.163590997 0.106765002
v 0.158886999 -0.031263001 0.012443000
v -0.121808998 -0.042557999 -0.057695001
v -0.108732998 -0.037156999 -0.069743998
v -0.106577002 -0.051856998 -0.061972000
v -0.055470999 -0.166559994 -0.104355998
v -0.064181998 -0.162531003 -0.108576998
v -0.056150001 -0.153889999 -0.116466001
v 0.029753000 -0.235422999 -0.118624002
v 0.012830000 -0.235990003 -0.119250000
v 0.012384000 -0.227311999 -0.116835997
v 0.139594004 -0.069758996 -0.003060000
v 0.140055001 -0.062705003 0.003000000
v 0.084288999 0.045674998 -0.096950002
v 0.094319999 0.044048999 -0.091398999
v 0.084243000 0.034892000 -0.095799997
v -0.122226998 -0.004669000 -0.067129999
v -0.124204002 0.004943000 -0.071322002
v -0.114974000 -0.001124000 -0.076774999
v -0.122544996 -0.124746002 -0.052722000
v -0.121380001 -0.116724998 -0.059317000
v -0.118858002 -0.130373999 -0.058713999
v -0.287173986 0.205694005 -0.077157997
v -0.277143002 0.206538007 -0.077197000
v -0.275655001 0.190576002 -0.077618003
v -0.107271001 0.053024001 -0.092488997
v -0.097607002 0.043196999 -0.094207004
v -0.026501000 -0.099482998 -0.089840002
v -0.036688998 -0.103557996 -0.093672998
v -0.035076998 -0.098131999 -0.083899997
v 0.126429006 0.243140996 0.053282999
v 0.116823003 0.238833994 0.051029999
v 0.174171001 0.041338999 0.015728001
v 0.180099994 0.030138999 0.006951000
v 0.179324001 0.044978000 0.008154000
v -0.299183011 0.133597001 0.004562000
v -0.293372005 0.145806000 0.010243000
v 0.109843001 -0.181664005 0.127222002
v 0.102825001 -0.186903998 0.132641003
v 0.118317999 -0.191639006 0.121151999
v 0.053709000 -0.211970001 0.155894995
v 0.055133000 -0.196814999 0.158858001
v 0.038215999 -0.201186001 0.163553998
v 0.065425001 0.261303008 0.020169999
v 0.055629998 0.266162008 0.022577999
v 0.058329999 0.255867988 0.027625000
v 0.021020001 -0.103628002 0.161309004
v 0.012177000 -0.114180997 0.162824005
v 0.021244001 -0.120885998 0.162795007
v 0.128288001 0.160106003 0.083167002
v 0.132710993 0.149884999 0.086272001
v 0.139616996 0.158039004 0.077955000
v -0.040192999 -0.108157001 0.156373993
v -0.032954998 -0.115179002 0.158605993
v -0.030239001 -0.095852003 0.157957003
v 0.077790000 0.067933001 0.153032005
v 0.066601001 0.072254002 0.151722997
v 0.071324997 0.057999998 0.152085006
v -0.302587003 0.171177998 0.016512999
v -0.291970015 0.185661003 0.023095001
v -0.306742996 0.183511004 0.018712001
v 0.144016996 -0.190525994 0.099650003
v 0.147121996 -0.173675001 0.092972003
v -0.132874995 0.011281000 -0.065329999
v -0.134112000 0.021180000 -0.069169000
v 0.152218997 0.284184992 -0.030503999
v 0.144760996 0.288372010 -0.024145000
v -0.148065999 -0.070192002 0.006772000
v -0.150396004 -0.078128003 0.013806000
v -0.155390993 -0.069874004 0.025126001
v -0.211514995 0.222646996 0.039044999
v -0.212267995 0.207709998 0.039131001
v -0.201031998 0.209506005 0.045345999
v 0.150887996 -0.110221997 0.006843000
v 0.146041006 -0.107908003 -0.006403000
v 0.145317003 -0.094763003 0.006931000
v -0.118106999 -0.164385006 -0.091061004
v -0.107281998 -0.163482994 -0.097556002
v -0.105062000 -0.173093006 -0.089786999
v -0.072843000 0.195699006 -0.108507998
v -0.061473001 0.187283993 -0.112274997
v -0.078726999 0.181085005 -0.111859001
v -0.154407993 -0.096574001 0.064870000
v -0.160267994 -0.088775001 0.061997999
v -0.164811000 -0.097557001 0.053119998
v 0.021593001 -0.192433000 0.167374000
v 0.012652000 -0.175692007 0.169064999
v 0.004234000 -0.192646995 0.169383004
v 0.068449996 -0.047377001 -0.084345996
v 0.075120002 -0.033771999 -0.077312000
v -0.022515001 0.124349996 0.129603997
v -0.033759002 0.126142994 0.127314001
v -0.034162000 0.119148999 0.133254007
v 0.306174010 0.241901994 -0.054145001
v -0.221261993 0.128452003 -0.006774000
v -0.204317003 0.127593994 0.001902000
v -0.220880002 0.131650999 0.007947000
v -0.062387999 0.286947012 -0.015296000
v -0.054047000 0.295224994 -0.031941000
v 0.029848000 -0.093062997 0.159773007
v 0.020825000 -0.086326003 0.159937993
v 0.168589994 -0.206327006 0.073909000
v 0.175536007 -0.214975998 0.060157001
v 0.173179001 -0.197813004 0.060238000
v -0.154636994 -0.112920001 0.055335000
v -0.165081993 -0.114202000 0.044032998
v 0.271041989 0.211095005 -0.072880998
v 0.062513001 0.192407995 0.080196999
v 0.062483002 0.203795001 0.072572000
v 0.317447007 0.171389997 0.016155999
v 0.316444010 0.184568003 0.018562000
v 0.307532012 0.172659993 0.018284000
v -0.124403000 0.185926005 0.073861003
v -0.133764997 0.176615998 0.071810000
v -0.121512003 0.177520007 0.079916000
v 0.289927989 0.173482001 -0.071649998
v -0.140239000 -0.110886000 -0.035796002
v -0.140608996 -0.114327997 -0.026315000
v -0.147580996 -0.106807001 -0.030389000
v -0.146169007 -0.110743001 -0.020075001
v 0.312537998 0.235710993 -0.059381999
v 0.318259001 0.226760998 -0.065435000
v 0.060068000 0.249079004 0.040116001
v 0.052306999 0.242465004 0.042546000
v 0.061673000 0.238541007 0.051424999
v -0.031141000 0.074919000 -0.124288000
v -0.030820999 0.092022002 -0.126176998
v 0.051677998 0.280882001 -0.070514999
v 0.061758000 0.277599990 -0.066299997
v 0.224861994 0.220915005 -0.070326999
v -0.016805001 -0.069527999 0.157256007
v -0.005031000 -0.073154002 0.158265993
v -0.010987000 -0.060729001 0.156836003
v -0.190521002 0.210177004 -0.076606996
v -0.176051006 0.210033998 -0.077891000
v -0.182476997 0.100749999 0.009694000
v 0.237772003 0.189346001 0.039980002
v 0.246159002 0.182762995 0.039788000
v 0.250288993 0.196958005 0.038950000
v -0.020393001 -0.142332003 0.164812997
v -0.037195001 -0.140873000 0.161149994
v -0.029779000 -0.157578006 0.165291995
v -0.350452006 0.214862004 -0.071965002
v -0.352883011 0.228134006 -0.065236002
v -0.342691988 0.219606996 -0.070401996
v 0.095020004 0.288558990 -0.060380999
v 0.090195999 0.287642002 -0.043485999
v 0.104516998 0.278952986 -0.050032001
v 0.129776999 -0.139192000 0.101264998
v 0.139127001 -0.152241006 0.095553003
v 0.040766001 0.188310996 0.080743000
v -0.003563000 0.129705995 -0.132423997
v 0.001896000 0.138312995 -0.132880002
v 0.002046000 0.122855000 -0.133307993
v 0.276142001 0.150644004 0.018487999
v 0.266678989 0.146920994 0.018757001
v 0.278991014 0.144696996 0.015276000
v -0.156733006 0.206156999 -0.083091997
v -0.165033996 0.194968998 -0.082532004
v -0.168880001 0.207748994 -0.079342000
v -0.126376003 0.248142004 0.035340998
v -0.123667002 0.234969005 0.047205001
v -0.109980002 0.243084997 0.036300998
v 0.090705000 -0.147464007 -0.098062001
v 0.095792003 -0.152824998 -0.089873999
v 0.088467002 -0.156829998 -0.089619003
v -0.151892006 0.205689996 0.048826002
v -0.156625003 0.215845004 0.044176001
v -0.167648003 0.209279999 0.044443998
v 0.179908007 -0.206193000 0.046356998
v 0.156143993 0.218980998 -0.074743003
v 0.163809001 0.207131997 -0.075337000
v 0.152652994 0.216071993 -0.077321999
v -0.016004000 -0.056045000 -0.080044001
v -0.016121000 -0.044162001 -0.086475000
v -0.006430000 -0.047290001 -0.083057001
v 0.129741997 0.245241001 -0.071442001
v 0.118431002 0.258769006 -0.067711003
v 0.135267004 0.253439009 -0.060699001
v 0.138060004 0.125193000 -0.091945000
v 0.127222002 0.138981998 -0.098915003
v 0.142628998 0.136023998 -0.091131002
v 0.119364001 -0.209032997 0.121500000
v -0.279543012 0.123048000 -0.013173000
v 0.030987000 -0.044624001 0.156187996
v 0.040819000 -0.040070999 0.155261993
v 0.031215999 -0.034717001 0.155337006
v 0.237854004 0.146169007 -0.043505002
v 0.246408001 0.150527000 -0.050429001
v 0.241237000 0.142612994 -0.034242999
v -0.121133998 0.256368011 0.019749001
v -0.123398997 0.252673000 0.026737999
v -0.105685003 0.250411004 0.022422999
v -0.110229999 -0.224854007 -0.103449002
v -0.108152002 -0.208471999 -0.098259002
v -0.083924003 0.128864005 -0.118263997
v -0.094102003 0.126312003 -0.115812004
v -0.094241999 0.137650996 -0.116241999
v 0.111784004 0.267636001 -0.078307003
v 0.115690999 0.250694007 -0.073682003
v 0.166786999 0.094842002 -0.054299999
v 0.169125006 0.104722999 -0.053419001
v 0.175276995 0.092106000 -0.049035002
v 0.102819003 -0.171588004 -0.086843997
v 0.088716000 -0.168878004 -0.089636996
v 0.101337999 -0.159655005 -0.083276004
v 0.055670999 -0.116926998 -0.095291004
v 0.051647000 -0.124473996 -0.105178997
v 0.041570000 -0.113525003 -0.100801997
v -0.164465994 -0.163654000 -0.037749000
v -0.155819997 -0.160347000 -0.049439002
v -0.158971995 -0.176331997 -0.050276998
v 0.139846995 0.268685013 0.034031998
v 0.153417006 0.270503998 0.030474000
v 0.138917997 0.274437010 0.024910999
v -0.158553004 0.168345004 0.057284001
v -0.172661006 0.159522995 0.047192000
v 0.132843003 -0.225847006 0.109909996
v 0.139078006 -0.216894001 0.104961999
v 0.132407993 -0.217234999 0.110428996
v -0.178058997 -0.174285993 0.003202000
v -0.176554993 -0.168595001 0.012625000
v -0.175383002 -0.165298998 -0.001802000
v 0.257503003 0.182126001 -0.073276997
v 0.137496993 0.140244007 0.090310000
v 0.141176000 0.131518006 0.092546999
v 0.152960002 0.139451995 0.078850001
v -0.083875000 0.218443006 -0.098608002
v -0.092623003 0.213963002 -0.100171998
v -0.094228998 0.222817004 -0.096545003
v -0.195076004 0.136608005 -0.051534999
v -0.189691007 0.124278001 -0.041618001
v 0.105949000 -0.151014000 0.126750007
v 0.110028997 -0.134047002 0.120779999
v 0.154457003 0.260316014 0.031968001
v 0.154245004 0.250353009 0.033883002
v 0.147370994 0.264147013 0.020950001
v -0.160657004 -0.228754997 0.083040997
v -0.150723994 -0.229105994 0.093470000
v -0.150554001 -0.220469996 0.093194000
v 0.003755000 -0.158750996 0.168254003
v 0.012492000 -0.167243004 0.169078007
v 0.017395999 -0.156758994 0.168180004
v 0.100828998 0.277312994 -0.037119001
v 0.040281001 -0.050675999 0.156045005
v 0.030451000 -0.055220999 0.157105997
v -0.059103001 0.248937994 0.028935000
v -0.069475003 0.248741001 0.026218001
v 0.013138000 0.125089005 -0.129663005
v 0.013300000 0.113894001 -0.131201997
v 0.063317999 0.169166997 0.095328003
v 0.052776001 0.161327004 0.101190001
v 0.063853003 0.157550007 0.104786001
v 0.324344009 0.137280002 0.003483000
v 0.064116001 0.144934997 0.114446998
v 0.053110000 0.149005994 0.110689998
v 0.053727999 0.137063995 0.119854003
v 0.174676001 -0.208423004 -0.029095000
v 0.178016007 -0.215973005 -0.022295000
v 0.173452005 -0.224744007 -0.034644000
v 0.137913004 0.280916989 0.011814000
v 0.129372999 0.270844012 0.020928999
v -0.180170000 0.068870001 0.007254000
v -0.175193995 0.062775001 0.016319999
v -0.177738994 0.076678000 0.014449000
v 0.157230005 0.201551005 -0.079193003
v 0.029665001 -0.075728998 0.158675998
v -0.153859004 0.271434993 -0.046599001
v -0.154446006 0.261474997 -0.046004001
v -0.155037001 0.264295012 -0.059625998
v 0.314758986 0.210863993 -0.071653001
v 0.322706997 0.200923994 -0.075315997
v 0.304919988 0.201888993 -0.073287003
v 0.015891001 0.209601998 -0.103220001
v 0.010802000 0.221728995 -0.103914998
v 0.021469999 0.220818996 -0.097632997
v -0.341605008 0.196029007 0.014747000
v -0.334814996 0.179656997 0.012675000
v 0.213689998 0.265386999 -0.033411998
v 0.205146000 0.265709013 -0.041644000
v 0.205753997 0.265094995 -0.028082000
v 0.192545995 0.107943997 0.013970000
v -0.261583000 0.244091004 -0.055190001
v -0.263357997 0.250275999 -0.045139000
v -0.248615995 0.247880995 -0.052577998
v 0.145276994 0.271602988 -0.026077000
v 0.154635996 0.267392009 -0.029727001
v 0.149708003 0.263148010 -0.040587999
v 0.116443001 0.053743999 0.135313004
v 0.117958002 0.069477998 0.134232998
v 0.108732000 0.067824997 0.139539003
v -0.152980000 -0.085403003 -0.018239001
v -0.154642001 -0.077549003 -0.024953000
v -0.154733002 -0.093147002 -0.030911000
v 0.104757003 0.042287000 -0.086684003
v 0.115647003 0.040718000 -0.082932003
v 0.107128002 0.026546000 -0.089703001
v -0.028194999 0.009362000 -0.106941000
v -0.017739000 0.004775000 -0.106338002
v 0.152502000 0.081372999 0.092327997
v 0.160101995 0.084841996 0.080587000
v 0.151310995 0.096102998 0.088515997
v -0.307913989 0.157259002 0.011178000
v -0.317829013 0.156021997 0.009038000
v 0.118123002 0.099996001 0.127463996
v 0.121331997 0.107592002 0.120447002
v 0.107955001 0.112868004 0.126679003
v -0.039905999 0.116251998 -0.119387999
v -0.041278999 0.099411003 -0.122939996
v -0.051215000 0.115595996 -0.120068997
v 0.045347001 0.098314002 0.144075006
v 0.034283999 0.095720999 0.145266995
v 0.050531998 0.084178001 0.149021998
v 0.161176994 -0.190087005 -0.052767001
v 0.165132999 -0.183474004 -0.044746999
v 0.165931001 -0.195476994 -0.044121999
v 0.175411999 0.142042994 -0.067276001
v 0.167585999 0.155734003 -0.072122000
v 0.182909995 0.150466993 -0.061889999
v -0.274349988 0.138511002 0.010105000
v -0.264679998 0.135450006 0.008968000
v -0.261305004 0.146099001 0.015347000
v 0.231708005 0.137235999 -0.023884000
v 0.226273000 0.141438007 -0.036846001
v 0.024025001 -0.010632000 -0.097498998
v 0.013490000 -0.016395999 -0.096418999
v 0.013811000 0.001928000 -0.104323998
v 0.122442000 -0.039060000 -0.071119003
v 0.123115003 -0.030334000 -0.079755001
v 0.133855000 -0.024269000 -0.067987002
v -0.202475995 0.265022993 -0.019625001
v -0.219780996 0.262549013 -0.011282000
v 0.169086993 -0.156950995 0.044739999
v 0.163935006 -0.156756997 0.059099998
v 0.171384007 -0.172946006 0.053180002
v 0.147480994 -0.051335000 -0.033429001
v 0.158039004 -0.065058000 -0.035625000
v 0.143270001 -0.062610000 -0.039526999
v -0.182215005 0.158510000 0.038931001
v -0.171641007 0.148995996 0.047828998
v 0.036307000 -0.099334002 -0.109095000
v 0.029028000 -0.091040000 -0.112648003
v 0.183634996 -0.206305996 0.024838001
v 0.187153995 -0.222626999 0.032690000
v 0.185440004 -0.223131999 0.018022999
v -0.038864002 -0.162483007 -0.108089000
v -0.047444001 -0.158258006 -0.112432003
v -0.039193001 -0.149083003 -0.119384997
v 0.130379006 -0.166439995 -0.070845999
v 0.124394000 -0.172612995 -0.077385999
v 0.114431001 -0.162845999 -0.077639997
v -0.153797001 0.263736993 0.014286000
v 0.011292000 0.123672999 0.132523999
v 0.011512000 0.115571000 0.136746004
v 0.022048000 0.125360996 0.130015001
v 0.152737007 0.138242006 -0.085372999
v 0.147092998 0.146865994 -0.090180002
v 0.162086993 0.144008994 -0.080003999
v 0.106481001 -0.063352004 0.126562998
v 0.073954001 0.172959998 0.097359002
v 0.084903002 0.176221997 0.098402001
v 0.073081002 0.185028002 0.090729997
v 0.108546004 0.028384000 0.136841998
v 0.098435000 0.017782001 0.140935004
v 0.111722998 0.013304000 0.133426994
v -0.196419999 0.265536010 -0.002819000
v -0.203504995 0.259575993 0.003715000
v -0.190615997 0.266858011 0.004776000
v -0.149154007 0.026097000 0.060345002
v -0.144535005 0.016357999 0.068994001
v -0.142729998 0.021927999 0.076582998
v -0.017542999 -0.011458000 0.152792007
v -0.007960000 0.003131000 0.152392000
v -0.017925000 0.006869000 0.151893005
v 0.030027000 -0.110358000 0.160697997
v 0.038961001 -0.117096998 0.159430996
v 0.038787000 -0.099816002 0.158793002
v -0.080224000 -0.148975000 -0.110490002
v -0.076095998 -0.136400998 -0.111689001
v -0.070336998 -0.146616995 -0.115736000
v 0.096014000 -0.026622999 0.137792006
v 0.088930003 -0.020670000 0.142368004
v 0.088487998 -0.032962002 0.142065004
v 0.284505993 0.126305997 -0.011050000
v -0.062369999 0.123524003 -0.120121002
v -0.053785998 0.132495999 -0.118193999
v 0.012469000 -0.131312996 0.165216997
v 0.115699001 0.179873005 -0.102233998
v 0.121679999 0.191616997 -0.098553002
v 0.130153999 0.179132000 -0.097321004
v 0.184237003 0.075730003 -0.023057001
v 0.146180004 -0.045635000 0.009506000
v 0.112594999 0.216071993 0.070300996
v 0.098306000 0.209872007 0.063083999
v 0.099893004 0.203457996 0.071448997
v 0.083679996 0.208538994 0.073298998
v -0.152649999 0.014647000 0.045253001
v -0.156521007 0.006687000 0.030530000
v -0.149472997 0.003066000 0.046482999
v 0.067270003 0.141953006 -0.118477002
v 0.078198001 0.151541993 -0.116067000
v 0.075924002 0.135591999 -0.117608003
v 0.134266004 -0.008893000 0.111584999
v 0.136903003 -0.020798000 0.108277000
v 0.137758002 -0.009466000 0.101668000
v -0.175652996 -0.134974003 0.000631000
v -0.174903005 -0.125355005 0.003550000
v -0.172976002 -0.137899995 -0.011114000
v -0.121482000 0.205469996 0.066583000
v -0.130153000 0.211922005 0.064482003
v -0.130963996 0.195421994 0.065770999
v -0.156911999 0.278591007 -0.025418000
v -0.171606004 0.268552005 -0.018567000
v -0.159471005 0.278995991 -0.013016000
v -0.317387015 0.113137998 -0.017901000
v -0.322268009 0.123637997 -0.029744999
v -0.313751012 0.127078995 -0.031557001
v -0.091040000 -0.002849000 -0.087788001
v -0.095371000 -0.016899001 -0.083168998
v -0.103427000 -0.002191000 -0.083162002
v 0.148283005 -0.021870000 0.031822000
v 0.147955999 -0.031183001 0.024358001
v -0.030214000 0.239177004 0.048588000
v -0.023406001 0.253825992 0.051093001
v 0.008417000 0.250804007 0.058263000
v -0.001356000 0.252379000 0.062192999
v 0.004065000 0.235239998 0.070136003
v 0.056118999 0.085570998 0.148640007
v -0.120370001 -0.033718001 0.116104998
v -0.114243999 -0.042663001 0.120439000
v -0.110746004 -0.025255000 0.125233993
v -0.091412999 0.259914994 -0.077454001
v -0.083431996 0.275902987 -0.070024997
v -0.076866001 0.262286991 -0.083902001
v 0.047708001 -0.134176999 0.159042999
v 0.030383000 -0.127527997 0.162293002
v 0.039430000 -0.144520000 0.163358003
v -0.270815998 0.149719998 0.015346000
v -0.135594994 0.086323999 -0.084435999
v -0.143270001 0.087580003 -0.077788003
v -0.137077004 0.097767003 -0.088719003
v 0.117335998 -0.094476998 -0.073444001
v 0.122010000 -0.103281997 -0.079801001
v 0.110101998 -0.100873001 -0.081251003
v -0.151411995 0.224040002 -0.077091999
v -0.167515993 0.216646001 -0.076655000
v 0.030053999 -0.065479003 0.157907993
v 0.020640999 -0.069020003 0.158530995
v -0.155763000 0.047081001 0.054662000
v -0.152305007 0.039430998 0.059220999
v -0.136497006 0.266048014 -0.036872000
v -0.139406994 0.271726012 -0.039269999
v -0.136436000 0.261873007 -0.046484999
v -0.122211002 0.277734995 -0.036571998
v -0.129274994 0.282112986 -0.020072000
v -0.182954997 -0.203786999 0.004063000
v -0.181513995 -0.194451004 -0.006153000
v -0.103332996 0.139238998 -0.113944001
v -0.112043999 0.129595995 -0.110264003
v -0.098150000 0.273694992 -0.038667999
v -0.095682003 0.288129985 -0.039338000
v 0.062740996 0.183726996 0.085956000
v 0.072562002 0.193880007 0.085391998
v 0.056717999 -0.151152998 0.158236995
v 0.043965001 -0.153040007 0.162634000
v 0.059953000 -0.161517993 0.158133999
v -0.077518001 -0.153375000 0.144942001
v -0.073623002 -0.163656995 0.148572996
v 0.152594000 0.272336990 -0.017580001
v 0.171175003 0.169815004 0.053187001
v 0.176429003 0.154623002 0.051029000
v 0.184279993 0.170257002 0.045793999
v -0.115897000 0.237323999 0.050266001
v -0.109903000 0.238508999 0.059445001
v -0.107309997 0.246397004 0.047277998
v 0.007935000 0.234703004 0.067451000
v 0.179453999 0.079536997 -0.042629998
v 0.173186004 0.082151003 -0.050386999
v 0.157196999 -0.173260003 0.079810999
v 0.154991001 -0.190011993 0.086924002
v 0.022195000 0.226374999 0.059937000
v 0.019823000 0.236074999 0.056005999
v 0.012809000 0.240502000 0.060242001
v -0.173304006 0.131493002 0.045258999
v -0.170650005 0.122374997 0.048914000
v -0.166622996 0.129864007 0.055658001
v 0.294905007 0.192989007 -0.074173003
v 0.279457003 0.194037005 -0.073939003
v 0.294108003 0.205901995 -0.073684998
v -0.012931000 0.227163002 0.076932997
v 0.046204001 0.054138999 -0.114276998
v 0.054235000 0.061997999 -0.114390999
v 0.056341998 0.051612001 -0.111703001
v -0.070653997 -0.217884004 -0.112503000
v 0.180584997 -0.207268000 -0.009384000
v 0.181245998 -0.198668003 0.003839000
v 0.183029994 -0.215023994 0.004362000
v 0.126557007 0.199003994 0.074671999
v 0.118444003 0.194619000 0.081463002
v 0.123857997 0.184264004 0.080182001
v -0.138239995 0.254442990 -0.062503003
v -0.136289001 0.240762994 -0.071028002
v -0.142877996 0.167274997 0.069293000
v -0.136140004 0.153521001 0.079626001
v -0.126992002 0.166354001 0.080939002
v -0.143941000 0.153924003 0.073505998
v -0.145520002 0.137627006 0.079025000
v -0.138850003 0.258895010 0.038561001
v 0.127849996 -0.034947000 -0.043908000
v 0.134028003 -0.024186000 -0.049805000
v 0.134806007 -0.023418000 -0.042176999
v -0.104434997 -0.091407001 -0.079842001
v -0.116276003 -0.091136999 -0.079604998
v -0.334434986 0.215292007 0.014969000
v 0.294815987 0.149222001 -0.042286001
v 0.305132985 0.149362996 -0.041060001
v -0.280768007 0.200599000 0.026954001
v -0.295691013 0.198329002 0.023313001
v 0.165730998 0.034448002 -0.046611000
v 0.170837000 0.044656001 -0.041044001
v 0.167264000 0.035727002 -0.029097000
v -0.106682003 -0.191093996 -0.094080001
v -0.101829998 -0.204160005 -0.099666998
v 0.083915003 0.105641000 -0.113673002
v 0.073417000 0.096460998 -0.115833998
v 0.068870001 0.106959999 -0.118858002
v -0.266945988 0.126882002 -0.002550000
v -0.257218987 0.127129003 -0.006052000
v -0.254965007 0.132745996 0.007354000
v -0.143821999 0.272711992 -0.011982000
v -0.026345000 0.257602990 -0.084705003
v -0.025199000 0.248090997 -0.088160999
v -0.168319002 -0.157883003 -0.029327000
v -0.277265012 0.212564006 0.024262000
v -0.251843989 0.247434005 0.012348000
v -0.243593007 0.252355993 -0.001373000
v -0.259575009 0.252317011 0.002020000
v -0.100119002 0.178726003 0.095884003
v -0.100914001 0.165764004 0.101204000
v -0.089873999 0.177104995 0.099113002
v 0.082546003 0.195926994 0.082507998
v -0.156101003 -0.012839000 0.016852999
v -0.149042994 -0.016204000 0.032844000
v -0.152539000 -0.004716000 0.031548001
v 0.055016000 0.227770999 -0.099930003
v 0.062302001 0.236321002 -0.098941997
v 0.066740997 0.226777002 -0.102080002
v 0.155471995 0.187509999 0.056518000
v 0.165781006 0.193194002 0.051419999
v 0.151080996 0.206047997 0.051704001
v -0.087125003 0.291386008 -0.031158000
v -0.077120997 0.291640013 -0.027594000
v -0.081082001 0.292863995 -0.040405001
v -0.120670997 -0.216654003 -0.094199002
v -0.238455996 0.129868001 0.000078000
v 0.135847002 0.287629008 -0.018116999
v 0.145577997 0.287631005 -0.008236000
v -0.206477001 0.153111994 0.033238001
v -0.200764999 0.143204004 0.026639000
v -0.198557004 0.153874993 0.035574000
v -0.174145997 0.189191997 0.046395000
v 0.003587000 0.259811014 0.055635002
v -0.161824003 -0.060260002 0.050147999
v -0.160929993 -0.054878999 0.061510999
v -0.154480994 -0.049539000 0.045848001
v 0.021630000 0.061230000 0.151915997
v 0.011459000 0.057337001 0.151912004
v 0.021643000 0.043471999 0.151840001
v -0.283892006 0.142105997 0.010343000
v -0.248059005 0.175528005 0.032198001
v -0.252146006 0.189234003 0.032313999
v -0.260311007 0.174089998 0.029294999
v 0.317923009 0.158043995 0.012135000
v 0.306234986 0.157431006 0.014918000
v 0.003236000 -0.038621001 -0.086139001
v -0.006437000 -0.041402999 -0.086363003
v -0.006670000 -0.026843000 -0.094365999
v 0.054012999 0.052806001 0.151890993
v 0.060276002 0.062518999 0.151907995
v 0.044075001 0.066616997 0.151857004
v 0.124279998 0.216126993 0.069962002
v -0.104858004 -0.034299001 0.129803002
v 0.119341001 -0.115601003 -0.072904997
v 0.123254001 -0.119323000 -0.058766998
v 0.123184003 -0.129414007 -0.075304002
v -0.084105998 0.203700006 -0.103615999
v -0.072531998 0.210740000 -0.104365997
v 0.181707993 -0.223555997 -0.008790000
v 0.060185000 0.276163995 0.012515000
v 0.066081002 0.268563986 0.012195000
v 0.065729998 0.276214004 0.004709000
v 0.081035003 0.235914007 0.044061001
v 0.082377002 0.227119997 0.054118000
v 0.088330999 0.226042002 0.047548998
v 0.235524997 0.247161999 -0.057335999
v 0.244158998 0.249835998 -0.052042998
v 0.161215007 0.022708001 -0.040327001
v 0.159243003 0.026975000 -0.056896001
v 0.159951001 0.011131000 -0.021869000
v 0.169076994 0.008770000 -0.013410000
v 0.159236997 -0.002198000 -0.018866001
v -0.077744998 0.284702003 -0.055767000
v -0.097415000 0.204191998 0.084158003
v -0.100477003 0.213652000 0.078304999
v -0.106376000 0.201692998 0.080219999
v -0.035700001 -0.215311006 0.159799993
v -0.026195001 -0.210667998 0.162756994
v -0.043439001 -0.202554002 0.160961002
v 0.104679003 0.283244014 -0.068286002
v 0.076709002 -0.171813995 0.149644002
v 0.089230999 -0.171745002 0.141613007
v -0.170989007 0.199451998 0.046544999
v -0.186355993 0.204668999 0.049926002
v 0.156440005 0.010164000 0.039494000
v 0.146700993 0.006060000 0.054145001
v -0.141883001 0.165251002 -0.097713999
v -0.130116001 0.163605005 -0.105379000
v -0.137944996 0.155624002 -0.096252002
v 0.208268002 0.245488003 0.027434001
v 0.200462997 0.236634001 0.041464999
v -0.040224001 0.290241003 -0.054630999
v -0.048811998 0.287977010 -0.062513001
v -0.043338001 0.291633010 -0.050315000
v -0.020377001 -0.209931001 -0.112356000
v -0.021252001 -0.199837998 -0.108557001
v -0.004679000 -0.200793996 -0.109412998
v 0.132818997 0.102955997 -0.088834003
v 0.009256000 0.276185006 -0.094927996
v 0.008044000 0.287454993 -0.099606000
v 0.141185001 -0.028980000 0.076413997
v 0.139537007 -0.019811001 0.083841003
v -0.123942003 0.068640001 0.124527998
v -0.115088001 0.082203001 0.130254000
v -0.124738000 0.083761998 0.121528998
v -0.018904001 0.050997000 -0.118856996
v -0.008592000 0.061172001 -0.121990003
v -0.008006000 0.045414001 -0.117523000
v -0.091072001 -0.200893998 -0.103179000
v -0.264533997 0.187508002 0.030616000
v -0.356505007 0.247253999 -0.019173000
v -0.347351998 0.248597994 -0.028339000
v 0.023924001 0.261460990 -0.083393000
v 0.032832999 0.267894000 -0.077400997
v 0.130908996 0.228364006 0.059294000
v -0.113027997 0.271136999 -0.034738999
v -0.097542003 0.273842007 -0.030764000
v -0.099201001 0.191710994 0.090584002
v -0.137471005 -0.075332999 -0.060929999
v -0.144200996 -0.085089996 -0.062941998
v -0.149020001 -0.071705997 -0.055583999
v -0.105380997 -0.123609997 -0.078410998
v -0.105898000 -0.111495003 -0.092101000
v -0.098388001 -0.127244994 -0.087894998
v -0.099558003 0.064033002 -0.100743003
v -0.090745002 0.063862003 -0.105058998
v -0.098522000 0.054439001 -0.097912997
v -0.053567000 -0.139434993 0.155690998
v -0.057824999 -0.129198998 0.152288005
v -0.069894999 -0.136157006 0.147389993
v -0.273443013 0.223133996 0.018090000
v -0.259948999 0.216086000 0.021714000
v -0.151011005 -0.046579000 0.002097000
v -0.159125000 -0.041901000 -0.006375000
v -0.151190996 -0.058143999 -0.005318000
v -0.144434005 -0.161553994 0.089100003
v -0.141890004 -0.178230003 0.095835000
v -0.134903997 -0.161735997 0.098503999
v -0.324185014 0.222384006 -0.069348998
v -0.137732998 0.245033994 0.048827000
v -0.135708004 0.190833002 0.064808004
v -0.146917999 0.184065998 0.060610998
v -0.127446994 -0.060355999 -0.048767999
v -0.145179003 -0.056673001 -0.044858001
v -0.131704003 -0.043170001 -0.049732000
v 0.047515001 -0.131833002 -0.115110002
v 0.039540999 -0.140764996 -0.119331002
v 0.030912001 -0.138936996 -0.121541999
v 0.162227005 0.170890003 -0.078001998
v 0.168582007 0.181352004 -0.075609997
v 0.178966999 0.169471994 -0.068876997
v -0.172478005 0.188227996 -0.080246001
v -0.046881001 0.008585000 0.149869993
v -0.333260000 0.243224993 -0.048982002
v -0.326916009 0.236093998 -0.058880001
v -0.176308006 0.109889999 0.035613000
v -0.181332007 0.114014000 0.025721001
v -0.176008001 0.103329003 0.027098000
v -0.022956001 0.152633995 0.113257997
v 0.185304001 0.088912003 -0.031328999
v 0.187792003 0.100449003 -0.029719001
v 0.187735006 0.086337999 -0.016818000
v 0.145930007 0.015336000 0.061666001
v 0.155421004 0.019502001 0.046904001
v 0.002003000 -0.000598000 0.152797997
v -0.007658000 -0.015191000 0.153400004
v -0.070626996 -0.200645998 -0.107046001
v -0.053867999 -0.209800005 -0.111326002
v -0.299140990 0.224794999 -0.069343999
v -0.299151987 0.233899996 -0.062169999
v -0.284967989 0.230937004 -0.065798998
v 0.141182005 0.164674997 -0.095110998
v 0.144930005 0.178628996 -0.093686000
v 0.154843003 0.174738005 -0.087384000
v -0.006110000 -0.062790997 -0.076176003
v 0.003243000 -0.050528001 -0.079731002
v 0.003606000 -0.063438997 -0.075715996
v -0.320280999 0.194784999 0.017042000
v -0.310624987 0.196115002 0.019657999
v -0.134344995 0.075507998 -0.081201002
v -0.142308995 0.076260000 -0.074428998
v -0.037222002 -0.208388001 -0.111716002
v -0.037749998 -0.198118001 -0.108190998
v 0.078607000 0.225465000 -0.102976002
v 0.082359001 0.234642997 -0.100117996
v 0.095495999 0.230986997 -0.101667002
v 0.313297004 0.252658010 -0.024209000
v 0.323888987 0.250694007 -0.034000002
v -0.136250004 0.124618001 -0.094258003
v 0.162182003 0.207405001 0.050193001
v 0.159936994 0.216201007 0.049991999
v -0.206909001 0.140928000 -0.047263999
v 0.038639002 -0.082488000 0.158147007
v -0.072205000 0.057121001 0.149637997
v -0.064851001 0.047502000 0.149517998
v -0.060288999 0.061701000 0.152524993
v 0.078216001 0.216604993 0.068690002
v 0.072631001 0.213747993 0.071845002
v 0.159576997 -0.081657000 0.060398001
v 0.157214001 -0.073267996 0.066198997
v 0.156163007 -0.090480000 0.072803997
v 0.000885000 0.088302001 0.148356006
v 0.017286999 0.084187001 0.149334997
v 0.011875000 0.099101998 0.144189000
v 0.068255000 -0.040034000 0.150251999
v 0.077684000 -0.035636000 0.147140995
v 0.068921998 -0.029422000 0.149991006
v 0.299681008 0.136581004 -0.027066000
v 0.310353011 0.128003001 -0.028060000
v 0.301705986 0.127796993 -0.021950999
v 0.164076999 0.261052012 0.022717001
v 0.166755006 0.256455004 0.030618999
v 0.170555994 0.265291005 0.018770000
v -0.304830015 0.243894994 -0.004366000
v -0.308791995 0.246720001 -0.014428000
v -0.306333989 0.156691000 -0.057073999
v -0.308640003 0.150133997 -0.049869001
v -0.318843007 0.150240004 -0.050742999
v 0.119615003 0.214851007 -0.092280999
v 0.112135999 0.209821999 -0.097575001
v 0.105901003 0.218911007 -0.095807001
v -0.086405002 0.210752994 0.074295998
v -0.082469001 0.208531007 0.065034002
v -0.086024001 0.220353007 0.065283000
v -0.001968000 0.267614990 0.051196001
v -0.007019000 0.260039985 0.056545001
v 0.130970001 -0.124283001 0.095005997
v 0.141631007 -0.132514000 0.083159998
v 0.140274003 -0.115613997 0.083333999
v 0.125551999 0.267625004 -0.058409002
v 0.270493001 0.188562006 0.033992998
v 0.253859013 0.176734000 0.035574999
v 0.272291005 0.178753003 0.028363001
v -0.140875995 0.017910000 -0.058772001
v -0.139445007 -0.128583997 0.084753998
v -0.145466998 -0.129029006 0.072641000
v -0.146935999 -0.144906998 0.081703998
v -0.087200001 0.251789004 -0.081652001
v -0.098550998 0.245930001 -0.089129999
v -0.044851001 0.151796997 0.107017003
v -0.056577001 0.153121993 0.105521001
v -0.056790002 0.141528994 0.114860997
v -0.157394007 -0.194489002 0.081944004
v -0.159153998 -0.211652994 0.082630999
v -0.149600998 -0.203217998 0.093126997
v -0.172893003 -0.151449993 0.006917000
v -0.175574005 -0.144639999 -0.002063000
v -0.175399005 -0.155796006 -0.006899000
v -0.288513988 0.166742995 -0.069454998
v -0.109277003 0.271178991 -0.027628001
v -0.096083000 0.269919008 -0.015535000
v -0.050843000 0.260131001 0.025288001
v -0.042700998 0.262842000 0.031633001
v -0.037756000 0.270388007 -0.079044998
v -0.033420999 0.282579005 -0.075912997
v -0.027371000 0.267003000 -0.080894001
v 0.108915001 0.242239997 0.031628001
v 0.096354999 0.248583004 0.023080001
v 0.209162995 0.172683001 0.043377001
v 0.217287004 0.177542001 0.042018998
v -0.102638997 0.168393001 -0.113532998
v -0.111161001 0.175238997 -0.111877002
v -0.102045998 0.185856998 -0.110954002
v -0.007388000 -0.033567999 0.154712006
v -0.017184000 -0.029851001 0.153979003
v -0.007259000 -0.042761002 0.155452996
v -0.100437000 -0.016749000 0.133431002
v -0.093479998 -0.010443000 0.137468994
v -0.102476001 0.000346000 0.132606000
v 0.157769993 0.232380003 0.049175002
v 0.167943999 0.227681994 0.049417999
v 0.162474006 0.244582996 0.047107000
v -0.184683993 0.148111001 0.034998000
v -0.177324995 0.143836007 0.041494001
v 0.078675002 0.295293003 -0.042454999
v 0.078360997 0.290502995 -0.028881000
v -0.066019997 -0.123685002 -0.114427999
v -0.067279004 -0.134225994 -0.116244003
v -0.075714000 -0.125743002 -0.111864999
v 0.183861002 0.208995000 -0.071760997
v 0.143683001 -0.090561002 0.087319002
v 0.140945002 -0.073794000 0.095091999
v 0.133030996 -0.090403996 0.097287998
v -0.115552999 -0.229852006 0.117834002
v -0.101550996 -0.221061006 0.127303004
v -0.116558999 -0.212533996 0.118841998
v 0.224904999 0.141715005 0.023100000
v 0.242537007 0.137937993 0.016402001
v 0.236915007 0.152385995 0.027996000
v -0.086001001 0.142362997 0.117282003
v -0.091540001 0.150261998 0.112109996
v -0.101373002 0.137073994 0.110551000
v -0.023262000 -0.123264998 -0.121926002
v -0.031482998 -0.136271998 -0.123457000
v -0.040477000 -0.127753004 -0.120958000
v 0.108635001 -0.057455000 -0.061864000
v 0.117036000 -0.046797998 -0.060540002
v 0.118694000 -0.046450000 -0.053072002
v 0.125707999 -0.036302000 -0.059096001
v -0.174630001 -0.162738994 0.021792000
v -0.169839993 -0.154338002 0.032292001
v -0.168687999 -0.147000998 0.020156000
v -0.085679002 0.229890004 0.056132000
v -0.083415002 0.229430005 0.042071000
v -0.087805003 0.239387006 0.052861001
v -0.143148005 0.231347993 0.042362001
v -0.160711005 0.226348996 0.039985001
v 0.107569002 0.233267993 -0.089020997
v -0.095726997 0.287445009 -0.035565000
v 0.064838000 -0.066666000 -0.101731002
v 0.054632999 -0.069305003 -0.103393003
v 0.057943001 -0.056302000 -0.090921998
v 0.146198004 0.040743001 0.079090998
v 0.144122005 0.051932000 0.091577001
v 0.139304996 0.037183002 0.090194002
v -0.039274000 -0.111359999 -0.106899999
v -0.028710000 -0.106179997 -0.101277001
v -0.031576999 -0.116471998 -0.115386002
v 0.045391999 -0.199901000 -0.106977999
v 0.037030999 -0.208894998 -0.110637002
v 0.037037000 -0.194495007 -0.105276003
v -0.249353006 0.229753003 0.018712999
v -0.244360000 0.243924007 0.018460000
v -0.257005990 0.234460995 0.014995000
v 0.304904997 0.120935000 -0.014731000
v 0.291788995 0.130603999 -0.019910000
v 0.113752998 -0.016112000 0.128244996
v 0.119203001 -0.007927000 0.126025006
v 0.122492000 -0.090351000 0.107317999
v -0.018998001 0.043079000 0.151621997
v -0.025908999 0.052664999 0.151760995
v -0.028994000 0.037861001 0.151369005
v -0.147514001 -0.010585000 0.080693997
v -0.143753007 0.006391000 0.078498997
v -0.147946998 -0.011565000 0.072958998
v -0.140551001 0.018609000 0.087526001
v -0.140152007 0.034201998 0.085776001
v -0.187439993 0.107267998 -0.018870000
v -0.186891004 0.093304001 -0.017242000
v -0.187901005 0.099524997 -0.008421000
v 0.012231000 -0.157855004 -0.109966002
v 0.183520004 -0.206526995 0.017449999
v 0.179133996 0.134271994 -0.062396001
v 0.150913000 0.020117000 -0.066206001
v 0.140324995 0.029858001 -0.075360000
v 0.150999993 0.036302999 -0.068443999
v 0.014878000 -0.090935998 -0.110310003
v 0.005342000 -0.098699003 -0.113061003
v 0.008024000 -0.089119002 -0.101085998
v 0.167265996 0.183372006 0.052678999
v 0.178541005 0.190053001 0.048760999
v -0.016896000 0.116343997 0.136299998
v -0.011059000 0.107234001 0.140993997
v 0.000461000 0.121266000 0.133928001
v 0.165123001 -0.189466000 0.073403999
v -0.263195992 0.191147998 -0.078400999
v -0.267172992 0.207519993 -0.077950001
v -0.155700997 -0.045940999 -0.042100001
v -0.143606007 -0.044647999 -0.045589000
v -0.053435002 -0.080135003 0.151498005
v -0.045924999 -0.071189001 0.153275996
v -0.059259001 -0.067760997 0.149459004
v 0.127564996 0.123080000 -0.096998997
v -0.136133999 -0.108602002 -0.052150998
v -0.133136004 -0.115484998 -0.041016001
v -0.143209994 -0.103836000 -0.046776000
v -0.076967999 -0.098512001 -0.083554998
v -0.072108999 -0.102332003 -0.091591999
v -0.083297998 -0.100698002 -0.090774998
v -0.113557003 -0.129632995 -0.062307999
v 0.164575994 -0.173096001 0.067106001
v -0.050443999 -0.211623996 0.157628998
v -0.144932002 -0.095636003 -0.057200000
v -0.153723001 -0.082555003 -0.053969000
v 0.327174991 0.203620002 0.018407000
v 0.334966004 0.194947004 0.016736001
v 0.337482989 0.209563002 0.017433001
v -0.084356003 0.189044997 -0.108874999
v 0.107257999 -0.200635001 0.129405007
v 0.140368000 -0.227661997 -0.081260003
v 0.146375000 -0.221303999 -0.074309997
v 0.153398007 -0.226804003 -0.066951998
v 0.109897003 0.190187007 0.087739997
v 0.274628013 0.226194993 -0.067495003
v 0.283288985 0.209766001 -0.072811000
v -0.289113998 0.125735998 -0.002580000
v -0.278091013 0.126598999 -0.002819000
v -0.280360997 0.134194002 0.006561000
v 0.191716999 0.128900006 -0.035560999
v -0.098701000 0.255508989 0.043883000
v -0.103327997 0.253834009 0.033234000
v 0.289862990 0.167466998 0.019864000
v 0.294010997 0.180629998 0.020979000
v 0.276849002 0.175125003 0.024993001
v -0.083329998 0.272114992 0.013887000
v -0.085814998 0.266880006 0.024563000
v -0.079599999 0.262650996 0.013315000
v 0.302336991 0.253284007 -0.020098001
v 0.137835994 -0.163932994 0.100511000
v 0.012786000 -0.148331001 0.167223006
v 0.003537000 -0.141597003 0.167776003
v 0.132218003 -0.036843002 0.111870997
v 0.123654000 -0.040730000 0.117366001
v 0.133727998 -0.044829998 0.109151997
v 0.164827004 0.084927000 -0.055741001
v 0.011538000 0.170150995 -0.122739002
v 0.001517000 0.168876007 -0.129616007
v -0.275034994 0.214416996 -0.075162999
v -0.258432001 0.223572999 -0.072177000
v 0.086367004 0.292333990 -0.051887002
v 0.120897003 0.023850000 0.127838999
v 0.121362001 0.039783001 0.127511993
v 0.114050001 0.037962001 0.134238005
v -0.083123997 -0.136684000 0.138846993
v -0.073845997 -0.125939995 0.143858001
v -0.088563003 -0.124453999 0.135624006
v 0.217604995 0.152539998 -0.055764001
v 0.215938002 0.165121004 -0.064471997
v 0.225958005 0.158464000 -0.061728001
v -0.016834000 -0.013979000 -0.100279003
v -0.016678000 -0.031936999 -0.092973001
v 0.212427005 0.155248001 0.036423001
v -0.051307999 -0.084619999 -0.072678998
v -0.042592000 -0.079709999 -0.073499002
v -0.047674000 -0.094727002 -0.076410003
v -0.162421003 -0.203850001 -0.050639998
v -0.154365003 -0.209779993 -0.062918000
v -0.165286005 -0.217280000 -0.051709998
v -0.099459998 0.263285995 -0.000903000
v 0.090010002 -0.180473998 -0.094724000
v 0.105668001 -0.187803999 -0.091715999
v 0.092708997 -0.196326002 -0.100169003
v 0.190755993 0.179325998 0.041947000
v 0.325776011 0.189674005 0.017910000
v 0.315095991 0.197889999 0.018851001
v 0.109063998 0.052324001 -0.085014001
v 0.099333003 0.053892002 -0.091030002
v -0.068557002 0.186846003 0.076210000
v -0.062293999 0.179085001 0.083835997
v 0.126444995 0.273324013 -0.010651000
v 0.123056002 0.273113996 -0.021369001
v 0.113495000 0.273023009 -0.011912000
v 0.002691000 0.288087010 -0.104602002
v 0.002148000 0.277817994 -0.107520998
v -0.330763012 0.187641993 -0.074676000
v 0.042714000 0.293408006 -0.051272999
v 0.038174000 0.291693002 -0.055744000
v 0.322681993 0.246435001 -0.044881999
v -0.173190996 0.085496001 -0.042573001
v -0.119768001 -0.141277999 0.111833997
v -0.121896997 -0.151666000 0.109219000
v -0.110402003 -0.149647996 0.118881002
v -0.158355996 -0.080243997 0.067941003
v 0.319198012 0.212812006 0.018658999
v 0.330181003 0.218801007 0.017475000
v -0.122038998 -0.153595999 -0.076811999
v -0.128527999 -0.163295999 -0.081860997
v -0.134341002 -0.155031994 -0.068856001
v 0.294164002 0.131466001 0.004184000
v -0.053041998 0.051980998 0.151574001
v -0.045122001 0.042022999 0.151072994
v -0.043019999 0.057117000 0.151741996
v 0.166589007 -0.106638998 0.046817999
v -0.046891000 -0.106808998 -0.098072000
v -0.234371006 0.128521994 -0.008253000
v -0.247517005 0.128068998 -0.009640000
v 0.327196985 0.170258000 0.013440000
v 0.331194013 0.182475001 0.015487000
v 0.072802000 0.244973004 0.045775998
v 0.075603001 0.235912994 0.052969001
v -0.054062001 0.036433998 0.149809003
v 0.100566998 -0.218171999 0.131922007
v 0.093592003 -0.226991996 0.134613007
v -0.329014987 0.243734002 -0.006913000
v -0.328328997 0.236268997 0.002312000
v -0.319238007 0.237349004 0.001688000
v 0.094782002 -0.213089004 -0.104603998
v 0.078401998 -0.205960006 -0.105913997
v -0.084383003 -0.234192997 -0.115199998
v -0.098030999 -0.233555004 -0.111759000
v -0.179575995 -0.178643003 0.022834999
v -0.335806012 0.156349003 0.006006000
v -0.328559995 0.161025003 0.008724000
v 0.192659006 0.264378011 0.012984000
v 0.200112998 0.265037000 0.006002000
v 0.184508994 0.270004004 0.007538000
v -0.145878002 -0.190731004 0.094664000
v -0.136244997 -0.199626997 0.103901997
v -0.080838002 0.277354985 0.003274000
v 0.108136997 -0.048214000 -0.084270000
v 0.100181997 -0.041212998 -0.087541997
v 0.103740998 -0.036795001 -0.085984997
v 0.067906998 -0.049950998 0.150551006
v 0.067270003 -0.060548998 0.150855005
v 0.076999001 -0.046232000 0.147340000
v -0.159608006 0.192534000 0.049927000
v -0.163259000 0.198381007 0.048347998
v -0.025189999 -0.166976005 0.166906998
v -0.012429000 -0.159134999 0.167383999
v -0.086878002 0.018754000 -0.092518002
v -0.076780997 0.005720000 -0.094145000
v -0.086372003 0.003868000 -0.090539001
v 0.181504995 0.180152997 0.046990000
v -0.012091000 0.266860008 -0.100520998
v -0.005867000 0.277864993 -0.106141001
v 0.087682001 0.194833994 -0.109915003
v 0.088191003 0.183632001 -0.111541003
v 0.076016001 0.198792994 -0.109761000
v -0.341706008 0.233320996 0.004371000
v -0.356061012 0.238022000 -0.001952000
v -0.354288012 0.222455993 0.009763000
v -0.090767004 -0.130615994 -0.096919000
v -0.094694003 -0.120572999 -0.098990001
v 0.151325002 -0.215026006 -0.066675000
v 0.087214999 0.206070006 -0.108291999
v 0.097758003 0.213182002 -0.104538999
v 0.096433997 0.199928999 -0.107139997
v -0.139852002 0.182559997 -0.103228003
v -0.131642997 0.173572004 -0.105884001
v 0.169055000 0.073487997 0.038375001
v 0.167649999 0.067401998 0.029064000
v 0.175306007 0.083754003 0.027764000
v -0.082532004 0.073616996 -0.111158997
v -0.119595997 -0.077142999 0.109638996
v -0.116047002 -0.090182997 0.116204001
v -0.112419002 -0.072947003 0.120830998
v 0.241031006 0.176721007 0.039928000
v 0.248432994 0.164415002 0.030851999
v 0.248836994 0.211438999 0.034906000
v -0.160816997 -0.001675000 0.016147001
v -0.171654999 0.098931000 0.037071999
v -0.104767002 -0.147854999 -0.078690998
v -0.108243003 -0.146107003 -0.073473997
v -0.102810003 -0.135736004 -0.076846004
v -0.194313005 0.217948005 0.046057999
v -0.199291006 0.224215999 0.042180002
v -0.187200993 0.262116998 -0.055179998
v -0.172080994 0.259986013 -0.064245000
v -0.183415994 0.245144993 -0.062309001
v -0.146155998 -0.112451002 0.066148996
v 0.261786997 0.132120997 -0.012666000
v 0.252593011 0.131513998 -0.006971000
v 0.248676002 0.135123000 -0.016125999
v 0.158519998 0.168996006 0.061443999
v -0.177531004 0.045449000 -0.026737001
v -0.177424997 0.057487998 -0.028671000
v -0.170490995 0.046216998 -0.034274999
v 0.162110999 -0.089982003 0.054570999
v -0.202219993 0.168886006 -0.070823997
v -0.193611994 0.161878005 -0.068094000
v -0.208912998 0.155175000 -0.064921997
v -0.119755000 0.228856996 0.063523002
v 0.070005000 0.077977002 -0.113257997
v 0.077803999 0.086034000 -0.112359002
v 0.079793997 0.075685002 -0.109402001
v 0.017656000 -0.083150998 -0.099734999
v 0.011815000 -0.081634000 -0.088030003
v -0.102228999 0.256614000 0.010660000
v -0.219647005 0.174963996 0.034074999
v -0.210966006 0.165212005 0.035510998
v -0.214084998 0.181427002 0.032545999
v -0.121959999 0.126684994 0.103081003
v -0.122784004 0.112590998 0.110409997
v -0.112190999 0.124828003 0.110757001
v 0.324651003 0.252433985 -0.020483000
v 0.333891004 0.251130998 -0.016878000
v 0.333676010 0.250692993 -0.032659002
v 0.167279005 0.072152004 -0.055381998
v 0.174285993 0.069362998 -0.048376001
v 0.168702006 0.059291001 -0.053856999
v -0.149069995 0.232252002 -0.072577998
v 0.176246002 -0.223405004 0.060252000
v 0.182374999 -0.223102003 0.046831001
v -0.038653001 0.191845000 0.078823999
v -0.050429001 0.193982005 0.073103003
v -0.044181000 0.183074996 0.082385004
v -0.219806001 0.254700989 0.006733000
v -0.228022993 0.257925987 -0.002261000
v -0.235732004 0.251172990 0.009605000
v 0.258592993 0.189964995 0.038152002
v 0.267811000 0.200246006 0.036189001
v 0.012869000 0.258432001 0.051307000
v 0.020282000 0.250297010 0.050007999
v 0.018464001 0.266014010 0.048245002
v -0.014748000 0.217409000 0.081748001
v -0.024072999 0.212291002 0.077017002
v 0.098682001 0.104411997 -0.107666999
v 0.088321999 0.095184997 -0.110215001
v -0.172341004 -0.194389999 -0.034267999
v -0.168842003 -0.209693998 -0.042677999
v -0.176285997 -0.206965998 -0.024620000
v -0.288596988 0.245887995 -0.048236001
v -0.287043989 0.240033001 -0.058784001
v -0.298992008 0.241926998 -0.053477999
v -0.056736998 0.199816003 0.067957997
v -0.044716001 0.202044994 0.068519004
v -0.056991000 0.207765996 0.061992999
v -0.101301000 0.210039005 -0.103155002
v -0.113251999 0.215873003 -0.104809001
v -0.103891000 0.228725001 -0.098214000
v -0.175209999 -0.214539006 -0.034536000
v -0.180761993 -0.225426003 -0.025192000
v 0.119833998 0.093413003 -0.094094001
v 0.127408996 0.093272999 -0.089011997
v -0.115828998 -0.052912001 -0.055799000
v -0.047336001 -0.009656000 -0.098848000
v -0.042980999 0.006917000 -0.104130998
v 0.187542006 0.159814999 0.042741999
v 0.133614004 -0.025232000 -0.057383001
v 0.141597003 -0.014199000 -0.055511001
v -0.153901994 0.241637006 0.032855000
v -0.143536001 0.247729003 0.033041999
v 0.138488993 -0.015919000 0.060663000
v 0.138088003 -0.022715000 0.068628997
v 0.138554007 -0.029309999 0.061882000
v 0.011069000 0.130087003 0.126046002
v 0.120290004 -0.135756001 0.110349000
v 0.125743002 -0.130021006 0.102750003
v 0.116976999 -0.126387000 0.112438001
v -0.251572996 0.253982991 -0.012399000
v -0.259247988 0.255796999 -0.023467001
v -0.266797990 0.255048007 -0.022616999
v -0.056821998 0.130006999 0.124259003
v -0.068580002 0.132341996 0.123783000
v -0.068614997 0.118904002 0.132052004
v -0.185452998 0.133771002 -0.056067001
v -0.182080001 0.124842003 -0.053594001
v 0.062738001 0.087366000 -0.117583998
v 0.128755003 -0.084514000 -0.061606999
v 0.140146002 -0.090726003 -0.059209000
v 0.129366994 -0.099954002 -0.072228998
v 0.300770998 0.217859000 -0.070137002
v 0.129702002 0.266714990 0.030530000
v 0.122019999 0.257440001 0.034269001
v -0.062228002 -0.118901998 0.149262995
v -0.045519002 -0.122165002 0.156197995
v -0.054837000 -0.110050000 0.151757002
v -0.156229004 0.035725001 -0.047132000
v -0.154606000 0.024223000 -0.043508999
v -0.162571996 0.035218999 -0.038950998
v -0.330688000 0.205152005 -0.074892998
v 0.160980001 -0.056398001 -0.013466000
v 0.278872013 0.222255006 0.021496000
v -0.038190000 -0.187885001 -0.104281999
v -0.021983000 -0.189484000 -0.105221003
v 0.172707006 0.209362999 0.047929000
v -0.100105003 -0.229701996 0.126431003
v -0.084739000 -0.229375005 0.134834006
v -0.091000997 0.030321000 0.140085995
v -0.080949001 0.019374000 0.143016994
v -0.083774000 0.036619000 0.143516004
v -0.132486999 -0.069091000 -0.053281002
v -0.141324997 -0.066923000 -0.051835001
v 0.146002993 0.061817002 -0.067501001
v 0.136363000 0.050473999 -0.073367000
v 0.129409999 0.061933000 -0.074895002
v 0.012979000 0.136272997 -0.128147006
v 0.012509000 0.151447996 -0.126149997
v 0.094833001 -0.065609999 -0.082321003
v 0.083369002 -0.070416003 -0.089927003
v -0.317456007 0.135777995 -0.038748000
v -0.307226002 0.135980994 -0.037321001
v -0.145775005 0.106146000 0.087820001
v -0.152352005 0.109425999 0.078175999
v -0.185047001 0.112718001 0.007126000
v -0.190475002 0.118368000 -0.002072000
v -0.187525004 0.105626002 0.000248000
v -0.166518003 0.090993002 0.046362001
v -0.171147004 0.105838001 0.045380998
v 0.178763002 -0.173292994 0.023819000
v 0.176253006 -0.172973007 0.038353998
v 0.181149006 -0.189264998 0.031858001
v -0.297991008 0.158465996 0.013421000
v 0.125744998 -0.204425007 0.116276003
v 0.131956995 -0.199827999 0.110838003
v 0.161484003 0.271768004 0.000721000
v 0.160683006 0.271997988 -0.009751000
v 0.153005004 0.272320986 0.006603000
v -0.104874000 -0.016015001 -0.078872003
v 0.111864999 -0.124119997 -0.094599001
v 0.110797003 -0.134164006 -0.094779998
v 0.102095999 -0.130326003 -0.099633001
v 0.076403998 -0.189700007 -0.100390002
v 0.061547998 -0.186958998 -0.101374000
v 0.075396001 -0.178026006 -0.095848002
v -0.029418999 0.108880997 -0.122681998
v -0.136070997 0.231314003 0.058068000
v -0.030330000 -0.167294994 -0.104185998
v -0.021947000 -0.158169001 -0.111079000
v -0.228184000 0.184722006 0.032088999
v 0.335509002 0.148332000 -0.047143999
v 0.331703007 0.138807997 -0.039156999
v 0.331420988 0.150378004 -0.047671001
v 0.165279999 -0.140509993 0.044353001
v 0.161503002 -0.144756004 0.054653000
v 0.036701001 -0.122703001 -0.108641997
v 0.030092999 -0.128839999 -0.117481001
v 0.179863006 0.100757003 0.044427000
v 0.170238003 0.100374997 0.061106000
v 0.177485004 0.089267001 0.046939000
v 0.155651003 0.154010996 0.069638997
v 0.146965995 0.160959005 0.072071001
v 0.141425997 0.148586005 0.082437001
v -0.173659995 -0.194261000 0.054481000
v -0.179065004 -0.194444001 0.039168000
v -0.180345997 -0.202996999 0.039544001
v 0.168580994 0.211183995 -0.078055002
v 0.177140996 0.201307997 -0.085348003
v 0.174803004 0.193085998 -0.073031001
v -0.268931001 0.135987997 -0.028321000
v -0.263911009 0.142965004 -0.035705999
v 0.291343987 0.142437994 0.011953000
v -0.259066999 0.199637994 -0.079663999
v -0.250847995 0.191691995 -0.079432003
v -0.026877001 -0.018936999 -0.098499998
v -0.036915001 -0.023792000 -0.096339002
v -0.028689001 0.121532001 -0.120268002
v -0.061172001 0.227826998 0.049197000
v -0.059202999 0.217748001 0.055697002
v -0.049180001 0.227530003 0.052320000
v -0.139254004 0.268590987 -0.053123999
v 0.145169005 0.095435001 -0.073000997
v 0.136522993 0.094244003 -0.081246004
v 0.146562994 0.105253004 -0.077661999
v -0.134348005 0.052262001 -0.076747999
v -0.125423998 0.057633001 -0.083383001
v -0.327728987 0.135839999 -0.039818000
v -0.169703007 -0.080651000 0.047357999
v -0.165022999 -0.071992002 0.058412999
v -0.164079994 -0.063780002 0.054219000
v 0.290154010 0.217276007 0.027702000
v 0.292252988 0.229925007 0.017922999
v 0.161060005 0.250701010 -0.072035998
v 0.149285004 0.250860989 -0.070634998
v 0.159701005 0.251601011 -0.062514000
v 0.189389005 0.137027994 -0.050781000
v 0.086755998 0.115538999 -0.113793999
v 0.089442000 0.125487998 -0.113540001
v 0.094264001 0.114877999 -0.111137003
v 0.151039004 0.274475992 -0.036031000
v 0.146348000 0.283856004 -0.040651001
v -0.138404995 0.280243009 -0.032139000
v -0.064906001 -0.036587000 -0.087371998
v -0.065719001 -0.023104001 -0.091084003
v 0.140191004 -0.004727000 -0.071137004
v 0.141241997 0.013638000 -0.074354000
v 0.148056000 0.002244000 -0.061623000
v -0.196741998 0.185939997 -0.076425001
v -0.194041997 0.173803002 -0.073510997
v -0.210626006 0.176117003 -0.073385999
v 0.167647004 0.132330999 -0.073252998
v -0.199735999 0.257353008 -0.044746000
v -0.017917000 0.179186001 -0.115759000
v -0.010588000 0.191570997 -0.123705000
v 0.176120996 0.054777000 -0.035367001
v 0.180531994 0.065133996 -0.029297000
v 0.179012999 0.054956000 -0.017992999
v -0.167640999 0.105901003 -0.061820999
v -0.178461999 0.115424998 -0.051647998
v -0.062835000 0.012367000 -0.100212999
v -0.057511002 0.004839000 -0.100023001
v -0.066950999 0.000297000 -0.096418999
v 0.236226007 0.161422998 -0.065485001
v 0.232022002 0.168708995 -0.068723001
v 0.246454999 0.165470004 -0.067617998
v 0.149621993 -0.013279000 -0.024619000
v -0.178711995 0.020450000 -0.003970000
v -0.175399005 0.008765000 -0.001858000
v -0.170592993 0.009125000 0.007203000
v 0.125602007 0.262997001 0.016023001
v 0.150781006 -0.095923997 0.019362999
v 0.145234004 -0.080544002 0.019730000
v -0.129538998 0.139982000 0.090659998
v 0.031762000 0.139951006 0.116797000
v 0.042447999 0.141396999 0.116351001
v 0.030979000 0.151583999 0.107003003
v -0.167358994 -0.177888006 0.060408000
v -0.166789994 -0.194255993 0.068902001
v -0.159601003 -0.177943006 0.074221998
v -0.023148000 0.190606996 0.092759997
v -0.033259001 0.195583999 0.079691999
v -0.033302002 0.182518005 0.090288997
v -0.243963003 0.186193004 -0.078460999
v -0.240942001 0.195917994 -0.078927003
v -0.230492994 0.183160007 -0.078345999
v 0.153055996 0.223817006 0.045949999
v -0.138431996 -0.112222999 0.077505998
v -0.145656005 -0.095771998 0.074196003
v -0.153877005 -0.057071000 0.030565999
v -0.161978006 -0.065860003 0.038892999
v -0.160387993 -0.068425000 -0.049571998
v -0.113925003 -0.154045999 -0.083131999
v 0.077370003 0.114967003 0.135119006
v 0.253048986 0.220992997 -0.071524002
v 0.247117996 0.230026007 -0.068388999
v -0.063267998 0.087638997 -0.120026000
v -0.073665000 0.090464003 -0.117726997
v 0.074277997 -0.088487998 0.147688001
v 0.065238997 -0.092254996 0.151078999
v 0.073606998 -0.099023998 0.147707999
v -0.165289000 -0.174553007 -0.040210001
v -0.086944997 0.076486997 0.147218004
v -0.079461001 0.066799000 0.148065001
v -0.074459001 0.080891997 0.148443997
v 0.094149999 0.171761006 0.100348003
v 0.085583001 0.164327994 0.105402999
v 0.125965998 -0.228253007 -0.094309002
v 0.110912003 -0.229498997 -0.101562001
v 0.110348001 -0.220872998 -0.099845998
v -0.148445994 -0.058715001 0.014009000
v 0.135070994 0.002343000 0.104782999
v 0.104773998 0.204805002 -0.103051998
v 0.034033000 0.124583997 -0.121500000
v 0.044767000 0.133720994 -0.118784003
v 0.045313999 -0.214148998 0.158141002
v 0.052053001 -0.227164000 0.152628005
v -0.056719001 -0.113021001 -0.108369999
v 0.062772997 0.023697000 0.150613993
v 0.068990998 0.033496998 0.150232002
v 0.058472998 0.038391002 0.151323006
v -0.060428001 0.282572001 -0.063915998
v -0.053918000 0.290241987 -0.053234000
v -0.004171000 -0.236164004 -0.119792998
v -0.004428000 -0.218563005 -0.114903003
v 0.086521998 0.136117995 -0.114782996
v 0.078974001 0.124963000 -0.116865002
v -0.322627008 0.214436993 -0.073546998
v -0.129118994 -0.174447998 0.106839001
v 0.166745007 0.194290996 -0.076383002
v 0.089441001 0.217088997 0.057468999
v -0.300745010 0.144792005 -0.043166000
v -0.290672004 0.152462006 -0.050574001
v -0.306647003 0.121211998 -0.024553001
v 0.173970997 -0.157646000 0.015919000
v 0.178756997 -0.173584998 0.016455000
v 0.176581994 -0.170460999 0.002875000
v 0.262719989 0.169976994 0.028000999
v 0.031757001 0.047426999 0.151877999
v -0.151265994 0.161083996 0.065288998
v 0.205002993 0.164104000 -0.061489999
v 0.197954997 0.172525004 -0.067061000
v 0.202276006 0.181100994 -0.068227999
v -0.177708000 0.069475003 -0.030958001
v -0.171994999 0.071107000 -0.041019000
v -0.171011001 0.058093000 -0.036759999
v -0.247436002 0.210678995 0.024969000
v -0.252301008 0.203210995 0.027326999
v -0.184079006 0.068765000 -0.002241000
v -0.151629001 -0.029565999 0.067180999
v -0.151360005 -0.027618000 0.082679003
v 0.134841993 0.104203999 0.107919998
v 0.127085999 0.102160998 0.118253000
v 0.136829004 0.090667002 0.111097999
v -0.195611000 0.235705003 0.037113000
v -0.187233001 0.225986004 0.044748999
v -0.186912000 0.240626007 0.037613999
v 0.241246998 0.254292011 0.013616000
v 0.226356998 0.254853994 0.018414000
v 0.241261005 0.246935993 0.021098999
v 0.114748999 0.127186999 0.111515000
v 0.111358002 0.119980000 0.119048998
v 0.124650002 0.115184002 0.113867000
v 0.286780000 0.201746002 0.030743999
v 0.101433001 -0.171636999 0.133239999
v 0.098493002 -0.181879997 0.135484993
v -0.036412999 -0.040925000 0.153301999
v -0.027009999 -0.026159000 0.153138995
v -0.174946994 0.197818995 -0.089648999
v -0.251675993 0.171993002 -0.073068999
v -0.260594010 0.181234002 -0.076660000
v -0.246832997 0.176852003 -0.075475000
v 0.192340001 0.180158004 -0.075289004
v -0.144538000 0.120201997 -0.087474003
v -0.153070003 0.115850002 -0.080886997
v -0.150358006 0.129363000 -0.081065997
v -0.048836999 -0.119870000 -0.115547001
v 0.139688998 -0.176259995 -0.068907999
v 0.134002000 -0.182456002 -0.075588003
v 0.014053000 -0.106179997 -0.119361997
v 0.004596000 -0.114157997 -0.121800996
v -0.004225000 -0.106315002 -0.116051003
v -0.063317001 0.272918999 0.005661000
v 0.010187000 0.214828998 0.075782001
v 0.005411000 0.209125996 0.083577998
v 0.018626999 0.198891997 0.078102998
v 0.063555002 -0.164002001 -0.094717003
v 0.052834000 -0.161664993 -0.098825000
v 0.063239001 -0.154390007 -0.104391001
v -0.156229004 -0.129534006 0.047200002
v -0.163056999 -0.129795000 0.033783000
v 0.277090997 0.236349002 -0.061755002
v 0.264948010 0.243199006 -0.054671999
v 0.004725000 -0.228275999 0.164184004
v 0.008845000 -0.219285995 0.165737003
v 0.115052998 0.208544999 0.077500999
v 0.146504000 -0.133322999 -0.033273999
v 0.137595996 -0.133250996 -0.046649002
v 0.132354006 -0.127300993 -0.045704000
v 0.148458004 -0.157082006 0.085345998
v 0.157172993 -0.156770006 0.072694004
v -0.266193986 0.251863003 -0.035571001
v -0.276580989 0.248006999 -0.047883999
v -0.277761996 0.252171010 -0.037113000
v -0.116706997 0.225346997 -0.102378003
v -0.289988011 0.247356996 -0.011516000
v 0.134057999 0.249560997 0.044298001
v 0.115486003 0.244121000 0.043403000
v 0.024611000 -0.086742997 -0.110311002
v 0.308726013 0.189703003 0.019419000
v -0.126883999 0.275640011 -0.005943000
v -0.128774002 0.273249000 0.007974000
v -0.150906995 -0.094070002 0.008145000
v -0.154072002 -0.102317996 0.014345000
v -0.153521001 -0.086171001 0.020404000
v -0.121164002 -0.111307003 -0.073229000
v -0.113518000 -0.120288998 -0.068943001
v -0.165946007 0.265298009 0.013114000
v -0.168238997 0.254898995 0.023324000
v -0.066159002 -0.166764006 -0.102491997
v 0.130705997 0.272087008 0.013852000
v 0.129449993 0.271048993 0.000924000
v 0.181664005 -0.189863995 0.016907999
v -0.219624996 0.140302002 0.019676000
v -0.142563999 0.028734000 -0.063418001
v 0.028321000 -0.217831001 -0.113784999
v -0.258015007 0.167693004 0.027797000
v -0.163517997 -0.107363999 0.014494000
v -0.161450997 -0.092869997 0.023247000
v -0.289586008 0.241168007 0.003368000
v -0.296000004 0.234532997 0.008664000
v -0.287232995 0.229375005 0.014094000
v -0.125264004 -0.144897997 -0.062422000
v -0.112356000 -0.143528000 -0.069766000
v -0.136997998 -0.145528004 -0.054030001
v -0.182254001 -0.194933996 0.023460001
v 0.258944988 0.236855999 0.017766001
v 0.250739008 0.238423005 0.023065999
v 0.262107015 0.225759000 0.023157001
v 0.052209001 0.172858000 0.091523997
v 0.117850997 0.027725000 -0.085717998
v 0.074735999 0.033558000 -0.099390998
v 0.085074998 0.024165001 -0.096933000
v -0.308174014 0.231123999 -0.064424999
v 0.158831999 0.099615000 0.076710999
v 0.169551998 0.088913999 0.064466000
v -0.117928997 -0.130873993 0.114730000
v -0.124371998 -0.121009000 0.108985998
v -0.127434999 -0.134722993 0.105152003
v -0.130466998 -0.103302002 0.091062002
v -0.136852995 -0.095100001 0.083443999
v 0.136031002 0.289676994 -0.037103999
v 0.121018000 0.281812012 -0.044032000
v 0.134336993 0.289790988 -0.034045000
v 0.099232003 0.193667993 -0.107254997
v 0.112737000 0.274951994 -0.027863000
v 0.120192997 0.277428001 -0.035905000
v 0.110380001 0.276410013 -0.037765000
v -0.339275002 0.166098997 0.008713000
v -0.345324010 0.184700996 0.013308000
v -0.152764007 0.102640003 -0.077248998
v -0.160543993 0.104131997 -0.069843002
v -0.161384001 0.117138997 -0.074005000
v 0.082075998 0.250313014 0.024532000
v 0.069609001 0.256401986 0.035106000
v 0.097428001 0.124472998 0.122773997
v 0.100941002 0.131460994 0.115206003
v 0.095702998 0.137022004 0.113018997
v 0.172443002 -0.165096998 0.041632000
v 0.172280997 -0.157394007 0.030076999
v 0.056256000 -0.113307998 0.154411003
v 0.051798001 -0.123816997 0.156141996
v 0.068540998 -0.120045997 0.149471000
v 0.227017999 0.172249004 -0.069812998
v 0.296761006 0.123255000 -0.006541000
v -0.188952997 0.112934001 -0.010706000
v -0.161929995 -0.025030000 0.001174000
v -0.164802000 -0.031252000 -0.006643000
v -0.156264007 -0.035727002 0.001448000
v -0.129641995 -0.020019000 -0.055392999
v -0.121108003 -0.014700000 -0.063725002
v -0.126809001 -0.031541001 -0.058270000
v -0.175136998 -0.013777000 -0.027301000
v -0.168397993 -0.012447000 -0.035016999
v -0.170466006 -0.024475999 -0.034747001
v -0.136271998 -0.098424003 -0.066876002
v -0.134128004 -0.107267998 -0.058961999
v 0.172838002 -0.154083997 0.002772000
v 0.149070993 0.084772997 -0.064787000
v 0.157979995 0.096337996 -0.060107000
v 0.085419998 0.146077007 0.112484999
v 0.086567000 0.135084003 0.117436998
v 0.076489002 0.127851993 0.125694007
v 0.065075003 0.132788002 0.123133004
v -0.054217000 -0.189348996 -0.104089998
v -0.062238000 -0.183166996 -0.101113997
v -0.048533998 -0.176194996 -0.099120997
v 0.354487985 0.218605995 -0.067856997
v 0.346572995 0.223216996 -0.065909997
v 0.331037015 0.239616007 -0.054673001
v 0.332442999 0.246080995 -0.045083001
v 0.179811001 -0.197708994 0.040964998
v 0.181619003 -0.206319004 0.035557002
v 0.168623999 -0.124344997 0.016054001
v 0.172566995 -0.140809000 0.015846999
v -0.044815000 -0.100746997 -0.086259998
v 0.045743000 0.036711998 -0.110669002
v 0.055815998 0.034270000 -0.107833996
v 0.040337998 0.028607000 -0.109902002
v -0.092722997 0.108240999 0.133855000
v -0.081625998 0.106086001 0.138679996
v -0.086158000 0.120788001 0.126996994
v -0.099053003 -0.043407001 0.134424999
v -0.100033998 -0.057969000 0.133710995
v -0.085344002 -0.047541998 0.141288996
v -0.132219002 -0.209561005 -0.083921999
v -0.134172007 -0.221154004 -0.086533003
v -0.144608006 -0.215595007 -0.074107997
v -0.107046999 0.259723008 -0.068143003
v -0.105965003 0.259941995 -0.084586002
v -0.114359997 0.253437012 -0.077641003
v -0.135561004 0.135076001 -0.095054001
v -0.135151997 0.145514995 -0.096193001
v -0.128464997 0.137999997 -0.102333002
v 0.020380000 -0.166576996 -0.102159999
v -0.110480003 -0.063574001 -0.054843001
v -0.038557999 0.198704004 -0.103550002
v -0.025876001 0.204450995 -0.101248004
v -0.026250999 0.189490005 -0.105035000
v 0.165408999 0.230149001 -0.080149002
v 0.155883998 0.230158001 -0.077184997
v 0.163983002 0.241240993 -0.077141002
v 0.126620993 0.039303999 -0.079333998
v 0.119282000 0.057099000 -0.080048002
v 0.297257990 0.190345004 0.022407001
v 0.281711996 0.187696993 0.028223000
v 0.062734000 -0.171859995 0.156707004
v 0.106573999 0.155276000 0.098431997
v 0.111225002 0.145152003 0.099560998
v 0.118377000 0.152346998 0.092087999
v 0.132860005 0.285925001 -0.047254000
v 0.118775003 0.283809006 -0.059307002
v -0.329409003 0.247887999 -0.036664002
v -0.275682002 0.162498996 -0.068443000
v -0.270415992 0.171174005 -0.072908998
v -0.260235995 0.159235999 -0.065745004
v -0.123424999 -0.042750001 0.111757003
v -0.116991997 -0.059912000 0.114913002
v 0.101648003 0.216231003 0.056896001
v -0.347526014 0.201596007 -0.077379003
v 0.089059003 0.109584004 0.136509001
v 0.098756000 0.111400001 0.132036999
v 0.088009998 0.122707002 0.127332002
v -0.121639997 -0.178490996 0.114046998
v -0.107029997 -0.184935004 0.126018003
v -0.111801997 -0.168256000 0.120774001
v 0.260331988 0.169725001 -0.069619998
v -0.040872999 -0.132486001 0.158941001
v -0.088802002 0.283255011 -0.002827000
v -0.097645998 0.273898005 0.010204000
v -0.037535999 -0.235973999 -0.120566003
v -0.001431000 -0.095354997 -0.102332003
v -0.011408000 -0.102669999 -0.106467001
v -0.007775000 -0.093736000 -0.091660999
v -0.110367000 0.209094003 0.071737997
v -0.114037998 0.198243007 0.074529000
v -0.040739998 0.237305999 0.047393002
v -0.043986998 0.244700000 0.038729999
v 0.112402998 -0.171342000 0.124491997
v 0.013691000 0.096514001 -0.129856005
v 0.002506000 0.088123001 -0.129023999
v 0.002298000 0.105338998 -0.132100999
v -0.030515000 -0.153733999 -0.115422003
v -0.022110000 -0.144595996 -0.122148998
v -0.118248001 0.263089001 -0.052963000
v 0.056857999 0.297475010 -0.024968000
v 0.065302998 0.288760006 -0.018456001
v 0.277433008 0.231365994 0.016728999
v -0.012043000 0.185187995 0.100184001
v -0.011647000 0.171993002 0.106393002
v 0.126495004 -0.056620002 0.111786000
v 0.110590003 0.179674998 0.090561002
v 0.098309003 0.178792998 0.096654996
v 0.062524997 0.215167001 0.065090999
v 0.072839998 0.224787995 0.064051002
v 0.057094999 0.222047001 0.058901001
v -0.148458004 -0.231861994 -0.078341998
v -0.151051000 -0.221166998 -0.070073001
v -0.140992999 -0.223986000 -0.082065001
v 0.040568002 0.223298997 0.059955001
v 0.291231006 0.178165004 -0.073591001
v 0.172931999 0.029795000 0.017085001
v 0.294856995 0.123980999 -0.012724000
v -0.097507000 0.264162987 0.030641999
v -0.010215000 0.153649002 -0.128716007
v -0.014561000 0.136355996 -0.127810001
v -0.088826999 0.188510999 0.091095999
v -0.087311998 0.196329996 0.084702998
v 0.095252998 0.032862999 0.144375995
v 0.101425998 0.042495001 0.143024996
v 0.092382997 0.047805998 0.148558006
v -0.146247000 0.121155001 0.084063001
v -0.153029993 0.124641001 0.075006001
v 0.089546002 -0.124305002 -0.101190999
v 0.077960998 -0.133772999 -0.109168001
v 0.076575004 -0.120417997 -0.097397998
v -0.191439003 0.259332001 0.018364999
v -0.176461995 0.259476990 0.013254000
v 0.306630999 0.222999007 0.022125000
v -0.139033005 0.206208006 0.061788999
v 0.068410002 0.124471001 -0.119795002
v -0.131786004 -0.031948000 -0.054483999
v -0.168241993 0.241543993 0.039523002
v -0.173184007 0.229587004 0.042160001
v 0.070937999 -0.215005994 -0.110609002
v 0.082924999 -0.214058995 -0.107805997
v 0.080012001 -0.231160000 -0.114703000
v -0.164130002 -0.035119001 -0.040617000
v -0.165919006 -0.047059000 -0.040874001
v -0.171343997 -0.036667001 -0.033415999
v -0.142504007 0.064599000 -0.072348997
v -0.134159997 0.063937001 -0.078681000
v 0.173669994 -0.005565000 -0.011322000
v 0.178611994 0.006267000 -0.005514000
v 0.177406996 -0.007888000 0.001700000
v 0.147683993 -0.155882001 -0.061538000
v 0.138827994 -0.155013993 -0.070340998
v 0.146001995 -0.147762999 -0.062254000
v 0.155000001 0.253105998 -0.053727999
v 0.146878004 0.266108990 -0.042002998
v -0.296095997 0.211061001 -0.075324997
v -0.282819986 0.221075997 -0.071748003
v 0.027711000 0.070733003 0.151580006
v 0.011383000 0.066169001 0.151904002
v 0.351720005 0.205319002 -0.072457001
v 0.334690988 0.209268004 -0.071819000
v 0.119581997 0.081713997 0.132042006
v 0.114641003 0.092193998 0.133801997
v -0.123524003 0.277227998 -0.040420000
v -0.021522000 0.274553001 -0.081772000
v 0.239950001 0.206685007 0.033422001
v 0.071999997 0.067648999 -0.110293001
v 0.062182002 0.069943003 -0.114087999
v -0.105417997 -0.194358006 0.128061995
v -0.103014998 -0.203793004 0.129045993
v -0.098511003 -0.189922005 0.132917002
v 0.027646000 0.242521003 0.049536999
v -0.304504007 0.122961998 -0.004082000
v -0.291812003 0.121533997 -0.008004000
v -0.292688996 0.139001995 -0.036517002
v -0.120378003 0.130664006 -0.106778003
v 0.153264999 -0.072093002 -0.042366002
v 0.150253996 -0.081504002 -0.041992001
v 0.205897003 0.225562006 -0.074470997
v 0.212428004 0.235029995 -0.066829003
v 0.218495995 0.227657005 -0.068248004
v -0.033900999 -0.074382998 -0.073934004
v -0.043478999 -0.070799001 -0.075834997
v 0.221934006 0.187463000 -0.074518003
v 0.214004993 0.193234995 -0.072221003
v -0.053743001 -0.046264000 0.150427997
v -0.037330002 -0.051589001 0.153861001
v -0.046112001 -0.037308998 0.151594996
v 0.130263999 -0.107734002 -0.038442999
v 0.141031995 -0.097392000 -0.047784999
v 0.132554993 -0.222064003 -0.087722003
v 0.239529997 0.131312996 -0.005400000
v -0.127669007 0.085184000 -0.090833001
v -0.088609003 0.044744998 -0.099175997
v -0.087412000 0.028591000 -0.094396003
v -0.184615999 -0.211537004 0.024150001
v -0.185282007 -0.215731993 0.014313000
v -0.185663998 -0.228192002 0.024455000
v -0.065306999 -0.030153001 0.147122994
v -0.074813001 -0.026616000 0.144500002
v -0.316491991 0.182402998 0.015946999
v -0.165959999 -0.000521000 -0.034876999
v -0.173583999 0.004334000 -0.029444000
v -0.163854003 0.011393000 -0.035294998
v 0.227741003 0.177481994 0.042304002
v 0.337253988 0.148433000 0.004562000
v 0.318302989 0.145299003 0.007246000
v 0.173157007 0.045398999 -0.023616999
v 0.153768003 -0.140571997 0.067859001
v 0.158840999 -0.148705006 0.063584000
v -0.143610999 0.269331992 -0.022078000
v -0.139593005 0.282631993 -0.016381999
v -0.125578001 0.039879002 0.115774997
v -0.128324002 0.055025000 0.114568003
v -0.132183000 0.042987999 0.105168000
v 0.120627999 0.139789999 0.099120997
v -0.318989009 0.134788007 0.001423000
v -0.325114012 0.128058001 -0.003154000
v 0.224557996 0.261568993 0.006979000
v -0.115460001 0.238066003 -0.097815998
v -0.106569998 0.242409006 -0.094697997
v 0.083715998 -0.062671997 0.143379003
v 0.088894002 -0.073267996 0.140137002
v 0.047745001 0.043113001 0.151739001
v 0.037900999 0.057027001 0.151967004
v -0.134661004 0.031394001 -0.072256997
v -0.125521004 0.024555000 -0.076806001
v -0.026645999 -0.044590000 0.154470995
v 0.003309000 -0.021654001 -0.095494002
v -0.006745000 -0.017874001 -0.098066002
v -0.006803000 -0.008893000 -0.101738997
v -0.242672995 0.163110003 -0.068727002
v -0.039500002 0.031101000 -0.111492999
v -0.048868001 0.019113000 -0.106119998
v -0.049842998 0.036019001 -0.110919997
v -0.162379995 0.277734995 -0.002328000
v -0.127664000 0.153034002 0.085855998
v -0.118174002 0.166033998 0.087640002
v -0.317036986 0.236935005 -0.058754999
v -0.314238995 0.223059997 -0.069424003
v -0.062596001 0.077738002 -0.118334003
v -0.051631000 0.062751003 -0.117656000
v -0.061781000 0.060541999 -0.114600003
v 0.142568007 0.221011996 0.048037000
v -0.057030000 -0.143212005 -0.118832998
v 0.125131994 0.123392999 0.108639002
v 0.134657994 0.118901998 0.104207002
v 0.133433998 0.131978005 0.098314002
v 0.279060006 0.244923994 -0.053376999
v 0.274773985 0.251868010 -0.043269001
v -0.086669996 -0.146171004 0.137927994
v -0.096174002 -0.137048006 0.130052999
v -0.000719000 0.219518006 0.081308000
v -0.273927987 0.237196997 -0.061996002
v 0.190226004 0.104818001 -0.019388000
v -0.125862002 0.267872006 -0.061829001
v -0.129949003 0.273743004 -0.055004001
v 0.163005993 0.266413003 -0.033636000
v -0.175871000 -0.211440995 0.055130001
v -0.182196006 -0.219873995 0.040188000
v -0.177796006 -0.228292003 0.055831999
v -0.076186001 0.260089010 0.008631000
v -0.171044007 0.138805002 0.049231000
v -0.159633994 0.148126006 0.061526000
v -0.276627988 0.185985997 0.027292000
v 0.006109000 0.224723995 -0.115079999
v 0.009185000 0.212017000 -0.113431998
v 0.158048004 0.129795000 -0.079944000
v 0.158572003 0.123434998 -0.077154003
v 0.153274998 -0.122622997 -0.007459000
v -0.263660014 0.125729993 -0.011369000
v -0.120321997 0.162424996 -0.110661998
v -0.310911000 0.142765000 -0.043471999
v -0.142929003 0.195079997 0.060915001
v -0.150842994 0.193560004 0.054815002
v 0.339042008 0.157883003 -0.055406000
v 0.330729008 0.161679000 -0.056504998
v 0.342296004 0.167565003 -0.063688003
v 0.144644007 -0.170333996 -0.061581999
v -0.152838007 -0.161558002 0.077693000
v -0.151502997 -0.178042993 0.085588999
v 0.062744997 -0.203426003 0.155084997
v 0.069812998 -0.209848002 0.150150001
v 0.071319997 -0.192371994 0.152136996
v 0.011979000 -0.096927002 0.161070004
v 0.166993007 0.220333993 -0.081338003
v -0.082951002 -0.044434998 -0.077963002
v -0.081854999 -0.058952000 -0.072019003
v -0.094843000 -0.048181001 -0.070059001
v 0.195400000 0.148223996 -0.054733999
v 0.182184994 0.077550001 -0.032947998
v -0.150189996 -0.172968999 -0.061673999
v -0.140465006 -0.169617996 -0.072273001
v -0.151640996 -0.182070002 -0.062674001
v -0.057542998 0.106720001 -0.121707000
v -0.063745998 0.097645000 -0.121177003
v -0.062509999 0.114932001 -0.120842002
v 0.034949001 0.013417000 -0.106386997
v 0.045209002 0.009591000 -0.103641003
v 0.034708001 0.004021000 -0.102661997
v -0.264578998 0.238876000 0.008813000
v -0.269068986 0.230955005 0.014137000
v -0.062522002 0.159860998 0.099653997
v -0.068447001 0.166354999 0.093443997
v -0.068089001 0.154567003 0.103982002
v 0.021739000 -0.137912005 0.165278003
v -0.168103993 -0.202750996 0.069360003
v 0.157957003 -0.092147000 0.032437999
v 0.163888007 -0.108020000 0.024203001
v 0.147264004 -0.140517995 0.079489000
v 0.148859993 -0.132453993 0.072223999
v 0.176941007 0.181158006 -0.071590997
v 0.183436006 0.174300998 -0.073693998
v -0.165340006 -0.185504004 -0.042224001
v -0.171589002 -0.180928007 -0.029399000
v 0.150431007 0.276479006 -0.047260001
v 0.149522007 0.264454991 -0.060382999
v -0.081146002 0.090460002 0.145476997
v -0.075487003 0.230993003 -0.093429998
v -0.091532998 0.231501997 -0.092261001
v -0.083052002 0.243518993 -0.085717998
v 0.137052998 0.178117007 0.071455002
v 0.127469003 0.172269002 0.079966001
v 0.138196006 0.167916000 0.074307002
v -0.083039999 0.288224995 -0.015158000
v 0.160145000 0.186226994 -0.079663999
v 0.294407010 0.156994998 0.017197000
v 0.301001012 0.164792001 0.017845999
v 0.030431001 0.163166001 0.098268002
v 0.019788999 0.162049994 0.099362001
v -0.073132001 -0.045116000 -0.081538998
v -0.063582003 -0.049918000 -0.082726002
v -0.073053002 -0.158712998 -0.112797000
v -0.000144000 0.151061997 0.113059998
v 0.261911988 0.254839987 -0.038438998
v 0.158502996 -0.173703000 -0.051793002
v 0.154425994 -0.179853007 -0.059369002
v -0.011069000 0.098958001 0.144518003
v 0.000659000 0.105068997 0.141948998
v 0.008995000 0.266377002 0.050048001
v 0.053552002 -0.193461001 -0.104387999
v 0.045010999 -0.182286993 -0.100598998
v 0.141874999 -0.012429000 -0.043513000
v 0.049100999 0.254473001 -0.089189999
v -0.005918000 -0.085406996 -0.081317000
v -0.020227000 -0.092439003 -0.082059003
v -0.015097000 -0.082359001 -0.077326000
v -0.163696006 0.046898000 -0.042059999
v -0.158052996 0.047688000 -0.052142002
v -0.249531999 0.141320005 -0.036497999
v -0.230199993 0.138496995 -0.036614999
v 0.134584993 0.022203000 0.089596003
v 0.132044002 0.017701000 0.103455998
v 0.134223998 0.006522000 0.090582997
v -0.175239995 0.084325001 0.021664999
v -0.172805995 0.070529997 0.023668000
v -0.131124005 0.269566000 0.021806000
v 0.294885993 0.254043996 -0.019874999
v 0.294795007 0.250692993 -0.007562000
v 0.309706002 0.249562994 -0.007691000
v 0.100932002 0.278097004 -0.043775000
v -0.144342005 -0.079061002 0.083082996
v -0.131687999 -0.086269997 0.091715999
v -0.139321998 -0.070175998 0.090948001
v -0.164745003 0.179299995 -0.083072998
v -0.173740998 0.176344007 -0.078456998
v -0.148203999 -0.040521000 0.090044998
v -0.146596000 -0.022644000 0.092891000
v 0.072752997 0.277559996 -0.063698001
v 0.077188000 0.269125998 -0.075871997
v 0.065241002 0.010889000 -0.100305997
v 0.064767003 0.001723000 -0.095838003
v -0.133834004 -0.128092006 0.097317003
v -0.130751997 0.127014995 0.096029997
v -0.138971999 0.124257997 0.090612002
v -0.131776005 0.114027001 0.101458997
v -0.216045007 0.248246998 -0.061578002
v -0.229974002 0.238447994 -0.065632999
v -0.170261994 0.270141006 -0.037172001
v -0.187583998 0.272157997 -0.028421000
v 0.003115000 -0.107504003 0.162110999
v 0.076480001 0.187646002 -0.111492001
v 0.064750999 0.191419005 -0.110177003
v -0.108764999 -0.051736001 0.125426993
v 0.170396000 -0.007954000 0.013613000
v -0.173051000 -0.112104997 0.014139000
v -0.166435003 -0.118938997 0.002668000
v -0.169868007 0.034382999 -0.031645000
v 0.195754007 0.119653001 0.001758000
v 0.075249001 0.286812991 -0.015358000
v 0.075313002 0.284318000 -0.009592000
v 0.113523997 0.243085995 -0.080362000
v 0.117444001 0.226212993 -0.088560998
v -0.106197998 0.017662000 -0.085070997
v -0.096500002 0.021942999 -0.089267999
v -0.117475003 0.038079001 0.124647997
v -0.120425001 0.053491998 0.124185003
v 0.102614000 0.273898989 -0.019076001
v 0.058552999 0.291007012 -0.003388000
v 0.021566000 0.025486000 0.151951998
v 0.011593000 0.030585000 0.151886001
v -0.068621002 0.231344000 0.043471001
v -0.052919999 0.234689996 0.046071999
v 0.136540994 0.000812000 0.076554999
v 0.137045994 0.010944000 0.076709002
v 0.135466993 -0.001386000 0.083549999
v -0.126360998 -0.051752001 0.107297003
v -0.125765994 -0.068930000 0.103104003
v -0.294818997 0.130926996 -0.030438000
v -0.243019998 0.226047993 -0.072558001
v -0.227636993 0.229177997 -0.072965004
v 0.170540005 0.253607988 0.037062000
v -0.128243998 -0.203727007 0.110747002
v -0.124881998 -0.191143006 0.112369999
v 0.290995985 0.242778003 -0.053167000
v 0.012456000 0.295183003 -0.089308001
v 0.132227004 0.033374000 0.102641001
v 0.128292993 0.028743001 0.116130002
v -0.018300001 0.264741987 -0.087047003
v -0.016493000 0.255609006 -0.093944997
v -0.154819995 0.012477000 -0.040267002
v -0.143909007 0.015720000 -0.052953999
v -0.147492006 0.001585000 -0.044103999
v -0.055178002 -0.202888995 0.156719998
v -0.065048002 -0.203115001 0.152559996
v -0.064423002 -0.216034994 0.149509996
v 0.079630002 0.290012002 -0.059634998
v 0.066899002 0.291673005 -0.046996001
v 0.196256995 0.216890007 0.049215999
v 0.205359995 0.225480005 0.045396999
v 0.192553997 0.226596996 0.042082999
v -0.139881000 0.213891998 -0.095245004
v -0.132841006 0.227339998 -0.097958997
v 0.032687999 -0.061935000 -0.079011999
v 0.039638001 -0.066533998 -0.089677997
v 0.080634996 -0.005847000 0.146628007
v 0.070431001 -0.009888000 0.149518996
v 0.078419000 -0.025030000 0.146990001
v -0.354754001 0.240268007 -0.054175999
v -0.102418996 0.123236999 0.118340001
v -0.091107003 0.128481999 0.119897999
v -0.042229999 0.082245000 -0.123899996
v -0.046966001 0.072460003 -0.120966002
v -0.053080998 0.089870997 -0.122727998
v -0.218482003 0.139459997 -0.041875999
v 0.104241997 0.105157003 0.133472994
v -0.021800000 -0.172607005 -0.101025999
v -0.038596999 -0.177607000 -0.100323997
v -0.076918997 -0.167164996 -0.100676000
v -0.082032003 -0.179891005 -0.096804000
v -0.088235997 -0.169376999 -0.096451998
v 0.155986995 0.158897996 -0.085574999
v -0.237740993 0.169351995 0.032984000
v -0.227849007 0.174079001 0.033735000
v -0.240151003 0.186950997 0.032276999
v 0.109223999 -0.099907003 0.120476998
v 0.117702998 -0.103611998 0.110592999
v 0.113555998 -0.086580999 0.116806000
v 0.013297000 -0.058343001 -0.075969003
v 0.013519000 -0.071805999 -0.078653999
v -0.047387000 -0.101153001 0.153988004
v -0.040034998 -0.083587997 0.155157998
v -0.010949000 0.236459002 0.071238004
v 0.141218007 0.208698004 0.055783998
v 0.180965006 0.110430002 -0.045205999
v -0.173717007 -0.114882998 0.031095000
v 0.160580993 -0.109540001 0.017347001
v -0.135590002 0.200602993 -0.103977002
v -0.125955999 0.214982003 -0.104634002
v 0.049770001 -0.046872001 0.154501006
v -0.120549999 0.141139999 -0.108539000
v -0.128640994 0.153680995 -0.104699999
v 0.057473000 -0.010378000 -0.088446997
v 0.054458000 -0.003280000 -0.094857998
v 0.063899003 -0.006351000 -0.089631997
v 0.062116001 -0.198642001 -0.105993003
v 0.065343998 0.032225002 -0.103289001
v 0.065531999 0.021406000 -0.102728002
v 0.055707999 0.025575999 -0.106014997
v -0.117854998 0.259353012 -0.063525997
v -0.103694998 0.110004000 0.127210006
v -0.094970003 0.115542002 0.127516001
v -0.099546999 -0.066588998 0.133779004
v -0.089371003 -0.064217001 0.139255002
v -0.227303997 0.163306996 0.033440001
v -0.215781003 0.151256993 0.030206000
v -0.270610005 0.222283006 -0.072235003
v -0.268029004 0.237780005 -0.062758997
v 0.141083002 0.000004000 0.060577001
v 0.046526998 -0.066760004 -0.097430997
v -0.134075999 -0.034924999 0.105664000
v 0.003990000 -0.175724998 0.168975994
v 0.028829001 -0.188920006 -0.103642002
v -0.116074003 0.051585000 -0.087162003
v -0.094044000 -0.182835996 -0.094754003
v -0.155807003 0.191522002 -0.085881002
v -0.155720994 0.181982994 -0.089354001
v -0.046670999 0.097845003 0.144779995
v -0.057971999 0.108623996 0.139312997
v -0.063920997 0.094333999 0.145916998
v -0.095849998 0.282056987 -0.012018000
v -0.099561997 0.271771014 -0.006896000
v 0.115024000 0.264999986 0.006022000
v 0.107068002 0.261119992 0.010863000
v -0.012440000 -0.125129998 0.163206995
v -0.004722000 -0.107711002 0.161833003
v -0.020328000 -0.108131997 0.160318002
v -0.076319002 -0.004156000 -0.092537001
v 0.180004001 0.183371007 -0.078505002
v 0.190092996 0.195904002 -0.081679001
v -0.180480003 0.168769002 -0.080733001
v 0.056175001 -0.096042998 0.154403999
v 0.047497001 -0.089263000 0.156703994
v 0.047582999 -0.106574997 0.156905994
v 0.206753001 0.267684013 -0.014870000
v 0.219364002 0.266820014 -0.012840000
v 0.222492993 0.265902996 -0.025388001
v 0.194341004 0.122239999 -0.017958000
v 0.190628007 0.111909002 -0.028553000
v 0.138503999 -0.215917006 -0.080601998
v 0.123028003 -0.211780995 -0.090267003
v 0.134285003 -0.201943994 -0.082951002
v 0.111208998 0.279671013 -0.043993998
v 0.115019999 0.275736004 -0.072503999
v 0.249173000 0.204729006 -0.075032003
v 0.243530005 0.213993996 -0.072888002
v -0.322239012 0.168663993 0.011762000
v -0.312377006 0.169984996 0.013925000
v -0.137104005 -0.044034999 0.101282001
v -0.144642994 -0.053550001 0.092280999
v -0.133917004 -0.061198000 0.098435998
v 0.108482003 -0.203878999 -0.097000003
v 0.121375002 -0.194664001 -0.088225000
v -0.071199998 -0.220462993 0.144577995
v 0.151620001 -0.123875000 0.067892000
v 0.132092997 0.271331012 -0.050666999
v 0.138895005 0.275341988 -0.043290000
v 0.141213998 0.260529995 -0.049516998
v 0.121909998 0.083662003 -0.089001998
v 0.135509998 0.084242001 -0.076897003
v 0.108162001 0.015844001 -0.090109996
v 0.096625999 0.009287000 -0.091862001
v 0.096343003 0.025369000 -0.093493998
v 0.170615003 -0.200911999 -0.035447001
v 0.175260007 -0.191977993 -0.023353999
v -0.083628997 -0.128382996 -0.105898999
v -0.327158004 0.227641001 0.009757000
v -0.128967002 0.224552006 0.063303001
v -0.134250000 0.215472996 0.063295998
v -0.012128000 0.197857007 0.093794003
v -0.023676001 0.202850997 0.083878003
v -0.129676998 -0.175827995 -0.080980003
v -0.116605997 -0.182085007 -0.085648000
v -0.130806997 -0.194104999 -0.082014002
v -0.091517001 -0.079107001 -0.065769002
v -0.086802997 -0.069064997 -0.069030002
v -0.081081003 -0.086259000 -0.069059998
v 0.186524004 0.097893000 0.025834000
v 0.051561002 0.001015000 0.151864007
v 0.062171001 0.005206000 0.150699005
v 0.051743001 0.010251000 0.151583001
v -0.273066014 0.180601001 -0.076407999
v -0.008912000 0.121087998 -0.131429002
v -0.291083008 0.189257994 -0.077069998
v 0.084167004 0.256558001 0.015341000
v 0.075914003 0.261216998 0.026761999
v 0.231760994 0.263834000 -0.010890000
v 0.238772005 0.262823999 -0.022843000
v -0.147609994 0.218550995 0.045596000
v 0.320223987 0.129378006 -0.031241000
v 0.322338015 0.121981002 -0.024021000
v -0.259144008 0.146181002 -0.045442000
v -0.259864002 0.151068002 -0.056630000
v -0.248322994 0.144975007 -0.046962000
v -0.129926994 0.257889003 -0.078468002
v -0.138479993 0.250530988 -0.073036999
v -0.137023002 0.263805985 -0.066271000
v 0.153484002 -0.082120001 0.078538999
v -0.104900002 0.007714000 -0.084316000
v 0.143220007 -0.025288001 -0.028070999
v -0.120434001 0.151761994 -0.109638996
v -0.107450001 0.150339007 -0.113225996
v -0.145058006 0.240941003 -0.067163996
v 0.155518994 0.073319003 -0.061714001
v 0.139327005 0.073302001 -0.069930002
v 0.051957000 -0.216507003 -0.112597004
v 0.045614000 -0.225580007 -0.115455002
v 0.072965004 -0.109541997 0.147735000
v 0.085079998 -0.104318000 0.141219005
v 0.104711004 -0.082842998 0.126360998
v 0.095872998 -0.085722998 0.134397998
v -0.066620998 -0.076716997 0.147124007
v -0.065479003 -0.087286003 0.147569001
v -0.151794001 0.237128004 0.035377000
v -0.127662003 -0.111357003 0.100727998
v -0.120690003 -0.107270002 0.112115003
v -0.122622997 -0.094370000 0.104656003
v 0.141380996 0.025939999 0.077767000
v -0.155139998 0.275905997 -0.036316000
v -0.150857002 0.270940989 -0.028499000
v -0.147389993 0.263635993 -0.036905002
v 0.237667993 0.223278001 -0.070523001
v -0.045984000 0.113898002 0.136438996
v -0.034396000 0.111543998 0.138125002
v -0.093098000 0.194824994 -0.107350998
v -0.047658999 0.294034988 -0.044819001
v 0.152568996 -0.148607999 0.076589003
v -0.101620004 -0.099175997 0.130678996
v -0.107717000 -0.086039998 0.126573995
v -0.111965999 -0.103297003 0.122285001
v -0.068898000 0.245529994 -0.092927001
v -0.130502000 0.256511003 0.033156000
v -0.170385003 0.077219002 0.030939000
v -0.165344998 0.068340003 0.039967999
v 0.137866005 -0.056924000 0.102674998
v -0.236725003 0.239902005 0.024024000
v -0.225488007 0.238795996 0.026509000
v -0.227888003 0.248014003 0.015105000
v 0.346875012 0.250420988 -0.034251999
v 0.340470999 0.251733005 -0.025810000
v 0.353837013 0.251641989 -0.026098000
v 0.024389001 0.007633000 -0.105502002
v 0.018999999 0.015565000 -0.108457997
v -0.294593006 0.246777996 -0.045968998
v -0.099137001 0.086692996 0.140109003
v -0.104520001 0.072539002 0.140312001
v 0.316956013 0.245287001 -0.000368000
v 0.324725002 0.249117002 -0.008204000
v -0.309011996 0.178326994 -0.074294999
v -0.296368986 0.178886995 -0.077161998
v 0.012671000 -0.145072997 -0.121895999
v 0.002945000 -0.090244003 0.160310999
v 0.011797000 -0.079640999 0.159452006
v -0.153768003 0.268189996 0.011465000
v -0.021617999 0.265246987 0.045777000
v -0.032037001 0.252227008 0.043014001
v 0.048599999 -0.172198996 -0.096501999
v 0.040725000 -0.169309005 -0.097778998
v -0.015807999 0.274168015 -0.086258002
v -0.142690003 -0.006912000 0.096773997
v -0.139889002 -0.017658999 0.101974003
v -0.139459997 0.000062000 0.101218000
v 0.139652997 -0.140724003 0.090328999
v -0.172558993 -0.097932003 0.039429002
v 0.074945003 -0.077939004 0.147626996
v 0.088779002 -0.073709004 -0.077766001
v 0.076909997 -0.086117998 -0.077196002
v 0.079163000 -0.078037001 -0.086818002
v 0.177000999 -0.189211994 0.046153001
v 0.171547994 -0.189354002 0.060063999
v -0.028251000 0.016665000 -0.108952999
v 0.149618000 0.263388008 0.039728001
v 0.148359001 0.168463007 0.067942999
v -0.035856001 0.065103002 -0.121275000
v -0.051176000 0.054218002 -0.115598001
v -0.126229003 0.074801996 -0.087805003
v -0.056345001 0.186474994 0.078114003
v -0.056212999 0.173289001 0.088668004
v 0.133558005 0.059278999 0.116770998
v 0.129117996 0.044415999 0.115667000
v 0.137072995 0.048243001 0.103568003
v 0.023270000 -0.027588001 -0.087034002
v 0.032873999 -0.028298000 -0.083791003
v 0.022938000 -0.040003002 -0.080619000
v -0.092082001 0.078466997 -0.108718000
v -0.083272003 0.083458997 -0.113201998
v -0.186912000 0.222147003 -0.073004998
v -0.172075003 0.228955001 -0.076658003
v 0.237957001 0.227339000 0.026628001
v 0.225522995 0.235490993 0.029936999
v 0.174677998 -0.181032002 0.049426999
v 0.088636003 0.172407001 -0.112558998
v 0.102560997 0.170565993 -0.108335003
v 0.132254004 -0.049646001 -0.035420999
v 0.123636000 -0.047320001 -0.042714000
v -0.162165999 -0.048218999 -0.014013000
v -0.169798002 -0.043432999 -0.022829000
v -0.161912993 -0.059647001 -0.021768000
v -0.019159000 0.231169000 0.067396000
v -0.221614003 0.207372993 0.030198000
v -0.232051000 0.205514997 0.028045001
v -0.224538997 0.195562005 0.028827000
v -0.161442995 0.083114997 0.055629998
v -0.156360000 0.075312003 0.064865001
v -0.160114005 0.090237997 0.063795999
v -0.167986006 0.083751999 0.038387001
v -0.022741999 -0.057082999 0.155779004
v -0.151208997 -0.035252001 0.009861000
v -0.147845000 -0.047405999 0.021515001
v -0.160629004 -0.161387995 0.065941997
v -0.153173998 -0.145076007 0.069408000
v -0.054083999 -0.199566007 -0.107905999
v -0.181645006 -0.184253007 0.013281000
v -0.078685999 0.035069998 -0.100331999
v -0.178857997 0.009216000 -0.021717001
v -0.178273007 -0.002801000 -0.019269001
v -0.056343000 -0.015214000 0.148943007
v -0.063587002 -0.003413000 0.147264004
v -0.071396001 -0.009633000 0.145355001
v -0.272725999 0.194023997 0.028933000
v -0.040442001 0.048089001 -0.115966000
v -0.124236003 0.232774004 -0.098109998
v -0.121790998 0.250398993 -0.088537000
v 0.184083000 0.117579997 -0.043133002
v 0.186192006 0.131117001 -0.049663998
v -0.178169996 0.021260001 -0.023742000
v -0.170800000 0.022304000 -0.030889999
v -0.162086993 0.023365000 -0.036387999
v -0.171740994 0.016315000 -0.030422000
v 0.139186993 -0.106098004 -0.018887000
v 0.146616995 -0.120810002 -0.019827001
v 0.130616993 -0.072659999 -0.046645001
v 0.063937999 -0.144589007 -0.111344002
v 0.048087001 -0.142556995 -0.116745003
v 0.062769003 -0.132686004 -0.112378001
v 0.145319998 0.269652009 0.010603000
v 0.153375000 0.280595005 0.016919000
v -0.080751002 0.054182999 -0.106242001
v -0.163095996 0.075823002 0.047642000
v -0.158108994 0.068003997 0.056839999
v -0.183284998 0.044484001 -0.007722000
v -0.181845993 0.035439000 -0.006186000
v -0.179750994 0.044624001 0.001920000
v 0.091356002 0.218631998 -0.105425000
v 0.075386003 0.207509995 -0.107740000
v 0.300280988 0.182830006 -0.073733002
v 0.322456986 0.191145003 -0.074543998
v 0.334338009 0.190033004 -0.072952002
v 0.320127994 0.181242004 -0.073320001
v 0.255445987 0.261981010 -0.020976000
v -0.070396997 0.256177992 0.016759999
v -0.148032993 -0.113632001 -0.011650000
v -0.148771003 -0.125753000 -0.021128999
v -0.177183002 0.180515006 -0.085592002
v -0.185434997 -0.228073999 0.004653000
v 0.157269999 0.060585000 0.063564003
v 0.150279000 0.055725999 0.079847001
v 0.153595999 0.045481998 0.063245997
v 0.208640993 0.128294006 -0.009729000
v 0.220177993 0.132788002 -0.016865000
v 0.226421997 0.130813003 -0.003668000
v 0.157207996 -0.136533007 0.059377000
v 0.231865004 0.232134998 -0.066605002
v -0.254824013 0.207909003 -0.077739000
v -0.243224993 0.212543994 -0.077559002
v 0.186924994 0.264759004 0.021051999
v 0.190072000 0.259449005 0.027829999
v 0.214718997 0.179693997 -0.069013000
v 0.248987004 0.229432002 0.028050000
v -0.339325994 0.194334999 -0.075920001
v -0.325668991 0.196904004 -0.075521000
v 0.049729001 0.251646012 0.034552999
v 0.038621999 0.258805007 0.037634999
v 0.144624993 -0.124049999 0.076848999
v -0.034798998 0.095325999 0.145768002
v -0.022909001 0.092866004 0.146648005
v -0.028787000 0.102389000 0.142942995
v 0.072516002 0.202511996 0.079602003
v 0.076316997 -0.056814998 0.147511005
v -0.039120998 0.153972000 -0.114124998
v -0.050409999 0.151690006 -0.116345003
v -0.050232001 0.166823000 -0.113793999
v -0.155773997 0.148701996 -0.081597000
v -0.151556000 0.139537007 -0.079604000
v -0.162732005 0.139082998 -0.072586000
v 0.232967004 0.164749995 0.036807001
v 0.129663005 -0.132351995 -0.060715001
v -0.139315993 -0.229490995 0.102080002
v -0.128007993 -0.229725003 0.110850997
v -0.128023997 -0.221076995 0.110639997
v 0.129653007 0.280119985 -0.019742001
v 0.128674001 0.281686991 -0.027270000
v -0.258845001 0.130695999 -0.019714000
v 0.172460005 0.071783997 0.019237000
v 0.169422001 0.054308001 0.021771999
v 0.176883996 0.064253002 0.012140000
v 0.056336999 0.101043999 0.142839000
v 0.067304999 0.088537000 0.148086995
v -0.199857995 0.245919004 -0.067066997
v -0.104920000 0.095876999 0.134102002
v -0.174007997 0.020772999 0.005191000
v -0.178488001 0.038632002 0.002836000
v -0.300244004 0.118238002 -0.015412000
v -0.157864004 -0.045862000 0.068694003
v -0.154464006 -0.043701999 0.056921002
v 0.143821999 0.273054004 -0.012574000
v 0.176159993 0.199950993 0.049190000
v -0.125062004 0.014660000 -0.074335001
v -0.115679003 0.013520000 -0.080256000
v 0.191342995 0.108263999 0.004130000
v 0.190020993 0.103990003 -0.003383000
v -0.151925996 -0.129098997 0.060091998
v 0.097701997 -0.040823001 0.135526001
v 0.087713003 -0.043529000 0.142081007
v -0.175124004 -0.114547998 0.023476999
v -0.172434002 -0.131062001 0.021800000
v 0.180483997 -0.186507002 0.003048000
v 0.110381000 -0.089625001 -0.063546002
v 0.103004001 -0.081266001 -0.056708001
v 0.115911998 -0.083990999 -0.058045000
v -0.151176006 0.062867999 -0.064901002
v -0.159127995 0.061376002 -0.056630000
v -0.158230007 0.074835002 -0.059416000
v 0.003229000 -0.003752000 -0.103003003
v -0.004877000 -0.184561998 -0.103341997
v -0.101396002 -0.154165998 -0.091990001
v 0.005481000 0.245713994 -0.109624997
v 0.001536000 0.256891996 -0.113195002
v 0.006543000 0.255270988 -0.099683002
v 0.001830000 0.219089001 0.080362000
v -0.012679000 -0.090649001 0.159490004
v 0.175971001 0.126216993 -0.057328001
v 0.166723996 0.120653003 -0.065752998
v 0.030733000 -0.154917002 0.165912002
v -0.103375003 0.222793996 0.071946003
v -0.092309996 0.218051001 0.073322996
v -0.092964001 0.228299007 0.066605002
v 0.117597997 0.166372001 0.088192001
v 0.173849002 0.144513994 0.055571999
v 0.181391999 0.147324994 0.046271998
v 0.081804998 0.053056002 0.150042996
v 0.151737005 -0.107258998 0.073434003
v -0.120472997 0.139502004 0.097157001
v -0.111299999 0.138993993 0.103422999
v -0.119197004 0.152615994 0.092017002
v 0.209518999 0.129301995 0.005327000
v 0.217162997 0.134359002 0.015047000
v -0.130676001 -0.025776999 0.109686002
v -0.122088000 -0.020602001 0.116861999
v -0.132008001 -0.012562000 0.109990001
v -0.090824999 0.046312999 0.142138004
v -0.101475999 0.057057001 0.138739005
v -0.099335998 0.040569998 0.137207001
v -0.350690007 0.204285994 0.013734000
v -0.342698991 0.210023001 0.014380000
v -0.096294999 -0.162533998 -0.103729002
v 0.176212996 0.250820011 -0.069871001
v 0.175257996 0.251419991 -0.058378000
v 0.172134995 0.238975003 -0.060426999
v 0.018529000 0.210578993 0.071098998
v 0.010987000 0.222699001 0.070399001
v 0.137271002 0.284530997 -0.002443000
v -0.060933001 0.050802998 -0.112259001
v 0.280483991 0.127279997 -0.001265000
v 0.094944000 -0.209616005 0.136636004
v -0.151282996 -0.069622003 -0.012713000
v 0.145344004 -0.207892999 0.100138001
v 0.350676000 0.245260000 -0.046147998
v 0.180925995 0.043526001 -0.007812000
v 0.183799997 0.053769998 -0.001138000
v 0.182538003 0.037289001 0.001548000
v -0.310851008 0.207147002 -0.075447001
v 0.105111003 0.063294999 -0.091894001
v 0.095554002 0.064690001 -0.098256998
v -0.165518999 -0.138506994 0.026865000
v -0.142103001 0.137408003 -0.087971002
v 0.047621001 0.263289005 0.030765001
v 0.048799999 0.276051998 0.027454000
v 0.032283001 0.266950011 0.041453999
v -0.010569000 0.296784997 -0.093415000
v -0.008487000 0.287431002 -0.099967003
v -0.011685000 0.280833989 -0.094678000
v -0.019277999 -0.201827005 0.165690005
v 0.128324002 0.172241002 -0.098351002
v -0.118570998 0.201829001 -0.107887998
v 0.031039000 0.252914011 -0.086998999
v 0.021091999 0.243397996 -0.091463998
v 0.046937000 -0.152128994 -0.111660004
v -0.201827005 0.250301987 -0.056056000
v -0.234653994 0.229947999 0.024201000
v -0.248806998 0.220563993 0.022785001
v 0.166565999 -0.106925003 0.035324000
v 0.170103997 -0.123778000 0.027427001
v 0.129276007 0.023549000 -0.081692003
v 0.301414996 0.240739003 0.006364000
v 0.291716993 0.241940007 0.006755000
v 0.287290990 0.236274004 0.012931000
v 0.142490000 -0.042114001 0.062918000
v 0.139581993 -0.039122000 0.051511999
v 0.011626000 -0.062345002 0.157855004
v 0.179949999 0.123351000 0.036586002
v 0.086131997 -0.088564999 0.141326994
v 0.092974998 -0.100253999 0.135979995
v 0.148727998 0.261224002 -0.063368000
v 0.130606994 0.007442000 -0.081275001
v 0.119501002 0.011737000 -0.085899003
v -0.055539999 0.257533997 0.024263000
v -0.045196999 0.254485995 0.031647999
v 0.249117002 0.174533993 -0.072461002
v 0.131678000 -0.107284002 -0.061294999
v 0.089648001 -0.052258000 -0.092000000
v 0.171651006 -0.158987001 -0.010291000
v -0.183519006 0.160655007 -0.073928997
v -0.178853005 0.147058994 -0.067287996
v 0.196057007 0.205230996 -0.079233997
v 0.163837999 -0.148160994 -0.023019001
v 0.169551000 -0.150867999 -0.010091000
v 0.169210002 -0.163958997 -0.023213999
v -0.164003000 -0.007856000 0.008453000
v 0.074856997 0.038927998 -0.100188002
v 0.082759999 0.055663001 -0.101172000
v -0.177794993 0.002735000 -0.010243000
v -0.181177005 0.020510999 -0.013944000
v 0.197062001 0.248765007 0.034651000
v 0.200498998 0.254994005 0.020744000
v 0.118900001 -0.028483000 0.123083003
v -0.020678001 -0.227514997 -0.117996998
v 0.143518999 -0.202370003 -0.076208003
v 0.199971005 0.185606003 -0.069681004
v -0.096294999 0.158024997 0.106730998
v -0.090988003 0.164793998 0.105650999
v -0.078027003 0.149177000 -0.117449999
v -0.094182998 0.148991004 -0.115736999
v -0.157888994 -0.057241999 -0.045561999
v -0.166768000 -0.059220001 -0.040853001
v 0.248294994 0.263045996 -0.010593000
v 0.263368994 0.256556988 -0.011164000
v -0.172246993 0.033048999 0.012754000
v 0.125165999 0.073032998 -0.081324004
v -0.174109995 -0.025846999 -0.025227999
v -0.175577000 -0.014633000 -0.017097000
v 0.220980003 0.153331995 0.032903001
v -0.129583001 -0.003727000 -0.058756001
v 0.102162004 0.181789994 -0.107491001
v 0.045024000 -0.104146004 -0.101250000
v 0.049174000 -0.095195003 -0.102853000
v 0.056152001 -0.107808001 -0.091265000
v 0.123654999 0.236286998 -0.080631003
v 0.132819995 0.237932995 -0.077249996
v 0.127441004 0.223656997 -0.085661002
v -0.178777993 -0.179839000 -0.006448000
v -0.004744000 -0.122456998 -0.123448998
v -0.013671000 -0.114817001 -0.119157001
v 0.093107000 0.274569005 -0.018212000
v 0.098021001 0.271836996 -0.011154000
v 0.084905997 -0.141252995 -0.105047002
v 0.070419997 -0.150810003 -0.105227001
v -0.270161986 0.209245995 0.025518000
v -0.262261987 0.202889994 0.028227000
v -0.159167007 -0.145274997 0.056889001
v -0.108994000 0.178992003 0.089576997
v 0.236100003 0.154256999 -0.056308001
v 0.255005985 0.155010000 -0.057174999
v 0.138073996 -0.010578000 0.091210000
v 0.124182999 -0.152197003 -0.080082998
v 0.177939996 0.067120999 -0.039041001
v 0.173281997 0.056813002 -0.045008000
v 0.001093000 0.071153000 0.151851997
v 0.001324000 0.053511001 0.151893005
v 0.300505012 0.200102001 0.023662999
v -0.297181010 0.123416997 -0.023767000
v -0.289995015 0.120797001 -0.014247000
v -0.050085999 0.193309993 -0.108924001
v -0.049520001 0.208370999 -0.104800001
v -0.203261003 0.263345003 -0.007315000
v -0.189135998 0.271447003 -0.010157000
v -0.282314986 0.221067995 0.019361001
v -0.053823002 -0.228547007 0.149817005
v -0.069311999 -0.228933007 0.142692000
v 0.295071989 0.166234002 -0.064934000
v 0.075635001 -0.067387000 0.147599995
v -0.048620999 -0.140922993 -0.120792001
v 0.085694999 0.038162000 0.148338005
v -0.254527986 0.137286007 -0.027223000
v -0.136475995 -0.153527007 0.095310003
v 0.147821993 -0.098934002 0.080463000
v 0.224296004 0.263330996 0.000452000
v 0.207508996 0.265767992 -0.001125000
v 0.041776001 0.153154999 0.106865004
v -0.237957999 0.132731006 0.007054000
v -0.109949000 0.249704003 -0.092914000
v -0.178812996 -0.198948994 -0.015423000
v -0.179318994 -0.185078993 -0.016340001
v -0.186866000 0.141487002 -0.058798999
v -0.108075000 0.192029998 0.084402002
v -0.115888000 0.188733995 0.078754000
v -0.145825997 -0.157405004 -0.059827998
v -0.314888000 0.125082001 -0.003013000
v -0.123470999 -0.007398000 0.117256001
v 0.175334007 0.129725993 0.051031999
v 0.168355003 0.125752002 0.060371000
v 0.173868999 0.119134001 0.046466000
v -0.080282003 0.134356007 0.122078001
v -0.074447997 0.126288995 0.126572996
v 0.141459003 -0.092941001 -0.006979000
v 0.138503000 -0.076985002 -0.009508000
v 0.142598003 -0.078663997 0.005288000
v 0.151284993 0.203059003 -0.087761998
v 0.145308003 0.213614002 -0.089307003
v -0.023031000 0.165628001 0.107640997
v -0.011584000 0.159023002 0.112038001
v -0.137067005 0.254954010 -0.056302998
v 0.041324999 0.193614006 -0.104626000
v 0.029507000 0.183799997 -0.105544001
v 0.028354000 0.200957999 -0.101365998
v 0.102926001 -0.118617997 -0.095403999
v 0.114707001 -0.106859997 -0.087255999
v -0.090874001 0.062066998 0.144182995
v -0.171525002 0.207576007 -0.090323001
v -0.162312999 0.272560000 -0.042261999
v 0.097868003 -0.119955003 0.131298006
v 0.095810004 -0.109518997 0.133426994
v 0.086944997 -0.120026998 0.139274999
v 0.144182995 0.122414999 0.094007000
v 0.237675995 0.259694010 -0.036070000
v 0.254045993 0.257418990 -0.033195999
v 0.238736004 0.256891996 -0.042227998
v 0.022639999 0.109706998 0.139274999
v 0.033546001 0.112049997 0.137604997
v -0.173091993 -0.156158999 0.009486000
v 0.056281000 0.283942014 0.013672000
v -0.220474005 0.179588005 -0.076017998
v -0.214080006 0.186416999 -0.077313997
v -0.142932996 0.003445000 0.090193003
v -0.073985003 0.220832005 -0.098871998
v -0.096107997 0.285203993 -0.023707001
v -0.156822994 0.241668999 -0.070491999
v -0.159303993 0.240869001 -0.080519997
v -0.156604007 0.255484015 -0.071122997
v -0.083930999 0.134538993 -0.118175000
v -0.237269998 0.136822999 0.013064000
v -0.236603007 0.172748998 -0.074305996
v -0.061577000 0.171867996 -0.115098998
v -0.073109999 0.173045993 -0.114684999
v -0.255447000 0.161477998 0.025411000
v -0.243375003 0.162315995 0.029383000
v 0.099191003 0.256449014 0.015744001
v 0.148708001 0.190926000 -0.091934003
v -0.047068000 0.026675999 0.150038004
v -0.038860001 0.032582000 0.150886998
v -0.078822002 0.166714996 0.101107001
v -0.120610997 0.216995999 0.063532002
v -0.110152997 0.224536002 0.064058997
v -0.016928000 0.083339997 0.149755001
v -0.044948999 0.140154004 0.116235003
v -0.033420999 0.139011994 0.116936997
v -0.106935002 -0.127527997 -0.072213002
v 0.028072000 0.290675998 -0.063303001
v 0.038766999 0.283445001 -0.065347001
v 0.122378998 -0.132401004 -0.087631002
v 0.117688000 -0.119291000 -0.084624998
v -0.316489995 0.186867997 -0.076810002
v -0.313699007 0.197142005 -0.077195004
v 0.089043997 0.161175996 -0.113452002
v 0.094880000 -0.074023999 -0.064698003
v -0.068686999 0.197710007 0.067700997
v -0.141994998 0.260861009 -0.046105001
v 0.156396002 0.014556000 -0.050866999
v -0.090388998 0.284617990 -0.056398999
v -0.154809996 -0.036734000 0.075723998
v 0.209158003 0.147287995 -0.049286999
v -0.142274007 -0.188048005 -0.073453002
v -0.092358001 -0.089463003 -0.070321999
v -0.167392999 -0.082156003 0.036049001
v -0.161276996 -0.076003000 0.030719999
v -0.160062000 -0.085763000 0.027778000
v -0.044098001 0.175108001 0.088678002
v 0.168171003 0.046615001 -0.050763998
v -0.165837005 0.037282001 0.027704000
v -0.161154002 0.032595001 0.035928998
v 0.038169000 0.257274985 -0.083281003
v 0.049237002 0.267845005 -0.081992000
v 0.023135999 -0.066903003 -0.078790002
v 0.191425994 0.273061991 -0.029842000
v 0.190862998 0.271171004 -0.018315000
v 0.197945997 0.267087996 -0.022398001
v 0.137980998 -0.120099001 -0.032807998
v -0.172714993 -0.014832000 -0.007251000
v -0.037648000 0.228348002 -0.094305001
v -0.151942000 0.151109993 0.067714997
v -0.027654000 0.171195999 -0.109251998
v -0.165627003 0.251881003 -0.073948003
v -0.143250003 -0.201936007 -0.073438004
v 0.066312000 0.282977015 -0.006469000
v 0.062387001 0.284260005 0.000176000
v -0.152792007 0.141316995 0.070588000
v -0.007509000 -0.024367001 0.154023007
v 0.024594000 0.105163999 -0.128498003
v 0.034813002 0.113812000 -0.124445997
v 0.239648998 0.237140998 0.024095999
v 0.227450997 0.245436996 0.027801000
v -0.081773996 0.220155001 0.049516000
v -0.069647998 0.219566002 0.052384999
v -0.072998002 0.227561995 0.045391999
v -0.075328998 0.209016994 0.058368001
v 0.020745000 -0.183115005 -0.101947002
v 0.028895000 -0.176994994 -0.099307999
v 0.121279001 -0.142229006 -0.087458000
v 0.132245004 -0.139807001 -0.079115003
v 0.046844002 0.071439996 -0.118339002
v 0.035746001 0.062714003 -0.118368998
v 0.106840998 0.083818004 -0.099198997
v 0.092593998 0.084803000 -0.106406003
v 0.102911003 0.094039999 -0.103753999
v 0.013920000 0.079535998 -0.126218006
v 0.002630000 0.071255997 -0.124748997
v -0.102734998 0.116691001 -0.111945003
v -0.170139998 -0.219860002 0.070359997
v -0.193516999 0.203430995 -0.078226000
v -0.007443000 0.022204001 -0.111468002
v -0.310972989 0.117105998 -0.010431000
v -0.321379989 0.118524000 -0.008593000
v 0.013127000 -0.210369006 0.167256996
v -0.173556998 0.117306001 0.043044001
v -0.178865999 0.121276997 0.033330001
v -0.078583002 0.002138000 0.143304005
v -0.086184002 -0.004142000 0.140806004
v -0.211970001 0.251666993 0.012226000
v -0.185207993 0.233531997 -0.067403004
v -0.172716007 0.245056003 -0.071790002
v -0.231739998 0.150578007 0.025451001
v 0.142085999 0.107249998 0.095847003
v -0.169184998 0.221559003 0.041405998
v 0.152787000 0.249050006 0.047777001
v -0.028089000 0.077890001 0.151231006
v -0.147906005 0.197595000 -0.091853999
v 0.182353005 -0.214650005 0.041170999
v -0.095328003 -0.144876003 -0.086277001
v -0.091004997 -0.152671993 -0.098526001
v 0.183882996 -0.223157004 0.004587000
v -0.174658999 -0.136575997 0.012439000
v 0.212510005 0.216773003 0.037602000
v -0.153401002 -0.079902999 0.074023001
v -0.151224002 -0.062803000 0.082300000
v -0.160246000 -0.063294999 0.069444999
v -0.008877000 0.112346001 -0.131647006
v 0.002217000 -0.018928001 0.153915003
v 0.011922000 -0.024156000 0.154503003
v 0.011786000 -0.005800000 0.153225005
v -0.093681999 0.103197999 -0.113283001
v -0.111314997 0.106693998 -0.106666997
v -0.156474993 -0.054297000 0.076516002
v -0.154128000 -0.043104999 0.079827003
v -0.217631996 0.197059005 -0.079903997
v -0.205530003 0.200311005 -0.079915002
v -0.104805000 0.017476000 0.132106006
v -0.098026998 0.023918999 0.136331007
v -0.107446998 0.034644999 0.131816998
v 0.342586994 0.240480006 0.003353000
v 0.351155996 0.234761998 0.009250000
v 0.352088988 0.247507006 -0.005661000
v 0.205734998 0.198853999 -0.071222000
v -0.087998003 -0.141089007 -0.095641002
v -0.034428000 0.264997005 0.038130000
v -0.249072000 0.147386000 0.018621000
v 0.289752990 0.153981000 -0.051002000
v 0.279101014 0.147797003 -0.043875001
v -0.135936007 -0.120204002 0.087320998
v -0.312584996 0.249191001 -0.025335001
v 0.119260997 0.279253006 -0.039965000
v 0.096412003 -0.116205998 -0.094921000
v 0.086246997 -0.115809001 -0.092138000
v 0.271955013 0.139603004 0.013266000
v 0.260154009 0.134103999 0.010174000
v -0.119113997 -0.199518993 -0.090786003
v -0.152761996 -0.100934997 -0.024080999
v 0.295940995 0.208663002 0.027455000
v 0.307393998 0.210822001 0.022469001
v 0.331214994 0.156512007 0.008269000
v 0.184428006 0.245818004 0.033135999
v 0.189309001 0.236754000 0.036200002
v 0.029348999 0.254938006 0.043834001
v 0.345744997 0.179532006 -0.067674004
v 0.331827998 0.173812002 -0.065528996
v 0.133499995 0.212727994 0.063620999
v 0.135004997 0.197988003 0.066995002
v 0.247442007 0.133187994 0.008445000
v -0.013517000 -0.149753004 -0.118591003
v -0.004741000 -0.154753998 -0.114731997
v 0.126156002 -0.107308999 0.100656003
v 0.167439997 0.273665994 -0.040141001
v 0.108925998 -0.143958002 -0.093546003
v 0.111406997 -0.152963996 -0.084752001
v 0.190690994 0.269670010 -0.006787000
v 0.052448999 0.201150998 -0.105575003
v 0.053674001 0.183833003 -0.109114997
v -0.069899000 0.291761011 -0.034281000
v 0.030835999 0.215498999 -0.097831003
v 0.131632999 -0.191113994 0.110969998
v -0.138655007 -0.030870000 0.101777002
v 0.201572999 0.238086998 -0.066978000
v 0.203942999 0.248129994 -0.060300998
v -0.139173999 0.006881000 -0.053828999
v 0.048608001 -0.061096001 -0.090520002
v 0.083365001 0.146752998 -0.115351997
v 0.049213000 -0.057473000 0.155184001
v 0.039737001 -0.061283998 0.156788006
v 0.048659999 -0.068072997 0.155807003
v 0.133399993 0.191185996 -0.095133997
v 0.001704000 0.153687999 -0.131286994
v 0.025340000 0.071222998 -0.122768000
v 0.023957999 0.116149001 -0.126301005
v 0.140799999 -0.021205001 0.098504998
v -0.105988003 0.152248994 0.102026001
v 0.103272997 -0.068277001 -0.057100002
v -0.073615000 0.146300003 0.115534000
v -0.161294997 -0.220197007 -0.058054999
v -0.028429000 -0.193262994 0.165068999
v -0.017511001 0.197832003 -0.112411000
v 0.032058001 0.133925006 0.121169001
v 0.021118000 0.138717994 0.117256001
v 0.274322987 0.162330002 -0.063583001
v 0.274017006 0.154486999 -0.051311001
v 0.264678001 0.158732995 -0.060311999
v -0.106230997 -0.128748998 0.123925000
v -0.100460000 -0.120507002 0.128766000
v -0.109462000 -0.116076998 0.123571001
v -0.055656999 0.002747000 0.148791999
v 0.268667012 0.128937006 -0.009069000
v 0.264030993 0.129802004 0.000846000
v 0.074233003 0.167172998 0.101101004
v -0.246525005 0.240315005 -0.062185999
v -0.252606004 0.232416004 -0.068048999
v 0.138813004 -0.081528001 -0.055721998
v 0.191645995 0.110064998 -0.013658000
v 0.179475993 0.261817992 0.027117001
v -0.138977006 0.087941997 0.101245999
v -0.132616997 0.084797002 0.111151002
v -0.132330000 0.099469997 0.106605001
v -0.150738999 -0.197446004 -0.065553002
v -0.113576002 -0.025967000 -0.069605000
v -0.118046999 -0.034492999 -0.064287998
v 0.205303997 0.216784000 0.044652000
v -0.157141000 -0.193036005 -0.056756999
v 0.030003000 0.175706998 0.089988001
v 0.040837999 0.177052006 0.088766001
v 0.029552000 0.181604996 0.086092003
v 0.205598995 0.130490005 -0.020784000
v -0.108732000 0.068268001 -0.097056001
v 0.059275001 -0.033851001 0.152395993
v 0.060006000 -0.013993000 0.151488006
v 0.050083000 -0.027713999 0.153364003
v 0.328435987 0.126421005 -0.027852001
v 0.205651000 0.191235006 0.036789998
v 0.217282996 0.188051000 0.036642000
v 0.211994007 0.199898005 0.034779001
v 0.038695000 -0.192380995 0.164076999
v -0.032343000 0.230425000 0.054838002
v 0.180818006 0.019200001 -0.004206000
v 0.176935002 0.017526999 0.012817000
v 0.064764000 0.283280998 -0.053925000
v -0.100612000 0.073655002 -0.103537999
v 0.300080001 0.156938002 -0.053619999
v 0.284664989 0.160255000 -0.058651999
v -0.055948999 0.242961004 0.037615001
v 0.181603000 0.090267003 -0.040980000
v -0.025142999 -0.065034002 -0.076858997
v -0.024412001 -0.078612000 -0.074469998
v -0.172071993 0.269259989 -0.012904000
v 0.032708999 -0.038038000 -0.079630002
v 0.348935992 0.191965997 -0.071497001
v 0.341870993 0.200702995 -0.072481997
v -0.287342995 0.174631000 -0.075507998
v 0.099802002 0.226203993 0.044753999
v -0.153828993 0.165539995 -0.093299001
v -0.150959000 0.173416004 -0.096697003
v 0.151910007 0.178357005 0.061815999
v 0.023678999 -0.099004999 -0.115653001
v -0.151681006 -0.058637001 0.023274001
v -0.149405003 -0.047765002 0.029596999
v 0.081750996 0.278113991 -0.071974002
v 0.189069003 0.262589008 -0.038299002
v 0.189806998 0.257696986 -0.042957000
v 0.088042997 0.062797002 0.149113998
v 0.098582000 0.065392002 0.144815996
v 0.086920001 0.078685999 0.149139002
v 0.340826988 0.238941997 -0.054889001
v 0.138339996 0.246103004 -0.066783004
v 0.315357000 0.147443995 -0.041221000
v 0.321206003 0.240278006 -0.054730002
v -0.067345999 0.071271002 0.150105000
v 0.178811997 0.237090006 0.043476000
v 0.181549996 0.222811997 0.043239001
v 0.336593986 0.220853001 -0.067670003
v -0.144788995 0.037362002 0.075441003
v -0.174058005 -0.001691000 -0.028604999
v -0.164388999 -0.194606006 -0.046675999
v -0.323439986 0.243248999 -0.049392000
v 0.086184002 -0.087067999 -0.067955002
v 0.094531998 -0.084215999 -0.062240001
v 0.094824001 -0.100616001 -0.072618999
v -0.085451998 -0.117631003 -0.105749004
v 0.084504999 0.093970001 0.145389006
v 0.075640999 0.083024003 0.148893997
v -0.027448000 -0.007746000 0.152044997
v -0.090719998 0.248520002 0.049109999
v -0.089124002 0.259411991 0.036754001
v -0.070124999 -0.177080005 -0.097574003
v -0.070432998 -0.188918993 -0.102264002
v -0.174596995 0.266541988 -0.002841000
v 0.043145999 0.129133001 0.124977998
v 0.033139002 0.119769998 0.132874995
v 0.044420999 0.114491999 0.135949999
v 0.161607996 0.269450009 0.011128000
v 0.054839998 0.079360001 -0.118134998
v -0.197806999 0.223810002 -0.075975001
v -0.204684004 0.211094007 -0.079664998
v -0.142114997 -0.129181996 -0.035553001
v -0.135732993 -0.121489003 -0.037337001
v -0.130436003 -0.132584006 -0.051350001
v -0.055744000 -0.033712000 0.149541005
v -0.065636002 -0.020900000 0.146899998
v -0.005348000 0.128772005 0.126845002
v -0.052324999 -0.090717003 0.152090997
v 0.072728999 0.277307004 0.003948000
v 0.081745997 0.274421990 0.001789000
v 0.107450001 0.006166000 -0.086644001
v 0.095232002 0.000993000 -0.085798003
v 0.035060000 0.208169997 0.069080003
v -0.171846002 -0.002898000 0.000081000
v 0.102883004 -0.032531001 0.132819995
v 0.254395992 0.148396000 0.021915000
v 0.260288000 0.163521007 0.026304999
v 0.272392988 0.162248999 0.022638001
v 0.022709001 0.137988999 -0.121404998
v 0.055748001 0.143454999 -0.117857002
v 0.165581003 -0.225543007 -0.052078001
v 0.065654002 0.169296995 -0.113967001
v 0.148543000 -0.046257999 0.084486000
v -0.159437999 -0.125636995 -0.008598000
v -0.153063998 -0.121825002 -0.006580000
v -0.153148994 -0.132422000 -0.019928999
v 0.181732997 0.086776003 0.008144000
v 0.179027006 0.075621001 0.010238000
v 0.058414999 -0.220266998 -0.113468997
v 0.063386999 -0.232819006 -0.116658002
v 0.109158002 -0.212441996 -0.097951002
v -0.338293999 0.246511996 -0.016690999
v 0.107810996 0.051989000 0.141054004
v 0.098292001 0.057489000 0.145762995
v 0.001551000 0.035673998 0.151765004
v 0.011578000 0.039549001 0.151828006
v 0.252707988 0.251760006 -0.046020001
v 0.001313000 0.246234998 -0.115511999
v 0.001189000 0.235661000 -0.118203998
v 0.168644994 0.004789000 0.018684000
v 0.160929993 0.012428000 0.031996001
v 0.157490999 0.000720000 0.032205999
v -0.015459000 -0.068884999 -0.075232998
v 0.034414001 -0.005154000 -0.098445997
v 0.044815999 0.000293000 -0.099368997
v 0.023189001 0.093200997 0.146340996
v -0.066652000 -0.009292000 -0.094227999
v -0.056868002 -0.014305000 -0.095541000
v 0.059287000 0.218291998 -0.103127003
v 0.047570001 0.219308004 -0.100745998
v -0.183137000 -0.228543997 -0.015291000
v -0.093500003 0.093482003 0.140937001
v 0.058017001 -0.064300999 0.153539002
v -0.170726001 -0.098301999 0.024166999
v -0.270541996 0.157428995 -0.063579001
v 0.310387999 0.160093993 -0.055881001
v 0.312884986 0.154138997 -0.048232999
v 0.227656007 0.149050996 -0.049660999
v -0.116842002 -0.102511004 -0.084472001
v -0.127193004 -0.100814998 -0.076288000
v 0.005299000 0.142763004 0.116103001
v -0.139569998 -0.212142006 0.102201000
v -0.114260003 -0.084017001 -0.069586001
v -0.122056000 -0.089914002 -0.076632999
v -0.125853002 -0.079651996 -0.065197997
v 0.060106002 -0.182181001 0.158315003
v -0.159038007 -0.077018999 -0.043712001
v 0.095422000 -0.192137003 0.137567997
v 0.020601001 0.150207996 0.107502997
v 0.321009994 0.156313002 -0.050873000
v 0.206321999 0.257212013 -0.052420001
v 0.218718007 0.244040996 -0.058945999
v -0.024970001 -0.228191003 0.158904999
v -0.010154000 -0.228162006 0.161890998
v -0.177733004 0.056862999 0.009277000
v -0.175120994 0.044916000 0.011120000
v -0.189517006 0.120828003 -0.022079000
v 0.043416001 0.213164002 0.065007001
v -0.147581995 -0.027997000 0.034727000
v -0.147145003 -0.018299000 0.041333001
v -0.305045992 0.216398001 -0.073211998
v 0.071369000 0.292917997 -0.034931000
v -0.120406002 0.095137000 -0.099694997
v -0.128949001 0.103058003 -0.096189998
v -0.083796002 -0.174318001 0.142922997
v -0.093755998 -0.165143996 0.134853005
v -0.097338997 -0.174574003 0.132861003
v 0.011309000 0.074911997 0.151134998
v -0.170212999 -0.048888002 -0.031806000
v 0.187782004 0.245773003 -0.057002999
v 0.190437004 0.234500006 -0.063639000
v 0.011666000 0.107395001 0.140619993
v 0.068461001 -0.081219003 -0.095223002
v 0.056416001 -0.090787001 -0.099045001
v 0.062495001 -0.075519003 -0.101338997
v 0.310449988 0.192137003 -0.074787997
v 0.129828006 -0.020841001 -0.077179998
v 0.117215000 -0.021397000 -0.079474002
v 0.149875998 0.110800996 0.084278002
v 0.077953003 -0.120044000 0.144758999
v 0.077129997 -0.130535007 0.145141006
v 0.220494002 0.251583993 -0.051573999
v 0.094963998 0.151276007 0.106491998
v 0.086956002 0.261795998 0.006098000
v 0.082016997 0.267742008 0.010672000
v 0.342990011 0.249850005 -0.013040000
v 0.361050010 0.250432998 -0.015950000
v 0.360834002 0.240884006 0.001374000
v 0.236045003 0.217488006 0.029221000
v 0.223761007 0.217089996 0.032001998
v 0.136250004 -0.009328000 0.076521002
v 0.130354002 -0.006716000 -0.079164997
v 0.118390001 0.002532000 -0.081409000
v -0.073413998 0.025618000 0.145695999
v 0.234596997 0.132529005 0.006936000
v -0.167198002 -0.014108000 0.000798000
v 0.021392999 -0.210225999 0.166141003
v 0.033473000 -0.212125003 0.162358999
v 0.027818000 -0.201270998 0.165812001
v 0.317214996 0.250975996 -0.014029000
v -0.086589999 0.248220995 0.036961000
v -0.147246003 -0.019416999 0.057728998
v -0.148764998 -0.032228999 0.052051999
v -0.180381998 0.107908003 0.017113000
v 0.011687000 0.012461000 0.152317002
v 0.001808000 0.017623000 0.151996002
v -0.276995003 0.238966003 0.005082000
v -0.145104006 0.190494001 -0.098999001
v -0.093332000 0.179878995 -0.111826003
v 0.159912005 -0.018928001 0.018564999
v -0.172690004 -0.026456000 -0.015097000
v 0.069739997 0.244492993 -0.096836001
v 0.065093003 0.254417986 -0.092047997
v -0.011156000 0.232706994 -0.115369000
v -0.027388001 0.057999000 -0.120256998
v 0.172343999 0.263884991 -0.039558001
v 0.027114000 -0.219952002 0.162671000
v 0.020852000 -0.227834001 0.162644997
v 0.036476001 -0.227396995 0.158053994
v -0.069337003 -0.173820004 0.151555002
v -0.036623999 -0.218448997 -0.115479000
v -0.280570000 0.157196999 -0.059996001
v -0.278647006 0.252716005 -0.023816001
v -0.279114008 0.250948995 -0.010713000
v 0.104322001 0.138559997 0.107717998
v -0.017560000 0.212966993 -0.108906999
v 0.041524999 0.033399001 0.151742995
v 0.031642001 0.038456000 0.151822001
v 0.031415999 0.020351000 0.152026996
v -0.050177999 0.066707999 0.151779994
v 0.019866001 0.170965999 -0.113833003
v 0.031909000 0.161890000 -0.111079998
v -0.320870996 0.206495002 -0.075989000
v 0.154228002 -0.134707004 -0.021095000
v -0.072655998 0.017773001 -0.097944997
v -0.033624001 0.170509994 0.099069998
v -0.023220001 0.178342000 0.100560002
v 0.064806998 0.048188001 0.151500002
v -0.099717997 -0.030068001 0.133928999
v -0.137338996 0.111010000 -0.092384003
v -0.145370007 0.106706999 -0.085205004
v -0.069954000 -0.075625002 -0.072572000
v -0.060346998 -0.080540001 -0.073007002
v -0.070024997 -0.092849001 -0.071947999
v 0.161944002 0.269618005 -0.022327000
v -0.233565003 0.142756999 -0.046271998
v -0.185114995 -0.219968006 0.004440000
v -0.179891005 0.132833004 0.034685001
v 0.225848004 0.133243993 0.011018000
v 0.159296006 -0.224280998 0.087430000
v 0.170130998 -0.223627999 0.073670000
v 0.158101007 -0.215835005 0.087305002
v -0.091856003 -0.060361002 -0.067667998
v 0.103788003 0.114286996 -0.106964000
v -0.270384997 0.244442999 0.000778000
v -0.276378006 0.251347989 -0.006442000
v -0.116833001 0.062928997 -0.090496004
v 0.055369001 0.014983000 -0.103804998
v 0.055069000 0.005457000 -0.100140996
v -0.167111993 0.131948993 -0.067827001
v -0.172352001 0.139353007 -0.067975998
v 0.085317999 0.013392000 -0.096115999
v 0.040073998 0.210884005 -0.101112001
v -0.100497000 0.244508997 0.056662001
v -0.094273999 -0.030579999 -0.079372004
v 0.122537002 -0.120641999 0.104943998
v 0.011675000 0.021535000 0.152024999
v -0.170166001 0.268815011 0.005383000
v -0.126448005 -0.077463001 0.099970996
v -0.164672002 -0.080527000 0.057994999
v -0.167309999 0.043120999 0.026877001
v -0.159824997 0.041322999 0.043021001
v -0.164625004 0.055760998 0.037606999
v -0.147549003 -0.037694000 0.028060000
v -0.147853002 -0.034990001 0.040098999
v -0.133515999 -0.087327003 -0.070547998
v -0.133214995 0.279477000 -0.042215999
v 0.029655000 0.217213005 0.065984003
v -0.167800993 -0.037544001 -0.014398000
v 0.102559999 0.165777996 0.098661996
v -0.307514995 0.235507995 0.004836000
v -0.326649994 0.157991007 -0.057812002
v -0.335072994 0.155239001 -0.055117998
v 0.176060006 0.033838000 -0.014004000
v 0.167518005 -0.043049000 -0.020686001
v 0.153127998 -0.039712999 -0.028256999
v 0.158924997 -0.028037000 -0.023370000
v -0.264964014 0.150843993 -0.054970998
v 0.049564999 0.279819995 -0.072474003
v -0.102305003 -0.083333999 -0.064061001
v -0.102049999 -0.071258001 -0.060920998
v -0.101645999 0.198082998 -0.107450999
v 0.175152004 0.080325000 0.018310999
v 0.255378991 0.256139994 -0.003499000
v -0.033775002 -0.087803997 -0.075533003
v 0.151036993 -0.203052998 -0.067633003
v 0.156846002 -0.196546003 -0.060685001
v 0.033728998 0.080127999 0.150076002
v 0.002722000 0.054563001 -0.119912997
v 0.002829000 0.039879002 -0.115872003
v 0.166522995 0.257272989 -0.069890000
v 0.155752003 0.011540000 -0.033822998
v -0.143378004 0.039980002 -0.067261003
v 0.094811000 0.008143000 0.141554996
v 0.089110002 0.023138000 0.145401999
v 0.042592999 -0.029324001 -0.081266001
v 0.043543000 -0.016958000 -0.088422999
v -0.059725001 -0.194152996 0.155327007
v -0.049183000 -0.184502006 0.160695001
v -0.064770997 -0.184005007 0.154019997
v 0.285567999 0.154457003 0.018075000
v 0.054354999 0.124564998 0.128955007
v -0.062300999 -0.098594002 -0.080107003
v -0.054556001 -0.102805004 -0.089020997
v 0.058959000 -0.098240003 -0.091329999
v 0.065462001 -0.090726003 -0.088458002
v 0.069977000 -0.101467997 -0.081012003
v -0.145998999 0.064551003 0.084578000
v -0.007250000 0.000412000 -0.104975998
v -0.136490002 0.030793000 0.096331000
v 0.039195001 -0.071888000 0.157499999
v 0.094400004 0.138492003 -0.112368003
v 0.101566002 0.131323993 -0.109178998
v 0.018640000 0.187087998 0.084911004
v 0.009232000 0.194922000 0.087633997
v 0.009271000 0.181998000 0.093401998
v -0.233425006 0.220967993 0.026054000
v 0.157288998 -0.145450994 -0.035608999
v 0.162670001 -0.160432994 -0.037634000
v 0.150683999 -0.073739998 0.084192000
v 0.144454002 -0.065371998 0.093590997
v 0.078276001 0.107088000 0.140414000
v 0.101365998 0.074127004 -0.099077001
v 0.111707002 0.078883998 -0.094167002
v -0.183425993 0.124158002 0.024614001
v -0.126316994 -0.119032003 -0.047013000
v -0.037994999 0.014323000 0.150635004
v -0.027667999 0.001428000 0.151613995
v -0.028279999 0.019732000 0.151207000
v -0.183686003 0.102089003 -0.027745999
v -0.185383007 0.115454003 -0.030340999
v 0.002433000 -0.086516000 -0.087569997
v -0.134730995 0.236947000 -0.090971000
v 0.103836998 -0.109936997 0.126199007
v 0.100335002 -0.096185997 0.129995003
v -0.183133006 -0.228174999 0.040112000
v 0.062701002 -0.109612003 -0.087568998
v -0.075547002 0.161119998 -0.116184004
v -0.061774001 0.149324998 -0.118006997
v -0.162815005 0.267044991 -0.056524999
v -0.171417996 0.268249005 -0.051723000
v -0.139660999 -0.133965999 -0.042082001
v 0.338903010 0.232370004 -0.061025999
v 0.149210006 0.066431999 0.092679001
v 0.108121999 0.103863001 -0.103301004
v 0.112121999 0.093594998 -0.098916002
v 0.113549002 -0.049486998 -0.072532997
v 0.143538997 0.196921006 0.059429999
v 0.127803996 -0.188585997 -0.081950001
v 0.118166998 -0.178726003 -0.083370000
v -0.200316995 0.253645003 0.013995000
v 0.155475006 -0.156923994 -0.051729001
v 0.148426995 -0.141938999 -0.050797001
v -0.071263000 -0.057739999 -0.075800002
v -0.152255997 -0.091030002 -0.047819000
v 0.263350993 0.149474993 -0.043487001
v 0.254020989 0.144103006 -0.034403998
v -0.165546000 0.098043002 0.054565001
v -0.149009004 -0.146059006 -0.045756001
v -0.082500003 0.198895007 0.078838997
v 0.102513999 0.265783995 0.001283000
v 0.107978001 0.251888007 0.021903001
v 0.117605001 0.251778990 0.023773000
v 0.052232999 0.028620999 0.151417002
v 0.163253993 0.024357000 0.031387001
v -0.016982000 0.241882995 -0.099650003
v 0.177524999 -0.199685007 -0.016292000
v -0.080642998 -0.163826004 0.143995002
v 0.137899995 0.222596005 -0.085891001
v 0.130701005 0.208812997 -0.090856999
v -0.116967000 -0.195162997 0.119236000
v 0.173653007 0.081211001 0.037840001
v -0.132285997 0.012197000 0.109784000
v -0.123910002 0.008603000 0.118114002
v -0.124495998 0.024426000 0.117706001
v -0.093487002 -0.184731007 0.136130005
v -0.079595998 -0.184410006 0.145815998
v 0.021180000 -0.076739997 -0.088468000
v -0.108044997 -0.068894997 0.125914007
v 0.173417002 0.253098994 -0.047644001
v 0.103203997 -0.108338997 -0.088280998
v -0.008691000 0.039381001 0.151686996
v -0.008302000 0.021338999 0.151786998
v -0.293455005 0.157174006 -0.058421001
v 0.163308993 -0.115294002 0.053238999
v 0.164934993 -0.123695999 0.049336001
v 0.003101000 0.010593000 -0.107878000
v 0.002604000 -0.055689000 0.156985998
v 0.003591000 -0.162529007 -0.106145002
v 0.052753001 -0.082474001 -0.105227001
v 0.087172002 0.075083002 -0.106358998
v -0.249758005 0.254839003 -0.038550999
v -0.233060002 0.256148010 -0.041347999
v -0.234208003 0.253307015 -0.047430001
v 0.161787003 -0.198235005 0.080679998
v 0.001800000 0.267425001 -0.110478997
v 0.133656994 -0.092768997 -0.023569999
v -0.258296996 0.153923005 0.020114001
v 0.089583002 -0.009487000 -0.078732997
v 0.100621998 0.033829998 -0.090172000
v -0.169865996 0.151336998 -0.076319002
v 0.172999993 -0.140568003 0.022972001
v 0.171669006 -0.132030994 0.030950001
v 0.168881997 -0.148959994 0.037273001
v 0.067286998 0.231762007 0.057874002
v -0.007381000 0.014889000 -0.109453999
v -0.033213999 -0.184065998 0.165026993
v 0.027406000 0.233192995 -0.096643001
v 0.014974000 0.232005998 -0.095771998
v 0.275961012 0.241059005 0.010806000
v -0.132886007 -0.187061995 0.105633996
v 0.137448996 -0.018394999 -0.067013003
v -0.055156998 0.020670000 0.148963004
v -0.063876003 0.031098999 0.148123994
v -0.063105002 0.014573000 0.147506997
v 0.138420999 0.040197998 -0.074473001
v 0.148820996 0.049153998 -0.068475999
v -0.103580996 -0.060973000 -0.059739001
v -0.035742000 0.222215995 0.060504001
v -0.025704000 0.225031003 0.061912000
v -0.137850001 0.015599000 0.099276997
v 0.051367000 0.229427993 0.053746000
v 0.017469000 0.192754999 -0.108438998
v -0.038259000 -0.062256999 0.154387996
v -0.028542999 -0.065904997 0.155852005
v 0.244808003 0.138881996 -0.025137000
v -0.151483998 0.048788000 -0.061611000
v -0.143239006 0.050400998 -0.069572002
v -0.081029996 -0.094567999 0.141367003
v -0.085259996 -0.079411998 0.140437007
v -0.095177002 -0.090379998 0.135344997
v 0.035248000 0.037983000 -0.112700000
v 0.029898999 0.046077002 -0.115147002
v 0.035409998 0.054104000 -0.116122998
v 0.088422000 0.284597993 -0.067346998
v 0.044353999 0.144627005 -0.115751997
v 0.032827001 0.146249995 -0.115484998
v -0.053033002 -0.067327999 -0.077940002
v 0.217819005 0.246214002 0.028518001
v 0.178216994 0.004851000 0.007017000
v -0.145064995 0.091159999 0.091223001
v -0.138933003 0.095315002 0.099114999
v 0.149286002 -0.186252996 -0.066147998
v 0.098778002 0.154924005 0.103220001
v -0.095591001 0.006721000 0.136721000
v 0.155996993 -0.074100003 0.052852001
v -0.063253999 -0.108375996 0.148583993
v 0.137346998 0.075717002 0.114321001
v 0.145022005 0.078538999 0.103390001
v 0.073370002 0.271192014 0.013281000
v 0.064260997 -0.130527005 0.151503995
v 0.141996995 -0.194176003 -0.074670002
v -0.246528998 0.256693006 -0.026130000
v 0.137075007 -0.037379000 -0.031817000
v -0.018184001 -0.100318998 -0.096198998
v -0.021473000 -0.109658003 -0.110863000
v -0.176914006 0.218256995 0.047345001
v -0.211713001 0.260820001 -0.003622000
v 0.169632003 -0.123591997 0.038885999
v 0.166933000 0.157009006 0.059220001
v 0.107481003 -0.123672999 0.122474000
v 0.002417000 -0.037308000 0.155350998
v 0.168669999 -0.176701993 -0.036742002
v -0.326247990 0.180899993 0.013892000
v 0.217921004 0.208493993 0.033408999
v -0.079746999 0.279399991 -0.002582000
v -0.004728000 0.063565999 0.151868999
v -0.010863000 0.073551998 0.151665002
v -0.015714001 0.057789002 0.151861995
v -0.010632000 0.206637993 -0.121123001
v 0.001185000 0.214242995 -0.122671001
v 0.001252000 0.199146003 -0.125283003
v -0.004842000 -0.140049994 -0.124108002
v 0.031191001 -0.025510000 0.154596001
v -0.025807999 -0.046886001 -0.086447001
v -0.026310001 -0.037539002 -0.090971999
v 0.150784001 0.030128000 0.062978998
v 0.087072000 0.271079987 -0.080210000
v 0.051982999 0.183832005 0.083090998
v 0.045446999 0.019335000 -0.106801003
v -0.076392002 0.042768002 0.146890000
v -0.202194005 0.243788004 0.023024000
v -0.212000996 0.239421993 0.024063000
v -0.152633995 -0.101504996 -0.004332000
v -0.230428994 0.230615005 0.029492000
v 0.090265997 0.267199010 -0.002814000
v 0.107804999 -0.006703000 0.133046001
v 0.111158997 0.005337000 0.132747993
v -0.062295999 -0.062723003 -0.077173002
v 0.020506000 -0.195017993 -0.106158003
v -0.062514000 0.147918001 0.109311998
v 0.155797005 0.070106000 0.080737002
v -0.108158000 -0.139201000 0.121218003
v 0.257411003 0.245908007 0.010686000
v 0.140192002 -0.026253000 0.047274999
v 0.139992997 -0.038339000 0.039579999
v 0.332625002 0.233372003 0.010752000
v 0.333799005 0.245346993 -0.001704000
v -0.148436993 0.024646999 -0.051830001
v -0.064342998 -0.097838998 0.148057997
v 0.055086002 0.117004000 0.134057000
v 0.124100000 0.055334002 0.128297001
v -0.156357005 -0.116732001 0.005410000
v 0.192675993 0.223504007 -0.069701001
v 0.200356007 0.212256998 -0.077657998
v 0.091283001 -0.140875995 0.136549994
v 0.091541998 -0.151199996 0.137619004
v 0.098650999 -0.145969003 0.131799996
v 0.024235001 0.022084000 -0.109999001
v -0.201360002 0.147094995 -0.057092000
v -0.011215000 0.222001001 -0.117771000
v 0.067272000 -0.223832995 -0.113972001
v -0.157957003 -0.231619999 -0.065136001
v -0.058460001 -0.174377993 -0.098618001
v 0.059501000 -0.046263002 -0.078395002
v 0.150692999 -0.198902994 0.093904004
v -0.301032007 0.198142007 -0.076617002
v -0.014743000 -0.080095001 0.158336997
v 0.066182002 0.049316000 -0.108009003
v 0.073766001 0.057463001 -0.106760003
v 0.024572000 0.054127999 -0.117798999
v -0.170187995 0.056830999 0.025390999
v -0.111060001 0.051715001 0.132117003
v 0.153569996 0.285378993 0.000494000
v 0.277184993 0.132743999 0.007146000
v -0.065067001 0.259981006 -0.085298002
v 0.113329999 -0.036619999 0.125211000
v 0.108249001 -0.024312001 0.130406007
v -0.157087997 0.097588003 0.071198002
v -0.082047999 0.051702999 0.147127002
v 0.175565004 0.052846000 0.014157000
v 0.181255996 0.064506002 0.004760000
v -0.250277013 0.253021985 -0.042013999
v 0.041264001 0.165169999 0.097915001
v 0.129345998 0.088606998 0.121643998
v 0.124504998 0.071615003 0.130250007
v 0.153793007 -0.074794002 -0.031420000
v 0.156313002 -0.067442000 -0.020988001
v -0.074766003 -0.194539994 0.147607997
v 0.025136000 0.088016003 -0.126829997
v 0.021508999 0.007291000 0.152566999
v 0.100187004 -0.092673004 -0.065605998
v 0.162954003 -0.054172002 -0.028109999
v -0.018947000 0.119220003 -0.126559004
v 0.051823001 0.209797993 -0.103719003
v 0.063582003 0.208719999 -0.106036000
v -0.111947000 -0.011996000 0.125356004
v -0.114318997 0.005013000 0.124994002
v 0.091104001 -0.035494000 -0.084624000
v 0.104438998 -0.022355000 -0.078188002
v -0.018440999 0.025085000 0.151522994
v 0.102440000 0.234687999 0.037519999
v 0.048096001 -0.171868995 0.162339002
v 0.001133000 0.224940002 -0.120320998
v -0.131715000 0.027745999 0.107786998
v -0.102248996 0.093217000 -0.107983999
v -0.083938003 0.093355000 -0.115078002
v 0.143720999 0.273779005 -0.000651000
v 0.147756994 0.277366012 0.007757000
v 0.069349997 -0.019483000 0.149755999
v -0.046355002 -0.028066000 0.151132002
v 0.055314999 0.069397002 0.151687995
v -0.288619995 0.175616995 0.021493999
v 0.003969000 -0.195058003 -0.106899001
v -0.165364996 0.059657000 -0.046884000
v -0.039804000 0.124709003 -0.117847003
v 0.158427998 -0.123779997 0.058779001
v 0.064639002 -0.102805004 0.151271001
v 0.021590000 -0.029413000 0.155022994
v 0.021517999 -0.011032000 0.153604999
v -0.036844999 0.243616998 -0.091348000
v -0.048703000 0.238068998 -0.095291004
v -0.107303999 0.155677006 -0.113328002
v -0.156535998 0.000497000 -0.039110001
v -0.187028006 0.179432005 0.044392999
v -0.194492996 0.167297006 0.035156999
v -0.042227998 -0.165551007 0.162634000
v -0.021898000 0.067859001 0.151784003
v -0.032900002 0.062199000 0.151839003
v 0.189549997 0.097402997 -0.010521000
v 0.051697999 -0.184358001 0.160880998
v 0.145595998 -0.060343999 0.047979999
v 0.140933007 -0.051158998 0.043887999
v 0.208439007 0.258991003 0.015551000
v 0.165290996 0.053761002 0.029960999
v 0.163516000 0.059902001 0.038244002
v 0.069844000 -0.151253998 0.151562005
v 0.073469996 -0.140915006 0.148260996
v 0.060752999 -0.140829995 0.155118003
v -0.158925995 0.241292000 -0.061988000
v -0.071511000 -0.106723003 0.145024002
v -0.078533001 -0.115571998 0.141579002
v -0.149256006 0.156562999 -0.090466999
v -0.144600004 0.147569001 -0.087777004
v -0.000435000 0.189578995 0.095689997
v -0.033831000 0.151833996 0.109555997
v -0.033792999 0.158227995 0.106628999
v -0.022797000 0.109463997 0.139898002
v 0.224977002 0.193770006 0.035071999
v -0.260477990 0.169960007 -0.071777001
v -0.044891998 -0.219935000 0.156213000
v -0.064401999 -0.107083999 -0.100313000
v 0.164894000 -0.007313000 0.018939000
v 0.153226003 -0.010706000 0.032109000
v 0.138557002 0.247479007 0.041641001
v 0.141530007 0.258233994 0.036419000
v 0.131125003 0.261290997 0.039452001
v 0.114329003 0.162713006 -0.103740998
v -0.136217996 0.246426001 -0.083416998
v 0.103749998 -0.161266997 0.129978001
v 0.264495999 0.155015007 -0.054106001
v 0.021705000 0.038481001 -0.114215001
v -0.306511015 0.188225001 -0.077656999
v -0.030324999 -0.183557004 -0.102838002
v -0.074502997 0.193451002 0.071307003
v 0.160142004 0.047708999 -0.061418999
v 0.158243999 0.060587998 -0.062139001
v -0.002304000 0.031013001 -0.113744996
v 0.122726001 0.251859993 0.045279000
v 0.116660997 0.248342007 0.032196999
v -0.014174000 -0.131546006 -0.124637000
v 0.013090000 -0.039313000 -0.083389997
v 0.013068000 -0.051793002 -0.077607997
v 0.074787997 0.154786006 0.110198997
v -0.182070002 0.056655001 -0.000056000
v -0.184735999 0.056603000 -0.009954000
v -0.008647000 0.077877000 -0.126670003
v -0.039654002 -0.228450999 0.155175999
v -0.084830999 0.113380998 -0.117674001
v -0.079263002 0.122405000 -0.119015001
v -0.074391000 0.105466999 -0.119787998
v 0.186501995 0.092155002 -0.000879000
v 0.185701996 0.097864002 0.006163000
v 0.171458006 0.017209999 0.018221000
v 0.143649995 0.092662998 0.100308001
v 0.129538000 0.013053000 0.117241003
v 0.120258003 0.007915000 0.127336994
v 0.268465996 0.143634006 -0.035354000
v 0.098958001 0.151521996 -0.110280000
v -0.243070006 0.257921994 -0.020395000
v -0.177494004 0.244209006 0.036759000
v -0.176319003 0.251120001 0.027587000
v 0.001377000 0.184018001 -0.127471000
v -0.095867001 -0.040812999 -0.073925003
v -0.033456001 0.213940993 0.065470003
v -0.129669994 -0.145125002 0.102591000
v -0.044966001 0.128294006 0.125157997
v 0.141930997 0.240020007 -0.074142002
v 0.126406997 0.154999003 -0.099779002
v -0.242318004 0.203989998 0.026315000
v 0.037935998 0.270844996 -0.076954000
v 0.282178998 0.243135005 0.007002000
v 0.135933995 -0.107196003 0.089891002
v -0.044452000 -0.058497999 -0.082491003
v -0.327255994 0.147092000 -0.048525002
v 0.018871000 0.181942999 -0.111377999
v 0.141610995 -0.050359000 0.032237999
v 0.142455995 -0.063715003 0.018100001
v 0.200912997 0.178494006 0.039756998
v 0.216707006 0.255299985 0.018860999
v 0.164324999 0.029184001 -0.034715999
v 0.326490015 0.218301997 -0.069151998
v 0.222240001 0.259259999 -0.044567000
v -0.073889002 -0.085662000 0.144445002
v 0.148552999 -0.079092003 -0.049171999
v -0.134479001 0.041847002 -0.074426003
v 0.073523000 -0.017857000 -0.078557000
v 0.089002997 -0.019648001 -0.076663002
v -0.096303001 0.011977000 -0.088243000
v 0.026178000 -0.165308997 0.167526007
v 0.050418999 -0.017803000 0.152775005
v -0.120343000 0.107653998 -0.102417000
v -0.219986007 0.243789002 0.019711001
v -0.215748996 0.234319001 0.030510001
v 0.009705000 0.203490004 -0.115927003
v 0.006587000 0.190322995 -0.123591997
v -0.020862000 -0.236246005 -0.120258003
v -0.164872006 -0.145607993 0.042943999
v -0.163145006 -0.153418005 0.054442000
v -0.131730005 0.069931000 0.114184000
v -0.267450988 0.254525006 -0.009148000
v -0.070912004 0.008395000 0.145638004
v 0.084085003 0.188132003 0.091558002
v -0.142317995 0.218775004 0.052604001
v 0.175889999 0.275128007 0.001437000
v -0.234135002 0.258944005 -0.027961999
v -0.056705002 0.123763002 0.128980994
v -0.178028002 0.233981997 0.042296000
v -0.104413003 -0.028565999 -0.075276002
v -0.075649999 -0.020369001 -0.088996001
v -0.138843998 -0.145022005 0.092616998
v 0.060888000 -0.175244004 -0.096501000
v -0.183171004 0.081191003 -0.024426000
v -0.098412998 0.158676997 -0.114623003
v -0.061053000 0.251994997 -0.089945003
v -0.147954002 -0.136052996 -0.033665001
v -0.155987993 -0.141388997 -0.033674002
v 0.011314000 0.181410998 -0.121032998
v 0.101706997 0.002759000 0.137520000
v -0.175422996 -0.121508002 0.018168001
v 0.208610997 0.212121993 -0.072538003
v -0.150296003 -0.108951002 0.002164000
v -0.149874002 -0.098897003 -0.041049998
v -0.109765999 0.206321999 -0.106780000
v -0.054214001 -0.054492999 -0.083522998
v 0.013601000 0.023592999 -0.111138001
v 0.075501002 0.017323000 -0.099748001
v -0.016342999 -0.133756995 0.164078996
v -0.028107001 -0.125521004 0.161172003
v -0.162037000 0.233848006 -0.068375997
v 0.089679003 0.055335999 -0.097217999
v 0.081543997 0.065491997 -0.105844997
v 0.271308005 0.253715992 -0.006062000
v 0.276897997 0.249158993 0.001030000
v 0.283024997 0.254480988 -0.013025000
v -0.061438002 0.202568993 -0.108650997
v 0.067648999 -0.052414998 -0.090567000
v 0.002962000 0.025168000 -0.112075001
v -0.145772994 0.010790000 0.061298002
v -0.145207003 -0.000583000 0.067073002
v -0.232335001 0.247176006 -0.057611998
v -0.088404000 0.013075000 0.140204996
v -0.073491000 0.131420001 -0.119175002
v -0.067644998 0.140392005 -0.118753999
v 0.167496994 0.267264009 -0.056136001
v -0.184379995 -0.207552999 0.014115000
v -0.082185999 -0.138713002 -0.103800997
v 0.148168996 0.127454996 -0.086153001
v 0.340546995 0.158279002 0.006466000
v 0.091867998 -0.136454999 -0.104192004
v 0.100536004 -0.140272006 -0.099113002
v -0.102266997 -0.079641998 0.131492004
v 0.003305000 -0.124692999 0.164385006
v 0.034908000 -0.173747003 0.166134000
v 0.039692000 -0.163338006 0.165022999
v 0.021400999 -0.175651997 0.168312997
v 0.340741992 0.225364000 0.014255000
v 0.348316997 0.215702996 0.016107000
v 0.195795998 0.194949999 0.042385001
v 0.187273994 0.196954995 0.050301000
v -0.041377999 0.286484003 -0.070005998
v -0.047191001 0.277875006 -0.075387999
v 0.147056997 -0.042541001 0.077027999
v 0.133514002 -0.107121997 -0.029099001
v 0.114358999 0.062013999 -0.085055999
v -0.071254998 0.262879997 0.009366000
v -0.062780000 0.265441000 0.013037000
v -0.084847003 -0.161510006 -0.109062001
v 0.135215998 -0.085427999 -0.017992999
v 0.147064999 -0.073774002 -0.018230001
v 0.209895998 0.128207996 -0.001240000
v 0.146746993 -0.225105003 0.099515997
v -0.169074997 0.021201000 0.014273000
v -0.151446998 -0.023964999 0.017740000
v 0.359109014 0.224647999 0.012337000
v -0.013384000 -0.178801000 -0.101458997
v -0.005010000 -0.167383000 -0.102523997
v -0.140812993 0.061450999 0.095118999
v -0.135442004 0.058235999 0.105406001
v -0.139072999 0.073114999 0.104832999
v -0.082480997 -0.191790998 -0.101278000
v 0.044236999 -0.008486000 -0.094125003
v -0.061260998 -0.055234998 0.148652002
v -0.045247000 0.141404003 -0.115950003
v 0.328626007 0.230021998 -0.063579001
v 0.075438999 0.140478000 0.117129996
v -0.097475000 0.269071996 0.020420000
v -0.082705997 0.255919993 0.025512001
v -0.114882998 0.067171000 0.133809999
v -0.124453999 0.098402999 0.116841003
v -0.115318999 0.097282998 0.126138002
v -0.144409999 0.076191001 0.094232999
v 0.258495986 0.139312997 -0.025787000
v -0.004435000 -0.141902998 0.166909993
v 0.161467999 -0.090478003 0.043164998
v -0.178130999 -0.229161993 -0.034793999
v 0.157592997 0.114384003 0.072672002
v 0.153245002 0.125808001 0.083330996
v 0.166870996 0.113228001 -0.058681000
v -0.204682007 0.126611993 -0.004725000
v -0.203500003 0.126668006 -0.013316000
v -0.097901002 -0.193366006 -0.097769998
v 0.021252999 -0.116323002 -0.115216002
v -0.029609000 0.042169001 -0.115667000
v 0.152119994 -0.056497999 0.077633999
v 0.146998003 -0.056782998 0.091303997
v -0.112139001 -0.076605998 -0.058265001
v 0.154943004 0.106567003 -0.069168001
v 0.160023004 0.037273999 -0.059463002
v -0.070157997 0.103611998 0.141973004
v 0.010031000 0.150223002 0.109585002
v 0.186560005 0.165703997 -0.067832999
v 0.285973012 0.250680000 -0.003114000
v -0.191845000 0.247140005 0.031513002
v -0.034340002 -0.074731998 0.155792996
v -0.029394001 -0.080880001 0.156965002
v 0.142921001 -0.040568002 0.027787000
v 0.141344994 -0.051786002 0.016980000
v -0.316498995 0.157140002 -0.057757001
v -0.026784999 -0.027974000 -0.095002003
v -0.036254998 -0.036858998 -0.091793001
v -0.060646001 0.271688998 -0.074173003
v -0.072159000 0.272058010 -0.070876002
v 0.238049001 0.180265993 -0.073123001
v 0.246434003 0.187690005 -0.074207999
v -0.045419998 -0.045717999 -0.088022999
v 0.228964999 0.133340999 -0.014005000
v 0.236746997 0.205110997 -0.075005002
v 0.100111000 -0.130383998 0.129350007
v 0.003897000 -0.149911001 -0.118403003
v 0.163319007 0.107193001 0.066481002
v -0.053915001 -0.174330994 0.158626005
v -0.102064997 -0.157860994 0.127325997
v -0.116899997 -0.159921005 0.115030997
v 0.146006003 0.228245005 -0.081523001
v 0.064231999 0.059592001 -0.111235000
v 0.180466995 0.112190999 0.040876999
v 0.173170999 -0.179998994 -0.023747999
v 0.177318007 -0.183235005 -0.010514000
v -0.052703001 0.245118007 -0.093713000
v -0.044860002 0.251852989 -0.091219001
v 0.060497001 -0.017553000 -0.082185000
v 0.066600002 0.154411003 -0.116513997
v 0.095733002 -0.230415002 -0.108704999
v 0.011965000 -0.218371004 -0.114455998
v 0.076274000 0.115010001 -0.117154002
v -0.036697000 0.290915996 -0.060042001
v 0.098251000 0.278728008 -0.075148001
v -0.044527002 0.163421005 0.097767003
v -0.050269000 0.164131999 0.096887998
v -0.217720002 0.161651999 -0.069275998
v 0.058035001 -0.207470000 -0.109265998
v -0.038573999 0.014163000 -0.106795996
v 0.181915000 0.093656003 0.016802000
v 0.076586001 0.260598004 -0.084142998
v 0.104006000 0.268344998 -0.002909000
v -0.186838999 0.269183993 -0.042061999
v -0.201391995 0.263262004 -0.032659002
v -0.170935005 -0.228342995 0.070749998
v 0.172480002 0.021330999 -0.013595000
v 0.164094001 0.023513000 -0.022930000
v -0.123643003 -0.071571000 -0.054343000
v 0.229879007 0.255515009 -0.048114002
v 0.017323000 -0.201363996 0.167443007
v 0.033390999 -0.022234000 -0.087676004
v -0.078056000 -0.070467003 0.143342003
v -0.068663001 -0.064213000 0.146485999
v -0.080155000 -0.057966001 0.142888993
v 0.088913999 -0.130454004 0.137658000
v -0.159097001 -0.018954000 0.009077000
v 0.178325996 0.241482005 -0.073629998
v 0.322472990 0.227539003 0.015078000
v 0.009522000 0.244042993 -0.095738001
v -0.140123993 -0.136573002 0.089387000
v 0.023174999 0.127000004 -0.123507999
v 0.033227999 0.135276005 -0.118262999
v -0.061662000 0.160633996 -0.116903000
v -0.065206997 0.286722988 -0.056740001
v 0.137026995 0.150895000 -0.095646001
v 0.046613999 -0.234254003 -0.117876001
v -0.149045005 -0.035634998 0.019470001
v -0.168225005 0.113246001 0.052721001
v -0.162668005 0.105416998 0.061960999
v -0.164261997 0.120701000 0.059487000
v 0.076338999 -0.156177998 -0.097915001
v 0.074300997 -0.166365996 -0.090801999
v 0.198452994 0.197231993 -0.076911002
v 0.278706998 0.195116997 0.032497998
v -0.079163998 0.154457003 0.111110002
v 0.058352001 0.097769000 -0.121042997
v -0.174603999 -0.176387995 -0.020547999
v -0.340301007 0.241475001 -0.004494000
v -0.351882011 0.245608002 -0.014150000
v 0.029410001 -0.108964004 -0.109217003
v 0.120746002 0.175310001 0.084173001
v -0.074170001 -0.115689002 -0.108700000
v -0.084432997 -0.106721997 -0.099881999
v -0.150868997 0.089651003 -0.071171001
v -0.158513993 0.082083002 -0.059916001
v -0.167023003 -0.230774000 -0.051853999
v -0.171339005 -0.219907001 -0.043387000
v -0.150069997 0.077083997 -0.067447998
v -0.247032002 0.149795994 -0.056972999
v -0.342539012 0.222094998 0.011273000
v -0.154491007 0.033697002 0.051708002
v -0.057500001 -0.132217005 -0.118539996
v 0.039039001 0.227835998 -0.096625000
v 0.128108993 0.278880000 -0.057425998
v 0.081371002 0.253288001 -0.092004001
v -0.132395998 -0.003691000 0.110165998
v 0.164789006 -0.016341999 -0.018567000
v 0.171664000 -0.031626001 -0.013431000
v 0.165059999 -0.044916999 -0.006111000
v -0.160448000 -0.070548996 -0.030169001
v -0.193633005 0.256242007 -0.058497999
v -0.092606999 -0.073008999 0.137518004
v -0.012892000 0.266382992 0.049732000
v 0.046852000 0.295228004 -0.046905998
v 0.074311003 -0.114375003 -0.088403001
v -0.055227000 -0.041278001 -0.088138998
v 0.240840003 0.262019008 -0.000414000
v 0.048087001 -0.078670003 0.156304002
v -0.161074996 0.156648993 -0.085560001
v 0.014045000 0.062821999 -0.121623002
v 0.008240000 -0.030548999 -0.089590997
v 0.230786994 0.202209994 0.032566998
v -0.038215999 0.213422999 -0.098641999
v 0.072821997 -0.083764002 -0.086309001
v 0.106041998 -0.097344004 -0.073247001
v 0.165156007 0.149430007 0.063084997
v -0.173868999 -0.177955002 0.046015002
v 0.117443003 -0.007227000 -0.078281000
v 0.091335997 -0.001512000 0.142419994
v -0.159180000 -0.011355000 -0.039675999
v -0.038885001 0.183907002 -0.108097002
v 0.339567989 0.181468993 0.013077000
v 0.343883008 0.168164000 0.008402000
v 0.349914014 0.186829001 0.011800000
v -0.109613001 0.165913001 0.094552003
v 0.333857000 0.138719007 0.002437000
v -0.077891000 0.025377000 -0.097869001
v 0.136133000 0.188536003 0.069092996
v 0.145401999 0.187785000 0.062233001
v -0.008102000 0.012271000 0.152023003
v -0.016876999 -0.048287001 0.155416995
v -0.226909995 0.261027008 -0.019748000
v -0.331465989 0.145523995 -0.047369000
v 0.197095007 0.251058012 -0.054466002
v 0.190606996 0.157004997 -0.060931001
v 0.011802000 -0.043235999 0.156114995
v -0.165820003 0.158847004 0.053126998
v 0.138683006 -0.136566997 -0.057645001
v 0.058458999 -0.030830000 -0.079525001
v 0.030729000 0.172896996 -0.108519003
v 0.142091006 0.203566000 -0.092294998
v 0.110416003 -0.030167000 -0.082725003
v -0.203861997 0.235651001 0.028434999
v -0.059379000 0.286071986 -0.004966000
v 0.046870001 0.105811998 -0.124568999
v 0.242353007 0.195510998 -0.076219000
v -0.224135995 0.221049994 0.034166999
v 0.177646995 -0.224110007 -0.021733001
v -0.183657005 -0.199306995 0.013777000
v 0.003095000 0.298460007 -0.102027997
v 0.251017988 0.246260002 0.016020000
v -0.139284000 0.110183001 0.095129997
v -0.079673000 0.044647999 -0.103225000
v 0.076958001 0.176526994 -0.113265999
v -0.051780999 -0.058798000 0.151329994
v -0.153568000 -0.093452998 -0.011290000
v -0.150538996 -0.077853002 -0.005843000
v 0.355625987 0.205486000 0.016523000
v 0.345268995 0.200358003 0.015807999
v -0.158441007 0.130569994 -0.074054003
v 0.184619993 0.102292001 -0.039278001
v -0.193977997 0.190317005 0.045212001
v -0.226411000 0.168599993 -0.072949000
v 0.002783000 -0.072968997 0.158571005
v -0.103643999 -0.107804000 0.128365993
v -0.094595999 -0.112227999 0.133421004
v -0.039101001 0.168828994 -0.110581003
v 0.167853996 0.114868999 0.056352001
v 0.174734995 0.108066000 0.050965998
v -0.163443998 -0.148934007 -0.032487001
v -0.159614995 -0.154685006 -0.040929001
v -0.175595999 -0.189781994 -0.025192000
v -0.338600010 0.165224001 -0.062679000
v 0.043565001 -0.182153001 0.163767993
v -0.151201993 -0.085914001 0.001161000
v 0.307511985 0.142173007 -0.034042999
v -0.181967005 -0.190081000 0.003592000
v -0.098866001 -0.147524998 0.128448993
v -0.165910006 0.072806999 -0.050855000
v 0.155635998 0.194491997 -0.083825000
v 0.082102001 -0.101884000 -0.075865999
v 0.084582001 -0.107772999 -0.080278002
v -0.005739000 -0.072972000 -0.075948000
v 0.201451004 0.205280006 0.044985998
v 0.178992003 -0.195261002 -0.009997000
v -0.084430002 0.103350997 -0.116489999
v -0.163347006 0.139000997 0.058727000
v 0.214761004 0.136589006 -0.030181000
v -0.045747001 0.219329000 0.058860000
v 0.089414001 -0.222133994 -0.108847000
v 0.161798000 0.129194006 0.072258003
v -0.080012999 0.201700002 0.068480000
v 0.151870996 -0.061654001 0.060578998
v 0.264423996 0.250696987 0.003102000
v 0.175133005 -0.170991004 -0.010546000
v -0.142905995 -0.032995000 -0.048858002
v 0.003841000 -0.076614998 -0.078588001
v -0.344987005 0.187956005 -0.075285003
v 0.032634001 -0.048020002 -0.076110996
v 0.071087003 0.217151999 -0.104851998
v -0.167907000 0.236407995 -0.081850998
v -0.156886995 -0.085248999 -0.037542000
v -0.147086993 0.215276003 -0.082811996
v -0.147446007 0.206201002 -0.086457998
v 0.051727001 0.218031004 0.060633000
v -0.090233997 -0.155641004 0.136689007
v -0.058975998 0.024289999 -0.104693003
v -0.136951998 0.281053007 0.010437000
v 0.082530998 -0.140892997 0.142583996
v 0.031257000 0.002069000 0.152739003
v 0.142287999 0.062798001 0.104445003
v 0.160602003 0.138200000 0.071552999
v 0.167859003 0.136842996 0.063842997
v -0.037769999 -0.174829006 0.164045006
v 0.058607001 -0.053700998 0.153070003
v 0.028337000 -0.183118001 0.167218998
v -0.162526995 -0.136153996 -0.021393999
v -0.066229001 -0.145443007 0.150692001
v 0.154570997 -0.064916000 0.071921997
v -0.087968998 -0.103432000 0.137741998
v 0.247673005 0.254200011 0.004837000
v 0.207013994 0.155412003 -0.055768002
v -0.199934006 0.178608999 0.034143001
v -0.208974004 0.194563001 0.032906000
v -0.028361000 0.134068996 -0.117376000
v 0.126229003 -0.121578000 -0.047738999
v 0.033909000 -0.013752000 -0.093160003
v 0.041170001 0.015162000 0.151972994
v 0.008137000 0.039083999 -0.115405999
v -0.158565000 0.112819999 0.068667002
v 0.162374005 -0.132156000 0.051824000
v -0.101636998 0.234227002 0.065275997
v -0.156470999 0.027933000 0.044188999
v -0.019889999 0.067919001 -0.123585001
v -0.115107000 0.020993000 0.125541002
v 0.042477999 0.176410004 -0.108635999
v 0.182327002 0.093474001 0.036486000
v -0.113668002 0.111511998 0.119382001
v 0.148034006 -0.048978999 0.070128001
v 0.089211002 -0.200944006 0.140825003
v -0.137502000 0.046385001 0.095225997
v -0.141738996 0.055521000 0.090037003
v -0.145245001 0.051058002 0.079917997
v 0.099059001 -0.016345000 0.137003005
v -0.096629001 -0.020273000 0.135784000
v 0.158636004 0.259873003 -0.043510001
v -0.193910003 0.149009004 -0.060685001
v -0.185946003 0.154062003 -0.067814000
v 0.016342999 0.046581998 -0.116746999
v -0.013464000 -0.162665993 -0.106691003
v -0.033603001 0.205014005 0.072898999
v -0.112132996 -0.113857999 -0.082396001
v -0.033797000 0.143848002 -0.114889003
v 0.121321999 0.272103995 -0.005204000
v 0.123269998 -0.077790998 -0.052852999
v 0.000250000 0.134574994 0.121376000
v 0.359997004 0.250348985 -0.037299000
v 0.176801994 0.118453003 -0.050875999
v -0.013406000 -0.195304006 -0.107084997
v 0.066900998 -0.124458000 -0.103133999
v -0.113567002 -0.015563000 -0.071892999
v 0.152113006 -0.068847001 0.050345998
v -0.087338999 -0.035016999 0.140478000
v 0.156909004 -0.202858001 0.087398998
v 0.067613997 -0.227189004 0.146942005
v 0.060695000 -0.219545007 0.151333004
v -0.038736999 -0.188895002 0.162938997
v 0.040787999 -0.021651000 0.153779998
v -0.125337005 -0.161763996 0.107917003
v -0.096556000 0.276780009 -0.022088001
v 0.086131997 0.243617997 -0.096763998
v 0.110486999 0.192423001 -0.103444003
v 0.121688001 0.203507006 -0.095799997
v 0.075332001 0.043288998 0.150049999
v -0.152961001 -0.166688994 -0.055505998
v 0.183365002 0.274444014 -0.012754000
v 0.106648996 0.157133996 -0.107038997
v -0.110739000 -0.233290002 -0.105710998
v 0.143916994 -0.051302999 0.055504002
v 0.170183003 -0.188826993 -0.036327001
v -0.159106001 0.054733999 0.049943000
v 0.093983002 -0.108318001 -0.084036998
v -0.159345999 0.180261001 0.053475998
v 0.102890000 -0.140737996 0.127968997
v -0.050159000 0.177984998 -0.111962996
v -0.206167996 0.201293007 0.040688001
v 0.124194004 -0.144957006 0.108769000
v -0.171318993 -0.089622997 0.035794999
v -0.060633998 -0.088926002 -0.072065003
v 0.021136999 -0.049206000 0.156762004
v 0.184176996 0.213523000 0.049121000
v 0.186681002 0.208378002 0.052164000
v 0.132477999 -0.108386002 -0.049766000
v 0.177672997 0.269753009 0.015088000
v 0.066785000 -0.161559999 0.154218003
v 0.065218002 0.180345997 -0.112037003
v 0.082391001 -0.209730998 0.143462002
v 0.076858997 -0.201050997 0.147771999
v -0.235339001 0.194374993 0.029339001
v 0.139140993 -0.140522003 -0.068485998
v -0.159574002 0.128099993 0.065800004
v 0.077395998 0.165336996 -0.114453003
v -0.084326997 -0.018505000 0.141506001
v 0.317838997 0.138448998 -0.036246002
v -0.150428995 0.036486000 -0.057139002
v -0.071834996 0.276722997 -0.064952001
v -0.073103003 0.289815009 -0.048620000
v -0.125716999 0.260574013 -0.073732004
v 0.256505996 0.222117007 0.026310001
v 0.022973999 -0.053201001 -0.075979002
v -0.116135001 -0.120445997 0.117637999
v -0.100745998 0.260495991 0.020253999
v 0.105182000 -0.012043000 -0.078091003
v 0.106036998 -0.002019000 -0.080461003
v -0.101480998 0.083410002 -0.105866998
v 0.148477003 0.247416005 0.038670000
v -0.235388994 0.257683992 -0.011620000
v -0.177545995 0.096185997 0.019303000
v -0.172953993 0.091784999 0.029088000
v 0.007488000 0.234364003 -0.105319999
v -0.173582003 -0.031831998 -0.024465000
v 0.115762003 -0.039384998 -0.082091004
v 0.056820001 -0.085472003 0.154257998
v 0.114165001 -0.116945997 0.114947997
v 0.072714999 0.009337000 0.149045005
v -0.073197000 -0.107860997 -0.101025000
v 0.050496999 -0.023272000 -0.082307003
v -0.035964999 0.047497001 0.151528001
f 1 2 3
f 4 5 6
f 7 8 9
f 10 11 12
f 13 14 15
f 16 17 18
f 19 20 21
f 22 23 24
f 25 26 27
f 28 29 30
f 31 32 33
f 34 35 36
f 37 38 39
f 40 41 42
f 43 44 45
f 46 47 48
f 49 50 51
f 52 53 54
f 55 56 57
f 58 59 60
f 61 62 63
f 64 65 66
f 67 68 69
f 70 71 72
f 73 74 75
f 76 77 78
f 79 80 81
f 82 83 84
f 85 86 87
f 88 89 90
f 91 92 93
f 94 95 96
f 97 98 99
f 100 101 102
f 103 97 99
f 104 105 106
f 107 108 109
f 110 111 112
f 113 114 115
f 116 117 118
f 119 120 121
f 122 123 124
f 125 126 127
f 128 129 130
f 131 132 133
f 134 135 136
f 137 138 139
f 140 141 142
f 143 144 145
f 146 147 148
f 149 150 151
f 152 153 154
f 155 156 157
f 158 159 160
f 161 162 163
f 164 165 166
f 167 168 169
f 170 171 172
f 173 174 175
f 176 177 178
f 179 180 181
f 182 183 184
f 185 186 187
f 188 189 190
f 191 192 193
f 194 195 196
f 197 198 199
f 123 200 201
f 202 203 204
f 205 206 207
f 208 209 210
f 211 212 213
f 214 215 216
f 217 218 219
f 220 221 222
f 223 224 225
f 226 227 228
f 229 230 231
f 232 233 234
f 235 236 226
f 237 238 201
f 239 240 241
f 242 243 244
f 245 246 247
f 248 249 250
f 251 252 253
f 254 255 256
f 257 258 259
f 260 261 262
f 263 264 265
f 266 267 186
f 268 269 270
f 271 272 273
f 274 115 275
f 276 262 261
f 277 278 279
f 236 280 281
f 282 283 284
f 285 286 287
f 288 289 290
f 291 292 293
f 294 241 295
f 296 297 298
f 299 300 301
f 294 295 136
f 302 303 304
f 305 306 199
f 307 308 309
f 310 311 312
f 313 314 315
f 316 317 318
f 319 231 320
f 321 322 323
f 324 325 326
f 327 328 329
f 330 331 332
f 187 333 334
f 335 336 337
f 338 339 340
f 341 342 343
f 344 345 346
f 347 348 349
f 329 350 351
f 352 353 354
f 224 355 356
f 357 358 359
f 360 361 362
f 363 364 365
f 366 367 368
f 369 370 371
f 372 120 373
f 374 375 376
f 377 378 379
f 380 376 375
f 381 382 383
f 384 385 386
f 199 387 388
f 389 390 391
f 392 393 394
f 395 396 397
f 398 399 400
f 401 402 403
f 404 405 406
f 407 408 83
f 409 410 411
f 412 413 414
f 415 416 417
f 418 419 420
f 421 422 423
f 424 425 426
f 408 407 291
f 427 428 429
f 430 431 222
f 432 433 434
f 274 435 436
f 437 438 439
f 440 441 442
f 443 444 445
f 446 447 448
f 449 450 451
f 452 453 454
f 455 456 457
f 458 459 460
f 461 136 462
f 463 464 465
f 466 467 468
f 469 470 471
f 472 36 473
f 474 475 476
f 156 477 478
f 479 480 481
f 482 483 484
f 368 485 486
f 487 488 489
f 490 491 492
f 186 267 493
f 494 495 496
f 497 4 498
f 499 500 501
f 502 503 504
f 505 506 234
f 507 508 509
f 510 511 512
f 513 514 515
f 516 517 518
f 371 519 520
f 521 522 523
f 524 525 526
f 90 527 88
f 528 529 530
f 531 532 533
f 534 535 25
f 536 537 538
f 539 540 541
f 542 443 543
f 544 545 546
f 547 548 549
f 550 551 552
f 553 554 555
f 556 557 558
f 559 560 561
f 562 388 563
f 564 565 566
f 567 568 569
f 570 571 572
f 573 574 536
f 69 575 67
f 576 577 578
f 579 580 581
f 582 583 584
f 585 101 586
f 587 588 589
f 590 591 592
f 593 594 595
f 596 597 598
f 63 599 600
f 601 602 603
f 604 605 372
f 606 607 608
f 609 610 27
f 611 612 613
f 614 615 616
f 617 618 619
f 620 621 622
f 623 624 625
f 626 627 628
f 629 630 631
f 632 633 634
f 635 636 504
f 637 638 591
f 330 639 640
f 641 642 643
f 644 645 646
f 647 648 649
f 650 651 652
f 653 654 655
f 656 657 658
f 659 660 661
f 290 662 663
f 664 665 666
f 34 472 667
f 668 669 670
f 260 671 672
f 673 674 620
f 675 676 677
f 678 658 679
f 680 362 361
f 681 682 444
f 683 684 685
f 686 687 688
f 689 2 1
f 690 691 692
f 693 692 691
f 500 694 695
f 696 697 698
f 661 429 428
f 163 699 700
f 701 702 515
f 464 463 703
f 704 705 706
f 707 708 487
f 475 474 709
f 710 711 712
f 713 714 715
f 716 717 718
f 719 720 721
f 722 304 723
f 443 724 444
f 725 726 727
f 728 729 730
f 731 732 733
f 734 735 736
f 737 738 739
f 740 741 742
f 743 677 676
f 744 745 746
f 747 748 749
f 750 751 752
f 753 754 755
f 756 326 325
f 757 337 336
f 758 759 760
f 761 762 763
f 764 765 766
f 432 767 768
f 295 462 136
f 769 770 771
f 118 772 773
f 774 775 776
f 777 778 779
f 780 781 782
f 783 784 785
f 786 787 788
f 789 160 790
f 159 790 160
f 791 792 793
f 794 795 796
f 797 360 362
f 798 799 800
f 801 802 803
f 402 804 805
f 806 302 807
f 808 809 810
f 811 812 813
f 814 815 816
f 399 817 400
f 818 759 819
f 820 821 370
f 822 823 727
f 824 825 826
f 550 312 311
f 135 827 136
f 828 829 830
f 831 832 833
f 788 834 835
f 836 837 838
f 839 746 745
f 674 673 840
f 841 842 843
f 844 845 846
f 847 848 849
f 281 850 851
f 852 853 854
f 855 562 563
f 856 857 858
f 859 860 861
f 862 863 864
f 865 866 867
f 868 869 870
f 871 872 20
f 873 874 875
f 876 877 25
f 878 879 880
f 881 882 883
f 884 885 886
f 887 888 889
f 890 891 892
f 893 894 895
f 896 897 763
f 898 899 900
f 901 902 903
f 904 254 905
f 906 907 908
f 909 910 911
f 790 912 913
f 166 914 915
f 916 917 918
f 919 920 921
f 922 923 924
f 925 107 109
f 926 927 928
f 929 930 931
f 932 185 187
f 933 934 935
f 936 937 938
f 939 940 941
f 942 943 944
f 945 946 947
f 948 949 950
f 951 952 953
f 954 955 956
f 957 320 231
f 958 959 883
f 622 621 960
f 961 962 963
f 555 964 553
f 100 102 965
f 966 967 968
f 969 968 967
f 605 121 372
f 970 971 972
f 973 974 975
f 976 977 978
f 979 980 981
f 982 983 984
f 985 986 987
f 988 989 990
f 991 992 993
f 994 995 67
f 996 506 997
f 998 999 1000
f 886 630 1001
f 1002 1003 1004
f 1005 1006 1007
f 1008 1009 1010
f 374 1011 375
f 1012 1013 1014
f 1015 1016 1017
f 383 1018 1019
f 840 1020 1021
f 176 1022 1023
f 1024 1025 1026
f 238 1027 1028
f 1029 1030 170
f 1031 770 1032
f 1033 1034 191
f 681 1035 1036
f 1037 1038 1039
f 1040 1041 284
f 859 1042 860
f 1043 1044 1045
f 1046 1047 1048
f 1049 998 1000
f 1050 1051 776
f 1052 636 1053
f 1054 1055 1056
f 1057 1058 1059
f 1060 1061 1062
f 212 232 1063
f 1064 1065 1066
f 556 1067 557
f 1068 1069 1070
f 1071 1072 1073
f 736 766 765
f 60 1074 1075
f 1076 1077 1078
f 1079 1080 1077
f 1081 88 109
f 1082 1083 1084
f 1085 486 1086
f 236 1087 280
f 1088 1089 230
f 1090 1091 633
f 1092 1093 1094
f 1095 1096 768
f 1097 1098 1099
f 1100 1101 1102
f 1103 73 75
f 1104 1105 509
f 322 1106 783
f 920 581 921
f 1107 227 1090
f 1108 1109 1110
f 1111 1112 1113
f 279 969 1114
f 1115 1116 1117
f 1118 1119 1120
f 1121 1122 1123
f 1124 1125 1126
f 1127 768 767
f 668 670 1128
f 1129 1130 640
f 1131 1132 1133
f 160 1134 158
f 998 1135 999
f 1136 1137 1138
f 1139 1140 1141
f 893 1011 1142
f 1143 1144 1145
f 239 1146 1147
f 1148 1149 1150
f 1151 1152 1153
f 966 1154 373
f 1155 1004 1003
f 1156 1157 1158
f 1159 1160 653
f 832 1068 1161
f 1162 1163 1164
f 1165 1166 1167
f 1168 1169 497
f 1092 1170 1171
f 1172 1173 1174
f 1006 249 1175
f 1176 1177 1178
f 284 1041 282
f 1179 1180 1181
f 719 721 1182
f 1183 1184 252
f 1185 1186 1134
f 549 1187 1188
f 1189 1190 1191
f 214 1192 1193
f 1194 1195 1196
f 1197 1198 1199
f 82 84 1200
f 1201 1202 275
f 1203 1204 31
f 1205 1206 1207
f 1208 1209 1210
f 433 432 1211
f 1212 1145 1144
f 225 1213 1214
f 1215 274 1216
f 604 372 1217
f 1033 1218 1219
f 1220 1111 1113
f 1221 1222 1223
f 1224 1225 1226
f 1227 1228 1229
f 1230 1231 1232
f 1233 1107 1234
f 1235 1236 1237
f 1238 1239 1240
f 355 1241 718
f 1081 1242 734
f 687 1243 1244
f 1245 1246 1247
f 1248 1249 1250
f 1251 1252 1253
f 732 1254 733
f 182 1255 183
f 355 1256 1257
f 1258 1259 1260
f 1261 301 300
f 1262 1263 1264
f 1265 1188 1266
f 1267 946 1268
f 610 1142 374
f 45 44 118
f 1269 1270 1067
f 1271 1272 1273
f 1274 1275 1276
f 1277 1278 1279
f 1280 1281 236
f 1282 1283 1013
f 1284 1285 1198
f 1286 1287 1288
f 473 1289 1290
f 1291 460 459
f 1123 1292 1293
f 477 1294 478
f 1295 840 673
f 1296 1297 1298
f 969 1299 1300
f 1301 1302 1303
f 1304 1305 1306
f 1307 1308 1309
f 1310 1311 1312
f 1313 1314 1315
f 1316 1317 414
f 1318 1319 1320
f 1321 1322 1323
f 1324 1325 1326
f 116 118 44
f 1327 1328 999
f 1329 1330 1331
f 1332 752 751
f 1333 1334 1335
f 746 377 744
f 637 1336 638
f 1068 1070 1161
f 1337 1338 1339
f 1340 1341 1005
f 1342 1343 1344
f 1345 1346 1347
f 1348 1349 1350
f 1351 286 285
f 1352 237 1353
f 1354 1355 495
f 1356 1357 1358
f 449 1359 1360
f 1361 131 1362
f 1363 1364 1365
f 1366 1367 1368
f 1369 1370 1371
f 1372 1373 1374
f 1375 1376 912
f 1377 1378 720
f 1379 1380 1381
f 1382 298 297
f 1383 1384 1385
f 1386 1387 1388
f 1389 1390 1391
f 1392 1393 1394
f 1395 1396 1397
f 1398 1399 1400
f 1399 1401 1400
f 1402 1403 1404
f 1405 1406 1407
f 741 1408 1409
f 1410 1288 43
f 1219 1411 1033
f 1412 1413 1414
f 1415 1416 1417
f 1418 1419 1420
f 1421 1422 1423
f 484 1423 1422
f 91 864 863
f 1424 1425 1426
f 1373 1372 1293
f 1312 1427 1428
f 1429 127 1430
f 1431 493 267
f 1432 1433 1434
f 1435 1436 1437
f 944 1438 1439
f 1440 1441 1442
f 1443 327 329
f 1444 1070 1069
f 890 892 1445
f 1446 1447 1448
f 1046 736 735
f 1449 1450 1451
f 1452 1453 1122
f 1454 1455 1456
f 675 677 1457
f 1458 598 1459
f 1460 269 1461
f 1462 1463 1464
f 754 1465 291
f 1466 1467 1468
f 1469 1470 1471
f 1253 892 891
f 594 1472 595
f 1052 1457 1473
f 1181 1474 1179
f 1222 1475 1476
f 1477 1478 1479
f 1480 653 655
f 1481 756 613
f 1482 1483 1484
f 1485 278 277
f 680 1486 1487
f 1488 1489 1490
f 505 997 506
f 1491 78 77
f 1492 1493 1048
f 1494 1495 1496
f 1497 1498 1499
f 185 932 266
f 473 1500 1289
f 1501 504 636
f 814 1502 1503
f 1504 1505 1506
f 1051 1507 776
f 1508 57 1509
f 1459 1510 1511
f 1512 1377 720
f 1513 1514 1515
f 1117 972 971
f 1516 1517 1518
f 1519 1520 1521
f 1522 1150 1523
f 197 1524 133
f 1525 1526 1527
f 1528 1529 1530
f 200 1531 1353
f 1532 1533 1534
f 1082 1400 1401
f 1045 132 1535
f 1536 1477 1537
f 1538 868 1539
f 1540 526 1541
f 1542 1543 1544
f 1545 1202 1546
f 1547 572 571
f 1548 72 1549
f 473 1290 1550
f 1551 426 510
f 1552 1553 1554
f 657 656 1555
f 1556 1477 1557
f 1558 1559 1560
f 1561 295 241
f 1427 462 295
f 1562 1563 1564
f 1565 440 442
f 1225 486 485
f 1566 602 1418
f 1567 1568 222
f 1569 1570 683
f 1165 1571 1572
f 1562 1297 1573
f 324 1574 1575
f 1576 1577 1578
f 1579 1580 1534
f 1581 1582 434
f 1402 1583 103
f 1584 534 1585
f 1586 1587 1588
f 1589 1347 1590
f 1591 1497 1499
f 1592 1593 1594
f 493 1385 1384
f 1595 1596 1597
f 1598 740 1599
f 1600 427 1601
f 1602 1603 1604
f 1605 1453 1452
f 1606 1607 359
f 1608 1609 1610
f 1611 1612 1613
f 1614 1226 1615
f 1483 1616 1484
f 1617 1618 1619
f 1620 419 1621
f 1622 1623 1624
f 1625 18 17
f 1626 1627 1628
f 1334 1629 1630
f 668 222 431
f 203 202 1631
f 190 1632 971
f 1260 1633 1258
f 1634 1635 1636
f 646 1637 1638
f 1639 1640 1641
f 1642 656 678
f 1643 1644 1645
f 1646 1043 1452
f 1647 1648 1649
f 1650 1301 441
f 1651 1652 1653
f 1047 1046 1654
f 1655 1656 1657
f 1658 1451 1659
f 1303 441 1301
f 122 1660 123
f 1661 1662 1663
f 1664 1665 1666
f 1667 1668 1669
f 1670 1671 1672
f 1673 151 1018
f 1674 1675 676
f 1676 1677 1678
f 1679 1680 1681
f 1682 1683 203
f 1380 953 952
f 1684 1685 1686
f 1687 1063 1688
f 1689 1690 1097
f 1691 1692 1693
f 1694 1695 1696
f 240 239 1147
f 1697 1698 1699
f 1700 1701 1702
f 171 1703 1704
f 1705 82 1706
f 1245 1247 1707
f 19 1708 1709
f 198 133 1710
f 1711 1712 1083
f 1713 1714 109
f 1714 1081 109
f 1715 1716 1717
f 1718 1456 926
f 1719 1720 1721
f 1722 1723 1724
f 1725 1726 1727
f 1728 1729 805
f 1098 1656 1730
f 1731 1732 1733
f 844 846 1734
f 1735 835 1736
f 1737 1738 1739
f 1740 1741 1742
f 1743 718 1241
f 1744 102 101
f 1745 202 204
f 461 134 136
f 1285 1746 1747
f 1373 1293 1748
f 1749 1750 1387
f 1751 1752 1753
f 1754 1221 1755
f 1756 1757 1758
f 1759 726 1760
f 288 1761 1762
f 1763 1764 990
f 1765 1766 471
f 1767 1768 1769
f 1633 1770 1771
f 1772 1773 1774
f 610 1775 27
f 1776 793 1777
f 1778 1779 1780
f 609 27 26
f 1781 993 992
f 1782 1783 1784
f 1534 1580 1785
f 1785 1786 1787
f 161 700 1788
f 1789 735 1242
f 1790 919 1791
f 943 1436 944
f 1792 1661 1663
f 1793 1794 1795
f 1796 1797 906
f 1798 1248 1799
f 1800 1801 1802
f 1803 1804 1805
f 1806 1807 1808
f 88 527 109
f 1493 766 736
f 1809 1810 1811
f 1812 479 1813
f 1814 241 240
f 1815 1816 1458
f 1817 1818 21
f 881 1819 1788
f 1820 1821 1822
f 1823 1026 1025
f 1824 1825 1826
f 1827 1828 533
f 1829 1763 989
f 1830 1831 1832
f 1833 1834 1745
f 1835 1836 1837
f 1838 1445 892
f 1839 1840 1841
f 639 1842 1843
f 1025 1024 1844
f 173 1845 1846
f 1847 1848 1849
f 1850 1851 1852
f 718 356 355
f 891 1251 1253
f 1853 890 1445
f 255 1854 256
f 1149 749 748
f 1855 1856 152
f 1857 1858 1859
f 330 332 639
f 1860 511 1861
f 1862 1863 1864
f 1865 1866 1867
f 393 392 1868
f 1869 1870 1871
f 835 1872 1736
f 1873 649 1874
f 719 1512 720
f 1875 1077 1080
f 1876 1877 1878
f 1879 1880 1881
f 1882 1883 1884
f 1885 1886 1887
f 1888 1293 1372
f 196 1132 194
f 1889 1890 1642
f 1891 1892 1138
f 1893 1223 1476
f 1894 650 1558
f 1895 13 15
f 1896 1897 6
f 1898 18 1899
f 1900 1901 1902
f 322 783 1903
f 1904 1905 1906
f 1907 934 1908
f 1909 1910 1911
f 1235 1237 1912
f 976 1913 126
f 1618 1323 1914
f 415 1915 1916
f 1917 1918 614
f 1566 1418 1919
f 1920 1921 1922
f 1923 1924 1195
f 584 1925 1926
f 975 1927 1928
f 1929 1743 1241
f 1930 1240 1239
f 1252 1931 1811
f 1932 1167 1166
f 1933 1319 1934
f 990 1935 988
f 1936 1937 1938
f 1939 1335 1334
f 1940 1139 1141
f 1941 1079 1076
f 1942 1943 1944
f 1945 1946 1947
f 1569 683 1146
f 1357 566 565
f 1948 1234 1949
f 455 1950 110
f 1437 1951 1952
f 1953 1954 1955
f 1956 1957 1958
f 1959 1960 1961
f 1962 1963 1964
f 1965 1833 204
f 1966 1184 1967
f 1968 1969 184
f 1254 1970 733
f 1971 1972 1973
f 1943 1974 1944
f 1975 1976 1977
f 1418 1420 1978
f 1979 1980 922
f 1981 1982 1983
f 140 1984 141
f 1985 1986 1987
f 1 1061 1060
f 1988 1989 1990
f 1991 679 1992
f 1993 5 1994
f 1995 1996 137
f 968 1997 966
f 1998 1999 2000
f 2001 1052 2002
f 2003 2004 2005
f 2005 2004 311
f 1196 1195 1924
f 2006 1702 1701
f 312 2007 310
f 145 2008 604
f 1359 121 2009
f 1658 339 2010
f 685 2011 1495
f 2012 75 2013
f 907 906 1797
f 2014 2015 2016
f 2017 2018 594
f 107 2019 2020
f 580 579 2021
f 2022 2023 1872
f 2024 1774 916
f 2025 670 194
f 2026 638 1336
f 2027 482 484
f 375 2028 380
f 2015 2029 2030
f 2031 2032 2033
f 1810 1809 298
f 1682 1334 1333
f 2034 595 2035
f 2034 1560 2036
f 1583 2037 103
f 2038 2039 2040
f 1605 1535 1453
f 825 824 2041
f 2042 870 869
f 2043 589 2044
f 1696 1272 2045
f 833 454 831
f 1801 2046 2047
f 2048 2049 2050
f 1889 2051 2052
f 2053 2054 2055
f 1619 1914 2056
f 2057 2058 2059
f 2060 851 2061
f 2062 2063 2064
f 450 2065 2066
f 2067 2068 2069
f 2070 2071 906
f 2072 2073 2074
f 1866 1521 2075
f 295 2076 1427
f 1442 1769 2077
f 2078 2079 2080
f 275 435 274
f 2081 2082 2083
f 2084 2085 2086
f 537 536 574
f 2087 2088 1475
f 1936 1938 2089
f 2090 1824 2091
f 2092 2093 2069
f 13 2094 2095
f 2096 2097 2098
f 147 2099 2100
f 388 305 199
f 2101 1550 2102
f 2103 2104 1774
f 2105 2106 245
f 2107 603 602
f 2108 2109 2110
f 2076 295 1561
f 669 194 670
f 2111 2112 2113
f 2114 2115 2116
f 2117 2118 2119
f 2120 2121 2122
f 2123 2124 2125
f 329 2126 1443
f 1707 2127 1245
f 804 1728 805
f 2128 2129 2130
f 201 2012 123
f 63 600 61
f 2131 2132 2133
f 2134 2135 1757
f 1495 2136 2137
f 1183 2138 38
f 1670 1051 1671
f 2139 2140 2141
f 2054 2142 2143
f 552 2144 412
f 2145 2146 2147
f 1401 901 903
f 1003 2148 2149
f 633 1091 634
f 1932 2150 119
f 2151 718 1743
f 2152 2153 2154
f 2155 2156 2157
f 3 2158 797
f 2028 1143 1145
f 1738 1231 2159
f 1591 2160 2161
f 558 557 2162
f 2163 2164 2165
f 2166 982 2167
f 2168 996 2169
f 502 303 2170
f 2171 2172 2173
f 1791 2174 2175
f 2176 193 192
f 439 2177 2178
f 2038 2040 2179
f 573 2180 2181
f 187 2182 1505
f 2183 277 2184
f 2185 2186 2187
f 2188 2189 2190
f 2191 48 1054
f 2192 390 689
f 386 2193 606
f 1427 2194 1428
f 1493 1492 2195
f 203 712 1682
f 2196 2197 64
f 2198 2199 1220
f 894 1102 895
f 268 343 342
f 2200 2201 2202
f 2203 1080 2204
f 2205 2206 2207
f 2208 2209 941
f 546 1834 2210
f 2211 984 983
f 2212 417 416
f 2081 2213 342
f 2214 2215 1409
f 1281 226 236
f 1481 613 612
f 2216 2217 2218
f 2219 2220 2221
f 2222 1283 2223
f 2224 2225 2226
f 2227 2228 2229
f 861 2230 2231
f 859 861 2231
f 596 2232 2233
f 1139 2234 2235
f 2100 2236 2237
f 2238 2239 91
f 2240 193 2176
f 1599 740 742
f 2241 1358 1357
f 712 2242 710
f 2243 2244 1657
f 2245 2246 2247
f 2248 48 47
f 2249 2250 609
f 1933 2251 1764
f 460 2252 458
f 2253 910 2254
f 2255 2256 2257
f 2258 1526 2259
f 2260 2261 465
f 2262 2263 2264
f 128 2265 2266
f 1909 2267 1482
f 1644 2268 1645
f 1012 2269 1282
f 61 2270 2271
f 2272 2273 2274
f 250 1006 1005
f 2275 2276 272
f 634 1281 2277
f 2278 2279 2280
f 2281 1629 710
f 827 2282 2283
f 1857 2284 1093
f 355 1257 1241
f 2285 2286 1797
f 1844 2287 2288
f 2289 2290 2291
f 2141 2140 2292
f 2293 535 2294
f 2210 1834 1833
f 430 222 221
f 2295 1960 1959
f 2296 2297 1702
f 1103 987 73
f 263 2298 2299
f 1940 2300 2301
f 2302 533 2303
f 1968 2263 2304
f 2305 2306 2307
f 2308 155 157
f 2309 2310 2311
f 1081 89 88
f 2312 73 987
f 1078 2313 2314
f 1241 2315 2316
f 2317 2318 2319
f 143 2320 1888
f 2321 581 953
f 2322 2323 2324
f 2325 2326 35
f 2327 1516 2328
f 211 1986 2329
f 2004 2330 1695
f 1263 2331 1264
f 2176 2332 2333
f 1493 2195 766
f 860 2334 861
f 2335 2336 2337
f 1499 2338 142
f 913 2339 2340
f 936 1513 1515
f 2341 380 1212
f 2342 848 2343
f 2344 1853 2345
f 2346 247 246
f 757 336 2347
f 1758 1757 2135
f 1621 418 2348
f 1963 880 879
f 1764 1763 2349
f 2350 2351 1244
f 2352 2353 2354
f 2355 1979 922
f 1238 2356 2357
f 2358 2359 2360
f 620 2361 621
f 2132 2131 2362
f 2363 2364 2365
f 78 1838 2366
f 964 2367 1262
f 2368 2369 2370
f 1616 453 452
f 2371 2372 2373
f 2374 2375 2376
f 1426 2377 2378
f 111 475 1442
f 2379 2380 2381
f 2382 960 1502
f 1034 1033 1411
f 2383 1346 1345
f 2384 2385 1873
f 2386 2387 1330
f 2388 2389 1253
f 1903 2390 2391
f 2392 2231 2393
f 1906 2394 1904
f 2395 2396 2397
f 2398 2399 2400
f 1125 1124 2401
f 1251 2402 1252
f 58 843 842
f 2403 2404 1494
f 2405 2406 1878
f 2407 1845 2408
f 2409 580 2021
f 1479 1557 1477
f 574 2410 537
f 2411 365 2326
f 139 1995 137
f 2412 2413 2355
f 2414 1304 2415
f 1327 1135 2416
f 1786 2417 2418
f 393 2419 394
f 346 345 2420
f 2421 2422 2423
f 2424 2425 1740
f 221 2426 2427
f 2428 2429 2430
f 2431 838 2432
f 136 827 294
f 764 124 2433
f 787 808 810
f 2434 2435 2436
f 2437 721 720
f 2438 2439 2440
f 2433 765 764
f 1246 1755 1893
f 1125 96 262
f 2441 2442 1254
f 2443 2444 1952
f 515 2445 2446
f 527 925 109
f 2447 257 2448
f 2449 2050 2049
f 2450 2451 2452
f 2453 53 2454
f 727 726 822
f 2455 2456 986
f 2457 621 2361
f 2458 2459 1610
f 2114 1155 2460
f 2132 377 379
f 2283 294 827
f 294 2283 239
f 2461 559 2226
f 2462 2029 2463
f 1742 2464 2424
f 2465 305 855
f 1719 807 302
f 398 2466 2467
f 1410 2468 2469
f 2470 62 2471
f 2472 2473 2289
f 2474 1544 2057
f 2475 2178 2177
f 2476 1141 2477
f 2478 1820 2479
f 2480 2481 2482
f 2149 2483 2484
f 1935 990 2485
f 1576 1578 414
f 2486 2487 208
f 1374 2488 809
f 2489 2490 1590
f 2131 2133 296
f 2491 667 499
f 2492 275 1202
f 2493 2494 2429
f 2495 2496 1104
f 2497 2498 2499
f 2500 2501 2502
f 1123 1888 2320
f 1377 2503 2504
f 2505 2506 2507
f 2508 151 2509
f 2316 1929 1241
f 2510 491 2511
f 2512 2513 2514
f 356 2515 224
f 2516 2517 1394
f 2518 2519 2520
f 401 430 2521
f 2522 2152 92
f 2032 228 2033
f 1197 1199 1926
f 1790 2523 2524
f 2525 2526 2527
f 1101 1568 1102
f 930 2528 931
f 69 965 102
f 824 933 935
f 2529 2530 2531
f 2532 2533 2534
f 1279 2535 2536
f 2537 628 2538
f 1914 1619 1618
f 2539 234 506
f 2540 1123 2320
f 775 2541 776
f 2542 1992 679
f 1873 2543 647
f 2544 2508 2545
f 759 818 2546
f 2547 2125 2548
f 2549 2550 2551
f 1421 2417 2552
f 702 2445 515
f 805 403 402
f 2553 2554 2555
f 2176 192 2556
f 2557 2558 2516
f 2559 2560 2115
f 1662 2561 2562
f 2563 1511 1510
f 2330 2004 2564
f 547 549 2565
f 1413 165 2566
f 2483 2148 2567
f 814 2568 815
f 2290 2289 2473
f 2569 2418 1423
f 2570 531 533
f 1966 1967 611
f 2571 1095 652
f 2572 2573 2441
f 2574 2575 2576
f 2577 2578 2160
f 2579 2580 1872
f 2581 2582 2583
f 2584 1603 1864
f 1974 2585 2586
f 1654 735 1789
f 1652 1851 2587
f 1863 2310 1709
f 2576 2394 1906
f 2588 2589 2590
f 2591 2592 2593
f 2099 2236 2100
f 2594 2595 1491
f 2182 186 493
f 2596 2597 2598
f 2437 2599 721
f 2600 1182 2143
f 1117 1632 1115
f 1861 1729 446
f 2601 2602 361
f 1113 2198 1220
f 2603 2604 2277
f 2604 632 2277
f 2605 2606 2607
f 2608 2609 2597
f 205 2610 206
f 2387 2285 2611
f 2612 2613 2614
f 160 1598 1134
f 2615 1706 2616
f 2617 2618 2619
f 2620 2621 831
f 1614 1615 2622
f 1087 236 2623
f 2624 2625 983
f 1882 2626 2627
f 2628 2629 2630
f 2631 2632 2633
f 2634 855 563
f 2635 2636 2637
f 2241 1357 565
f 2146 2638 1972
f 2638 598 1972
f 2639 725 727
f 2640 596 598
f 2433 90 89
f 2065 2641 2642
f 2574 2576 409
f 2422 2421 2165
f 976 978 1913
f 2643 2644 2593
f 740 2645 741
f 63 62 531
f 2646 2647 462
f 2647 461 462
f 857 2004 2003
f 186 185 266
f 2349 1319 1933
f 2648 2649 2650
f 2651 2652 2653
f 1302 2654 1303
f 993 592 2655
f 745 1931 839
f 393 1868 2656
f 2657 2658 2547
f 1257 2315 1241
f 1673 2659 149
f 2090 2660 2661
f 2662 2663 1422
f 1902 2664 2665
f 1008 2073 949
f 1201 115 114
f 2666 264 2667
f 2668 2669 1462
f 1714 2670 1408
f 2671 2672 2673
f 364 36 35
f 2481 1265 2674
f 2675 2676 2677
f 2602 2678 1897
f 2679 2680 666
f 1159 2681 1700
f 276 2682 1924
f 2002 2286 2683
f 2684 2685 2686
f 2687 2397 1007
f 2688 765 2433
f 2689 2432 2690
f 493 2691 2182
f 2136 1965 2137
f 2692 2693 2694
f 2137 1496 1495
f 2695 2696 2697
f 2615 1705 1706
f 2698 900 2699
f 2700 1696 550
f 2701 2702 1904
f 583 1925 584
f 2703 545 2704
f 285 2705 2706
f 327 1443 2707
f 2708 2361 2709
f 1785 1787 1532
f 2710 2019 925
f 2711 2712 997
f 2713 2418 2714
f 2495 2715 1606
f 2716 2717 2718
f 1329 2719 1330
f 2720 679 658
f 1900 2721 219
f 2722 2723 2724
f 2209 2020 2019
f 677 2725 2726
f 307 2727 308
f 2728 808 787
f 2400 2729 2398
f 2318 2730 2731
f 1828 2223 2732
f 2733 1541 2734
f 970 972 87
f 2735 2736 2737
f 2738 2739 2740
f 2741 2742 1625
f 708 2743 2744
f 215 2745 2746
f 120 2150 966
f 2747 1773 908
f 2748 1609 2749
f 2750 2751 1082
f 1762 289 288
f 2752 2753 2754
f 2755 2539 506
f 2756 2757 2758
f 2759 2760 2761
f 1770 1633 2762
f 706 2763 704
f 2764 1235 2765
f 1446 1849 1848
f 2766 2356 2767
f 1550 667 472
f 1285 2768 2096
f 2769 2037 1583
f 2770 2271 2270
f 26 2249 609
f 1760 57 56
f 2771 2279 2772
f 2773 2774 2775
f 2776 1090 2341
f 2777 2311 2731
f 2296 2778 2779
f 788 835 786
f 2780 2781 1491
f 181 2782 179
f 2783 2784 2785
f 2786 648 2787
f 396 911 2788
f 1681 1109 1108
f 1722 1110 1109
f 2789 2790 2791
f 810 2792 2793
f 2794 1229 1228
f 2759 2795 2796
f 2797 2798 2799
f 1286 2800 2801
f 2367 1050 1262
f 2802 390 2192
f 2803 2804 2805
f 2806 363 365
f 527 90 74
f 821 820 2807
f 2808 691 2809
f 489 2810 2587
f 2274 2273 2811
f 2812 2813 2814
f 1838 78 1491
f 2815 2816 2817
f 2818 2285 1797
f 498 1897 2819
f 907 2286 2002
f 2820 1511 2821
f 1586 2822 2823
f 2824 2261 2260
f 2825 2040 2039
f 1524 131 133
f 1547 2826 2827
f 2828 2829 47
f 1743 2827 2826
f 1330 2830 1331
f 2831 2832 2833
f 2025 194 1132
f 2834 969 1300
f 278 1997 968
f 2298 263 2835
f 2836 2837 2838
f 2839 2840 2841
f 1630 2842 1391
f 1999 2843 2000
f 2844 2845 2846
f 2847 1129 2848
f 1812 2849 336
f 2850 2851 2852
f 15 2853 2854
f 2158 3 2
f 53 2453 2855
f 2111 2557 2856
f 2595 2331 1263
f 1869 2857 2858
f 869 2134 2042
f 1935 2859 988
f 2860 1951 2861
f 1042 2862 1779
f 2863 1122 1453
f 591 2864 2865
f 2465 2866 2867
f 625 1805 1804
f 678 2868 1642
f 2869 2870 265
f 2871 2872 2542
f 741 1409 742
f 2024 2873 1937
f 2874 2875 2876
f 2864 2303 2865
f 2877 2878 2879
f 2239 878 2522
f 2629 652 1095
f 2880 900 899
f 479 1812 335
f 2881 521 523
f 1494 2404 1495
f 1634 2882 1894
f 2883 2884 2885
f 233 2329 2886
f 2568 661 660
f 2887 2583 2582
f 2888 2889 1445
f 2890 1038 1010
f 2031 1316 2032
f 1196 1924 2682
f 2891 2892 2893
f 1807 2037 1808
f 1345 1589 2357
f 2141 2894 2139
f 1599 1134 1598
f 1044 2895 2896
f 2896 1710 1044
f 631 2897 629
f 2898 1331 2830
f 2433 89 2688
f 89 1081 2688
f 2899 2900 2901
f 2902 2903 306
f 2904 2905 2906
f 2907 2908 2909
f 2910 850 2911
f 2912 2527 652
f 2913 2914 2915
f 2916 1054 2917
f 2847 1542 2918
f 1534 1533 2608
f 2313 1077 1875
f 687 1076 1078
f 10 12 2919
f 1561 2920 2076
f 2137 1335 1496
f 1939 1334 1630
f 460 1291 2125
f 2214 1409 1713
f 1574 326 2921
f 2922 1237 2754
f 2923 1777 793
f 2924 2102 2695
f 2925 2926 2927
f 1929 2316 2928
f 2929 1539 2930
f 1404 1403 2931
f 1977 2932 1291
f 2933 2934 2935
f 2936 2937 2938
f 1180 139 2939
f 1274 2940 963
f 2545 2941 2544
f 2942 345 2943
f 2944 350 328
f 721 2599 2143
f 2945 2855 2453
f 2946 1424 2947
f 2385 2948 2949
f 2042 2134 2950
f 2951 2952 2953
f 2750 396 2751
f 2954 2955 1717
f 1021 2956 2709
f 2957 388 387
f 332 859 639
f 2958 2959 2667
f 2960 2614 2393
f 2393 2230 2960
f 2961 2962 2950
f 687 1244 1076
f 2286 907 1797
f 2963 820 2964
f 2287 1844 1024
f 1867 1866 2965
f 2966 1733 1732
f 2967 568 288
f 2968 2089 1938
f 2969 8 2970
f 1382 2971 2586
f 2972 2973 2974
f 1632 1871 2975
f 587 2976 2977
f 967 1932 969
f 2771 2978 2979
f 2823 2980 2981
f 1505 1504 2982
f 1926 2983 1197
f 2598 2984 2596
f 2985 2261 1944
f 2986 1393 2987
f 2254 129 2266
f 2988 2989 349
f 2990 2991 2220
f 2806 2992 2993
f 2994 2858 2857
f 2500 1474 1181
f 2616 2661 2995
f 1435 2444 2716
f 2084 2996 2997
f 1391 2842 2998
f 637 591 2999
f 3000 1609 2056
f 3001 3002 3003
f 3004 3005 3006
f 796 3007 794
f 3008 3009 1983
f 2120 192 250
f 2045 2315 551
f 3010 3011 2474
f 3012 3013 2206
f 1234 3014 3015
f 3016 2767 2868
f 1111 1220 3017
f 762 3018 3019
f 2430 1913 3020
f 2493 2428 1417
f 2228 922 3021
f 3022 3023 1671
f 3024 3025 2235
f 1537 3026 2011
f 2859 3027 3028
f 842 59 58
f 3029 3030 2128
f 1431 2534 2533
f 1892 1136 1138
f 904 3031 3032
f 1107 3033 227
f 3034 2502 3035
f 882 1788 700
f 3036 390 389
f 2086 2996 2084
f 2298 3037 2299
f 1651 1851 1652
f 1397 1396 3038
f 624 798 1805
f 2233 2563 1510
f 2563 2233 1273
f 2202 2897 3039
f 204 1683 1965
f 3040 2849 1812
f 3041 1238 1240
f 789 1941 1076
f 787 2793 788
f 1383 3042 2654
f 3043 2592 3044
f 3045 1878 1877
f 1869 2979 2978
f 1102 1128 3046
f 2779 2122 3047
f 3048 1030 3049
f 3050 2970 1728
f 798 624 2292
f 1591 142 94
f 3051 2167 3052
f 3053 2369 2368
f 2285 2818 2611
f 2493 2737 2736
f 450 1571 1165
f 26 2293 3054
f 1192 2981 2980
f 3055 2906 2905
f 3056 3057 3058
f 3059 3060 1726
f 3061 3062 3063
f 3064 3065 746
f 2961 2950 1848
f 1849 1712 1847
f 3066 3067 2181
f 3068 1026 1823
f 3069 3070 3071
f 1782 3072 3073
f 3074 1904 2702
f 733 3075 1019
f 841 3076 2675
f 3077 3078 3079
f 3080 2324 2323
f 3081 3082 3083
f 3084 885 3085
f 3086 796 795
f 2934 618 3087
f 3088 1887 3089
f 2177 439 438
f 2393 2231 2230
f 3090 2716 2718
f 3091 1160 801
f 2033 228 227
f 2577 2401 3092
f 3093 3094 3095
f 1578 2623 235
f 235 2623 236
f 2988 3096 2989
f 2350 2211 740
f 2025 3097 670
f 1973 3098 2308
f 2395 352 3091
f 3099 3100 654
f 3101 3102 2028
f 1360 3103 2641
f 1275 3104 1276
f 3105 3106 1573
f 3107 2380 524
f 1728 447 1729
f 3108 2166 3109
f 2832 3110 2414
f 3111 3112 1342
f 3113 2018 1224
f 3114 3115 436
f 1556 1537 1477
f 632 634 2277
f 249 1006 250
f 767 432 1582
f 3116 3117 1158
f 1266 1188 1187
f 3118 2827 3119
f 1987 543 2916
f 3120 2748 2749
f 567 3121 2722
f 1251 891 2528
f 3122 1697 1699
f 1026 3068 3123
f 1446 1171 3124
f 1236 2080 2079
f 924 3021 922
f 1175 3125 1126
f 1558 1560 2034
f 1683 204 203
f 1683 1682 1333
f 2082 590 592
f 2074 2664 2072
f 1706 1200 1825
f 3126 1952 1951
f 1920 2637 2636
f 2366 3127 78
f 892 2366 1838
f 3128 2370 2369
f 2370 785 2368
f 3129 2633 367
f 3130 3131 3132
f 3133 1678 2734
f 3023 1857 3134
f 2666 2534 266
f 3135 189 3136
f 1491 2781 1838
f 2781 1445 1838
f 1881 2357 2356
f 2832 2414 2833
f 2420 3137 3138
f 3139 2510 340
f 3140 3141 3142
f 3143 2787 1998
f 2857 1869 1871
f 1545 1546 1607
f 2772 3144 2978
f 138 2939 139
f 445 444 682
f 609 1488 1490
f 598 1458 1972
f 1458 1816 1972
f 3145 24 23
f 2340 3146 1941
f 1855 3147 2130
f 3094 3148 3095
f 3128 2630 3149
f 3150 2178 3151
f 2119 1529 3149
f 535 2293 25
f 1278 1277 749
f 1079 3152 1080
f 1243 984 2350
f 1367 1366 3153
f 3154 3155 468
f 3156 1961 3157
f 3158 3159 3160
f 708 3075 1970
f 900 2698 898
f 794 2769 1583
f 237 201 200
f 3161 3158 1325
f 3162 3163 2569
f 3164 3165 3021
f 814 816 1502
f 297 296 2915
f 2683 2386 2001
f 3166 3167 467
f 3168 3169 3170
f 3171 3172 2172
f 458 1032 3173
f 202 1745 2040
f 3174 2335 2337
f 2759 1770 2795
f 3175 487 1850
f 2673 2439 2051
f 3176 307 309
f 988 3177 3178
f 1996 3179 137
f 107 2020 108
f 361 1896 6
f 3180 3181 1258
f 3182 3183 2775
f 3184 940 1679
f 2744 3185 3186
f 2561 3102 3187
f 1840 1839 1928
f 3080 2323 3188
f 2064 2063 448
f 446 1860 1861
f 574 2181 3067
f 3189 1409 2215
f 808 2728 3190
f 968 279 278
f 411 3191 2831
f 2572 731 3192
f 1675 3193 676
f 2882 3194 3195
f 3196 1161 1070
f 1404 3197 1348
f 1713 109 108
f 214 2506 3198
f 3199 3200 3201
f 3040 221 220
f 2639 727 3202
f 3203 3204 3205
f 3173 3206 3207
f 2860 3208 3209
f 3210 209 3211
f 3212 3213 3214
f 1835 2133 379
f 2436 1289 1500
f 159 912 790
f 378 2614 2960
f 2369 1560 1559
f 367 1469 1471
f 3215 3216 3217
f 2261 3218 463
f 3219 3195 3194
f 3118 2705 572
f 1355 3220 495
f 1358 1104 509
f 3187 3221 3097
f 3222 1088 3223
f 1889 3224 2051
f 3225 550 552
f 2059 3226 2437
f 3227 2205 3228
f 3229 729 3230
f 3231 2630 2629
f 3232 867 692
f 3233 3234 2210
f 2777 2731 2730
f 2283 3235 1146
f 2980 3236 3237
f 2935 1686 3238
f 296 2362 2131
f 2613 2392 2614
f 3173 1032 770
f 3239 2354 3240
f 3241 3242 2540
f 2268 1644 3243
f 312 1317 2007
f 1791 3244 3245
f 2789 2206 3013
f 1716 1203 1717
f 3142 2591 854
f 1431 3246 1385
f 104 3247 105
f 1667 1669 1290
f 3248 3164 3249
f 234 999 505
f 3141 3250 3142
f 3069 3251 3252
f 3253 1125 262
f 849 3254 847
f 3255 504 503
f 3256 2605 2567
f 3257 3258 2256
f 650 652 2629
f 1095 3231 2629
f 771 3096 769
f 3259 2499 2498
f 491 490 3260
f 3219 3194 1614
f 3261 1927 975
f 2648 2426 1813
f 671 141 1984
f 956 1308 2870
f 3262 3263 3264
f 3265 963 962
f 2013 123 2012
f 3266 1760 726
f 2339 1376 1057
f 2523 1790 1791
f 3267 467 3167
f 3154 3268 3155
f 3269 31 1204
f 18 2317 2319
f 2900 3270 2901
f 3220 1355 2712
f 3271 2875 3121
f 1726 1344 3272
f 1529 2189 3273
f 427 3274 428
f 3275 1856 1855
f 2719 723 2001
f 2096 2098 1746
f 3276 3277 928
f 2052 2051 2439
f 826 825 829
f 1046 1048 736
f 3278 3279 3280
f 3281 3282 3283
f 2335 1808 2336
f 311 310 2005
f 3284 183 1255
f 373 1217 372
f 1218 1033 191
f 2537 626 628
f 3015 1212 1144
f 736 765 734
f 2552 1785 1580
f 957 2920 3285
f 3285 3286 1644
f 933 3287 934
f 3288 3289 856
f 926 928 1718
f 1731 3290 1732
f 789 1076 1244
f 2415 1455 2414
f 2182 2691 1506
f 2640 598 2638
f 3291 2594 2465
f 2958 2721 1900
f 3236 2823 3292
f 1857 3023 3022
f 1775 376 632
f 3293 3294 3295
f 3037 2721 2299
f 3296 3149 1529
f 3297 3298 2083
f 3299 3198 2506
f 2703 546 545
f 3300 2370 3296
f 1007 1340 1005
f 3301 3302 3303
f 2815 3304 2816
f 1245 1754 1755
f 2953 1834 2951
f 1227 1229 3305
f 715 1601 713
f 2250 2249 2859
f 2714 351 1989
f 3306 3307 3308
f 2647 2646 3309
f 3310 3311 3312
f 3313 659 616
f 996 2168 3314
f 3315 607 3316
f 3054 2249 26
f 3317 2504 2503
f 2678 2819 1897
f 3305 3318 1227
f 3036 3319 3320
f 1088 230 229
f 3321 2479 2169
f 776 3322 1050
f 2258 3323 3324
f 361 6 680
f 3317 71 70
f 3285 2920 3286
f 3325 986 3032
f 757 1488 2250
f 1488 609 2250
f 2561 2530 2529
f 3326 2739 492
f 3327 3328 2236
f 1351 285 3329
f 121 3330 119
f 45 118 2468
f 1024 1026 3123
f 1313 810 809
f 2921 80 1574
f 421 1825 1200
f 3331 9 3332
f 25 27 876
f 1893 2990 1246
f 2006 2296 1702
f 1646 3333 2729
f 915 914 3334
f 2124 2548 2125
f 3032 939 941
f 2765 3335 3336
f 3337 2446 2445
f 3338 853 3339
f 3060 1727 1726
f 3340 3341 3342
f 3343 2924 148
f 3344 750 752
f 248 191 1034
f 1795 1794 3345
f 1249 328 1250
f 3346 667 1550
f 667 2491 34
f 3347 1906 1905
f 379 2133 2132
f 3237 3348 3349
f 3350 2100 2237
f 695 844 1734
f 944 3351 942
f 2772 3352 2084
f 1909 1911 2597
f 2804 3240 2805
f 1118 344 1119
f 2390 3353 1691
f 3127 76 78
f 1257 3354 2315
f 557 1067 1270
f 3022 1671 1050
f 3355 3356 3357
f 1614 3194 1226
f 1615 485 3358
f 3359 3360 3342
f 3361 182 184
f 369 1406 3160
f 1492 3362 3363
f 3364 3365 2526
f 3032 941 3366
f 3367 3368 3369
f 143 1888 144
f 1780 810 3370
f 2244 3371 1730
f 2564 856 3289
f 52 3372 3373
f 3374 3375 3376
f 2275 3377 3378
f 664 1454 3379
f 1074 2652 1075
f 2538 3380 2537
f 1341 2297 3047
f 3381 3382 2467
f 1062 846 1060
f 2618 3383 3384
f 1000 2917 1049
f 443 445 3385
f 3386 2975 1871
f 1763 1829 2349
f 2869 3387 956
f 2424 1649 1947
f 2496 1606 358
f 226 228 235
f 3230 729 3388
f 3389 3390 1939
f 56 3391 1760
f 416 1916 3392
f 3393 1484 452
f 169 3394 167
f 31 33 3395
f 3051 3017 1220
f 3396 3397 3398
f 3399 3400 553
f 1 2192 689
f 2663 3401 3402
f 3124 1171 1170
f 3125 1034 1126
f 3148 1640 3095
f 3403 1579 2608
f 1214 3404 413
f 3385 543 443
f 205 2246 1387
f 3405 3406 2201
f 3407 3408 3025
f 3330 1167 119
f 1169 3409 497
f 3410 3411 357
f 3412 3413 3414
f 1377 2504 437
f 1027 1844 1028
f 3415 747 1277
f 3112 665 301
f 3416 2376 3417
f 214 3198 215
f 3418 1306 1305
f 1419 1418 602
f 3419 3420 1846
f 1449 2010 3334
f 1118 3421 3422
f 1201 1546 1202
f 172 3423 2811
f 1038 1037 1010
f 312 550 3225
f 2394 3424 1904
f 218 217 3425
f 1397 1978 1420
f 3426 2871 2542
f 2147 2649 3427
f 3428 3429 3319
f 761 897 3430
f 2905 1002 1004
f 1086 3431 3432
f 3277 3433 1718
f 551 550 1696
f 2846 3434 2844
f 333 187 1505
f 3435 3436 3437
f 2360 3438 615
f 3439 1893 1476
f 1966 611 2170
f 1481 3440 2921
f 3277 1876 3441
f 3428 391 3442
f 532 2303 533
f 904 3032 2456
f 3258 3443 3444
f 359 358 1606
f 3445 3446 139
f 3309 461 2647
f 3447 3448 837
f 1440 2077 3449
f 3390 1496 1939
f 3385 3450 2191
f 3123 2677 1024
f 3045 829 825
f 355 224 1256
f 717 2515 356
f 3451 3452 1116
f 3453 2232 2928
f 3454 439 1378
f 1273 2233 1271
f 1102 1568 1128
f 2269 1012 1014
f 3455 2269 3456
f 229 3223 1088
f 3457 3458 3459
f 455 112 456
f 3460 2235 2234
f 3461 2220 2991
f 820 3321 2169
f 3462 3463 2915
f 2415 3464 927
f 3465 3466 3467
f 3468 2803 2805
f 3469 902 3470
f 2670 1409 1408
f 3471 3188 875
f 3079 3472 3473
f 3444 3474 1168
f 592 993 1781
f 3475 2092 2069
f 2918 2023 834
f 2641 3476 3477
f 3478 3217 3479
f 3480 3217 3216
f 1318 1934 1319
f 845 2237 2804
f 2599 3226 2054
f 2055 2054 3226
f 3046 1128 670
f 1496 3390 1494
f 3481 215 3482
f 1716 1715 3483
f 2961 3484 3485
f 3486 1753 1752
f 205 1387 1750
f 2502 3034 1474
f 1641 3186 3185
f 2100 148 147
f 371 370 821
f 3487 2268 3243
f 3386 3488 2975
f 3489 3490 3491
f 3492 1289 2436
f 2436 2703 3492
f 1644 3286 3243
f 2900 1666 1394
f 3493 3362 520
f 1951 3494 3495
f 3496 1259 195
f 1487 501 1734
f 3497 3498 1267
f 2031 2033 3499
f 1620 3500 2544
f 1363 3501 347
f 575 3502 67
f 3503 2997 2996
f 1081 734 2688
f 2688 734 765
f 499 1993 2325
f 3504 346 3505
f 3411 3506 357
f 2730 3507 2777
f 999 234 233
f 233 1000 999
f 3508 3338 3339
f 3509 3510 3511
f 2174 921 2175
f 1018 383 1673
f 284 283 1230
f 3512 282 1041
f 3513 2162 557
f 3514 481 1934
f 3515 2007 3516
f 3517 1962 2292
f 963 1275 1274
f 1860 512 511
f 3275 2129 3518
f 3519 3520 3521
f 1562 1564 3522
f 3053 2036 1560
f 753 423 422
f 94 142 141
f 55 3523 3524
f 3525 3119 2827
f 2346 246 3526
f 1982 3008 1983
f 3008 1982 318
f 2452 3295 1665
f 1864 1603 3527
f 3528 3529 1884
f 1922 1921 3530
f 2884 3410 357
f 3352 2772 2279
f 1682 712 711
f 3531 1369 1004
f 1056 1049 1054
f 698 1572 1571
f 3532 3533 1976
f 290 2967 288
f 3534 3535 3536
f 2169 2712 2964
f 3537 860 1042
f 3415 3324 3323
f 3112 301 1261
f 3538 2427 2426
f 3539 170 172
f 3002 914 166
f 3540 1057 1376
f 1389 3541 1390
f 1635 2035 1636
f 3542 3543 3544
f 2987 3107 1113
f 2364 3545 2365
f 2482 3483 2480
f 1841 3546 1689
f 3547 3548 3499
f 3549 3305 599
f 664 666 1454
f 3550 2447 3551
f 834 788 2793
f 2067 2153 880
f 768 3231 1095
f 3552 3553 2841
f 258 3554 2618
f 3555 3071 3254
f 405 1127 406
f 1077 1076 1079
f 1660 2161 1531
f 3556 1048 1047
f 50 3557 51
f 3558 1720 1329
f 853 3443 3339
f 133 198 197
f 3498 3559 2477
f 2674 1415 1417
f 2209 3560 3366
f 742 1185 1599
f 454 2620 831
f 3561 2439 2673
f 3562 1830 658
f 2784 2280 2785
f 3563 3564 3565
f 2402 1251 1276
f 1607 2937 1545
f 3566 3567 3451
f 2 3278 2158
f 3568 2087 1222
f 1025 3569 1823
f 2479 1822 2168
f 525 2380 2734
f 1439 3351 944
f 1962 2322 2292
f 3570 3385 2191
f 154 66 3147
f 1568 220 222
f 3571 2079 3503
f 3048 170 1030
f 3572 2139 2894
f 3569 1025 1844
f 3500 3192 2544
f 3414 1187 549
f 235 228 3573
f 1104 1358 2495
f 570 3574 3575
f 232 212 233
f 1388 1387 2246
f 539 2635 2637
f 3576 2925 2927
f 3577 3578 3579
f 2025 2562 3187
f 481 3514 3580
f 198 387 199
f 2707 318 317
f 3581 3115 701
f 2620 454 453
f 2300 1151 2301
f 3000 961 2749
f 2631 3582 3583
f 1365 420 3584
f 3585 3400 3399
f 3586 2993 2992
f 51 991 2584
f 441 440 1650
f 2738 899 898
f 3587 1527 1526
f 596 2233 1510
f 841 2675 2677
f 3144 2997 3503
f 2104 916 1774
f 3588 3589 453
f 885 3590 886
f 1637 1957 1638
f 1210 3591 3592
f 214 216 1192
f 3297 2083 2082
f 2509 2778 2006
f 2913 3593 2914
f 197 199 306
f 348 347 3501
f 316 318 1982
f 3046 670 3097
f 3594 394 3124
f 930 929 755
f 2302 2026 3595
f 314 3596 3597
f 2334 105 3247
f 3020 1204 3483
f 3434 2846 2489
f 3598 2739 3599
f 3037 2298 2835
f 3600 3601 3602
f 240 3603 1814
f 3390 3603 1494
f 368 1085 366
f 3604 3367 3369
f 2308 1971 1973
f 2762 2689 2690
f 1963 1962 2068
f 3250 1588 1587
f 3605 1527 3606
f 1667 1290 1289
f 3607 3608 3609
f 178 3610 470
f 1269 3365 2096
f 2732 3549 1828
f 335 337 3027
f 2307 1522 3611
f 3612 1439 1438
f 1377 3454 1378
f 3613 1295 3264
f 3614 3615 1840
f 2055 639 2053
f 3616 3617 3618
f 3382 3381 3477
f 2947 1948 3619
f 945 1268 946
f 3139 2536 2535
f 3131 643 3132
f 1535 1605 1045
f 3441 1878 2406
f 3620 2972 3621
f 610 374 1775
f 3325 987 986
f 3622 3623 1384
f 1028 75 2012
f 3624 15 3359
f 1617 2801 2800
f 3277 1718 928
f 3625 3626 2929
f 3084 1306 3418
f 3084 928 927
f 2760 178 469
f 3627 196 195
f 3628 1467 1466
f 3100 655 654
f 2107 3606 1527
f 3026 1537 3234
f 3629 3630 3631
f 555 554 1859
f 3632 1440 3633
f 3634 1659 1451
f 2288 1103 75
f 3635 2779 2778
f 3591 1210 1209
f 1915 415 3155
f 3078 3636 3637
f 2274 3638 2336
f 2397 2687 2395
f 3003 3607 3639
f 3201 1555 3199
f 2988 3640 3641
f 3642 1640 3643
f 3376 2036 3644
f 1938 1937 2873
f 2100 3645 148
f 2272 2274 2336
f 1416 2813 3646
f 3170 3647 3648
f 2392 1843 1842
f 457 456 1648
f 1837 2960 2230
f 1836 379 378
f 3649 901 1399
f 1123 3650 1121
f 2495 2241 2715
f 812 2844 813
f 3651 2609 3652
f 3184 3653 940
f 3620 3654 3655
f 2417 1786 2552
f 2408 3656 2407
f 1475 1468 3657
f 3658 3659 762
f 2442 2587 2810
f 3660 1771 1770
f 3661 3644 2036
f 2148 1002 2567
f 1137 2861 1138
f 2199 526 3662
f 1176 3051 1220
f 2579 3663 2580
f 2580 3664 3665
f 3519 3666 2300
f 3667 2193 386
f 2496 3668 1105
f 831 3669 832
f 2089 245 2106
f 1640 1639 3643
f 2894 623 2399
f 1156 1158 3117
f 1049 2917 1054
f 697 696 2828
f 1040 3670 1041
f 751 773 772
f 2569 1423 484
f 1422 2027 484
f 3671 3065 3672
f 3654 3621 2412
f 2146 2145 3329
f 2246 3673 1388
f 3674 40 1622
f 3675 3676 3677
f 3457 3678 3679
f 1659 3680 1658
f 907 2002 1473
f 3081 2644 3082
f 1575 1574 80
f 2393 2614 2392
f 3493 520 519
f 3562 657 1555
f 1233 2378 2033
f 2378 1233 1234
f 626 1739 1738
f 3681 2460 2149
f 2914 3682 2915
f 2609 2608 1533
f 3683 1017 3073
f 3407 3684 3685
f 3685 3498 3407
f 3514 3686 1351
f 2819 2257 3444
f 283 715 714
f 2200 3039 3597
f 3459 2157 2156
f 1565 3687 3688
f 3689 2699 900
f 203 1631 712
f 1892 1830 1832
f 3690 1368 706
f 3209 3208 2606
f 3037 1596 217
f 908 1473 2726
f 2704 3492 2703
f 1667 3492 2704
f 2276 2275 3378
f 1376 1375 3540
f 2364 3656 3534
f 411 410 3191
f 1443 3691 3245
f 2733 2734 1678
f 2351 2350 740
f 3692 3467 3466
f 3693 1656 3169
f 3609 3639 3607
f 3694 3695 3696
f 1053 3697 1457
f 3698 114 2884
f 2786 3699 3061
f 2072 2590 949
f 3221 3700 895
f 259 258 3701
f 2375 3551 3417
f 2886 2329 1986
f 2143 1182 721
f 761 763 897
f 811 813 1346
f 3702 868 870
f 3703 2970 8
f 1153 886 3590
f 3704 3705 3706
f 3707 2187 2186
f 3708 872 307
f 3709 3274 427
f 2400 2399 623
f 3710 3711 2943
f 330 640 1130
f 2179 3712 2038
f 1715 2565 3483
f 2356 2766 1881
f 1023 3351 176
f 1881 2766 1879
f 3713 1930 1239
f 3469 3714 903
f 1133 1132 1375
f 3715 3716 3717
f 685 2404 1147
f 1448 3718 3719
f 1523 1150 1149
f 3583 3720 3545
f 394 1712 1849
f 48 2248 1054
f 2625 2211 983
f 3285 320 957
f 231 319 229
f 3362 1407 520
f 2378 1234 1426
f 3314 3721 3722
f 1438 3723 3612
f 2418 2417 1423
f 698 697 3724
f 3725 3071 3070
f 2763 3726 3727
f 3728 1645 896
f 556 1581 434
f 3729 2877 3730
f 3731 3732 3733
f 1775 876 27
f 2067 1963 2068
f 3177 2249 3178
f 3734 3735 3736
f 719 3737 2503
f 3738 3739 168
f 3266 57 1760
f 3524 56 55
f 3740 2259 1525
f 3157 1960 3741
f 3742 2226 2225
f 3743 3744 1765
f 2355 3745 1979
f 2552 1786 1785
f 239 241 294
f 1561 241 1814
f 2671 2051 3224
f 413 3404 414
f 3109 1047 1654
f 1445 2889 1853
f 1908 3746 3572
f 2124 1191 2548
f 3183 3747 1370
f 686 2167 984
f 1301 1650 3748
f 862 1515 1514
f 3749 1737 1739
f 481 2648 1813
f 1393 2986 3270
f 3270 2900 1394
f 3750 3751 1955
f 1953 3188 2323
f 3382 3477 3476
f 617 2642 3752
f 3753 2074 2073
f 3754 3745 3588
f 3755 1723 1722
f 2656 3756 1084
f 1102 894 1100
f 1185 1134 1599
f 1419 3757 3758
f 2215 3759 3189
f 3081 2593 2644
f 905 1680 3760
f 532 531 62
f 131 2998 2842
f 3761 3688 1796
f 3506 22 357
f 2701 1904 3424
f 3762 1646 1803
f 3233 1833 1965
f 807 1721 3763
f 3426 2030 2029
f 1368 3690 3764
f 3765 2412 3621
f 1321 3006 3672
f 2229 3655 3654
f 3766 281 851
f 3767 3482 3198
f 2443 3209 2606
f 1719 1721 807
f 1886 1885 1816
f 3703 2839 2841
f 3648 82 1705
f 94 3768 1591
f 632 876 1775
f 1507 2660 2090
f 2995 2615 2616
f 3418 885 3084
f 3369 3085 884
f 1567 222 668
f 401 403 431
f 3769 3770 3771
f 3772 3773 3774
f 3244 3775 3245
f 760 759 3776
f 2448 257 2551
f 3777 3778 748
f 2966 1157 1156
f 694 3346 695
f 3779 2674 1265
f 782 3001 3003
f 3780 2446 3337
f 724 3302 3781
f 300 299 2410
f 3111 1342 1344
f 3236 2488 3348
f 2673 2672 1627
f 3782 3550 2375
f 1615 1226 1225
f 2859 3028 2250
f 3028 757 2250
f 1753 3783 2907
f 2867 3291 2465
f 1733 2966 1156
f 2001 636 1052
f 1968 2264 2263
f 3784 3184 3785
f 3232 693 3786
f 2605 2483 2567
f 3787 2693 2692
f 5 4 1994
f 3001 782 914
f 3788 3476 3663
f 992 51 3557
f 3789 1430 3790
f 3705 3704 2105
f 1365 3501 1363
f 3713 1590 2490
f 3740 3535 3791
f 3792 484 483
f 1864 1863 3420
f 2886 1000 233
f 1344 3793 3272
f 1294 2521 478
f 2427 430 221
f 2685 1628 1627
f 3367 3604 830
f 1129 640 2055
f 640 639 2055
f 1356 509 508
f 3794 41 874
f 939 3032 3031
f 2812 42 41
f 2328 3281 3795
f 3158 3160 1406
f 3323 30 747
f 2657 2547 2548
f 3712 3796 2038
f 1273 1695 2330
f 3797 2955 3798
f 545 3799 3800
f 1965 2136 3026
f 3801 1741 1740
f 3380 3802 2537
f 1410 1323 1288
f 613 1776 1777
f 3513 1197 2983
f 3087 1162 3151
f 1336 637 3259
f 938 1513 936
f 3369 3803 3604
f 2200 937 936
f 1796 3706 3705
f 3804 863 862
f 1940 2301 1139
f 1811 2388 1252
f 3805 2463 2029
f 1917 3490 3511
f 2445 3317 2503
f 3806 3807 1382
f 3808 3809 3810
f 1100 1489 757
f 1489 1488 757
f 1509 3266 153
f 1462 2669 3380
f 153 152 1509
f 3734 2110 3811
f 2994 3135 3563
f 3812 804 1294
f 22 3813 3518
f 3814 3402 3401
f 2573 2572 3192
f 3106 3631 1434
f 653 1480 1159
f 3815 3273 2189
f 1875 2899 2901
f 1424 1426 1234
f 3816 2098 2097
f 662 3817 663
f 2281 131 2842
f 2923 3818 635
f 1980 3651 3652
f 2609 2598 2597
f 188 971 970
f 1147 2403 240
f 589 2043 587
f 3819 2928 2232
f 6 1486 680
f 1684 1686 2416
f 841 3642 3076
f 2179 1745 1834
f 3448 3447 2799
f 3517 2068 1962
f 704 3820 705
f 2499 3259 341
f 3715 3105 1573
f 3821 3822 2977
f 3823 3167 3736
f 2432 3824 2690
f 3037 217 219
f 400 1378 398
f 3825 2472 3214
f 1371 1370 3747
f 1672 1671 3023
f 1702 2297 2396
f 1519 1521 3430
f 1130 2918 3826
f 1481 326 756
f 3827 3286 2920
f 2621 3669 831
f 1007 3828 2687
f 1932 1166 1299
f 3804 2736 2735
f 3387 3829 3830
f 3831 2761 469
f 2845 1386 2846
f 3580 2648 481
f 1465 422 84
f 1296 1905 3832
f 2852 3833 3834
f 1176 1220 2199
f 3835 857 2003
f 2011 685 684
f 3045 3836 2405
f 3837 3838 3750
f 130 3839 3840
f 3841 207 206
f 1473 2002 1052
f 3488 3386 3144
f 3842 3171 2171
f 3843 3497 3205
f 839 3064 746
f 3356 3844 3357
f 854 853 3140
f 1744 3840 3845
f 161 1788 3846
f 1710 2896 198
f 2183 1485 277
f 1173 2224 1174
f 1543 2057 1544
f 703 2678 464
f 2384 243 242
f 2113 2558 2111
f 2073 2072 949
f 3737 3337 2503
f 3847 3848 3251
f 2267 2596 1482
f 3465 3467 1412
f 308 2727 2309
f 2623 1611 1087
f 425 511 426
f 2178 2466 439
f 3744 3743 3293
f 3055 3849 3850
f 1849 3124 394
f 1594 3851 3852
f 224 223 1256
f 3853 3685 3684
f 3854 451 3330
f 2794 17 16
f 3855 1039 1038
f 945 3361 1969
f 3411 3856 3506
f 3741 1192 216
f 3376 593 595
f 2462 2463 980
f 3677 3857 3675
f 3858 3206 3859
f 3860 3861 2792
f 2372 2371 2520
f 3406 3405 864
f 2980 1193 1192
f 297 2915 3463
f 1143 2529 2531
f 3862 2514 2513
f 995 994 3798
f 2264 1968 3863
f 234 2539 232
f 3864 1153 1152
f 3475 1908 2092
f 3865 633 632
f 483 482 3866
f 338 2511 2566
f 1100 894 1490
f 24 1105 3668
f 1947 3867 2424
f 3576 2284 2925
f 883 3868 881
f 3687 3869 3688
f 1902 1901 3870
f 3204 3871 3872
f 3873 3145 3874
f 3875 2348 1363
f 2497 3876 2280
f 3275 3772 1856
f 159 3877 3878
f 742 3759 1185
f 238 1352 1218
f 715 3879 1600
f 3797 3798 994
f 1101 1100 2347
f 3880 3191 3881
f 3882 1264 2331
f 615 3883 3313
f 3884 244 3885
f 1606 2496 2495
f 2123 1291 2932
f 1979 3745 1980
f 1891 3336 3335
f 3187 2562 2561
f 1281 634 1091
f 3342 3360 629
f 3044 3886 2295
f 3887 3888 384
f 3889 3890 3891
f 3892 58 2659
f 2775 2774 3182
f 947 3631 3630
f 3893 3894 1737
f 93 92 3359
f 633 3865 2341
f 3895 1191 3896
f 2124 3896 1191
f 19 21 1818
f 2501 206 2502
f 2180 3897 2626
f 3898 1261 3899
f 3900 2833 2414
f 710 3901 2281
f 3449 403 805
f 1972 3902 2146
f 1293 1888 1123
f 145 2320 143
f 2046 875 874
f 1887 210 3210
f 2946 3619 3787
f 3903 1179 1474
f 630 629 3360
f 1470 3606 3904
f 2124 2123 2932
f 3071 3555 3069
f 3519 2300 3520
f 1367 3153 945
f 952 1381 1380
f 2299 2667 264
f 3502 3905 3906
f 3907 3908 3909
f 1145 380 2028
f 3444 2256 3258
f 3777 748 747
f 1789 2624 1654
f 1700 802 1159
f 3125 248 1034
f 3910 2749 961
f 1386 1749 1387
f 225 1214 223
f 3635 3911 2779
f 1847 3714 3484
f 660 815 2568
f 3495 2861 1951
f 2196 153 3266
f 3210 210 209
f 779 738 3249
f 2388 1253 1252
f 25 877 534
f 2057 817 2474
f 3230 3243 3286
f 151 150 2509
f 3810 3809 3912
f 3019 3280 3913
f 3735 3914 3823
f 2640 2706 3915
f 2705 3118 3915
f 1827 3730 2222
f 30 3777 747
f 879 878 1954
f 723 1501 2001
f 2398 2729 3333
f 3916 1747 1746
f 526 3917 3662
f 3918 3719 3919
f 309 1210 3920
f 2009 3921 3922
f 3452 3494 85
f 3008 3923 3009
f 3924 2740 3925
f 3863 1968 184
f 3926 2092 1908
f 2752 2754 1237
f 3927 2799 3447
f 287 572 2705
f 2558 2557 2111
f 3566 3336 3567
f 1751 1753 2907
f 3927 1950 3928
f 163 162 3929
f 3930 3445 1179
f 3931 3932 3933
f 2696 1668 3478
f 2511 3260 2566
f 3260 1414 2566
f 1947 1648 1945
f 1096 1211 432
f 3934 3882 3935
f 1831 3201 1832
f 3412 3936 3413
f 3211 3175 1850
f 3937 1955 3751
f 3938 3939 126
f 3797 1717 2955
f 3940 3658 3223
f 1987 2916 1985
f 1769 709 1767
f 3941 3261 3120
f 2624 3108 1654
f 1722 3942 3755
f 1366 3764 3153
f 3370 1778 1780
f 2763 2304 2263
f 2214 108 3943
f 1751 2909 3213
f 3944 3943 108
f 3945 152 1856
f 3946 577 3557
f 1078 688 687
f 3623 2691 1384
f 2524 1746 2098
f 3722 3721 3947
f 2486 2821 1511
f 3292 1314 2488
f 276 261 2682
f 2565 1265 2481
f 1586 1588 2822
f 2240 3569 1027
f 3948 3041 1240
f 872 871 307
f 1899 2372 1898
f 3607 3003 3002
f 1725 3949 3111
f 3950 3005 750
f 3576 2927 3315
f 60 2659 58
f 3909 1735 1736
f 2513 3307 3862
f 840 3613 1020
f 40 3674 1802
f 2964 1354 2963
f 3951 293 3910
f 3366 941 2209
f 1471 368 367
f 3952 1949 1144
f 2437 3226 2599
f 1216 436 3953
f 3643 3076 3642
f 2940 961 963
f 3954 3712 2953
f 2179 2953 3712
f 3955 1331 3042
f 28 2259 3956
f 979 1349 3197
f 1320 2349 3957
f 3958 3725 3070
f 3619 2946 2947
f 21 20 872
f 2163 1451 1450
f 3241 2320 1217
f 685 1495 2404
f 3959 244 3960
f 3592 3920 1210
f 1852 3088 3089
f 1164 1163 3381
f 1141 1140 3408
f 3961 1535 132
f 3962 3741 1960
f 501 1993 499
f 2548 1190 2348
f 3168 3648 1705
f 3806 3463 3257
f 3963 1092 1094
f 2619 589 3702
f 2561 2529 3102
f 2237 845 3964
f 3073 1017 1016
f 3081 3965 2593
f 3589 887 453
f 1105 1104 2496
f 3756 2750 1082
f 1662 1131 1133
f 1075 149 2659
f 2363 3946 3557
f 3731 3966 3732
f 911 3967 2788
f 3968 1827 533
f 3969 3970 663
f 2119 2190 2189
f 125 127 2982
f 3794 874 873
f 3971 1604 991
f 816 815 3972
f 8 2442 9
f 3461 2754 2753
f 2952 3954 2953
f 3307 2635 3973
f 2918 1130 1129
f 3532 459 3974
f 3785 3975 3976
f 381 1019 3075
f 3911 3635 150
f 3635 2509 150
f 1137 1832 3201
f 3977 3725 3978
f 3800 2704 545
f 1668 1667 2704
f 3979 2162 2983
f 1468 1475 1466
f 1103 2288 2287
f 3873 509 1105
f 3980 3981 3016
f 1818 175 174
f 1207 3982 1205
f 3214 2909 3825
f 3044 2295 3043
f 3983 3548 1110
f 3984 3717 3486
f 1270 2768 1284
f 2866 3935 2867
f 2184 277 3985
f 2593 852 854
f 2211 3986 740
f 2485 335 3027
f 106 1779 3987
f 985 1103 2287
f 985 2455 986
f 3695 254 256
f 254 3695 3988
f 1727 2575 3989
f 3479 2697 3478
f 1970 488 487
f 2733 3122 1540
f 2183 2184 3572
f 3990 1958 1957
f 1687 213 212
f 208 210 2821
f 184 1969 3361
f 2571 652 2527
f 2735 3838 3804
f 2084 2997 2772
f 1736 3922 3921
f 1781 992 3991
f 3992 2584 3419
f 3993 3948 2449
f 3909 3908 786
f 3835 858 857
f 2531 1144 1143
f 356 718 717
f 387 2896 3056
f 3994 1787 1786
f 1154 1071 3241
f 2610 205 1750
f 1616 452 1484
f 2003 2005 1724
f 1192 3741 3962
f 2309 2777 308
f 3995 456 112
f 2989 3996 349
f 3997 2687 3828
f 701 515 3581
f 3998 3999 3398
f 3978 4000 3945
f 3846 1788 1819
f 3981 2766 3016
f 937 3596 4001
f 2872 4002 3197
f 4003 463 3218
f 1014 3456 2269
f 2808 3397 4004
f 4005 692 867
f 3294 3982 1207
f 2450 1875 2451
f 1734 501 500
f 2216 2552 1580
f 84 83 408
f 1727 2113 2112
f 3508 104 3338
f 46 48 3724
f 3032 3366 3325
f 4006 1701 1700
f 378 3344 752
f 3858 3207 3206
f 1066 3821 2109
f 1562 1298 1297
f 3740 3791 4007
f 2278 3352 2279
f 3779 385 2814
f 3917 1540 3122
f 1415 2814 2813
f 2047 874 41
f 4008 2699 3689
f 900 2880 3689
f 2044 4009 2043
f 2550 3417 3551
f 4010 4011 713
f 3094 4012 382
f 2862 1042 859
f 2862 3860 1779
f 3102 3221 3187
f 3097 1102 3046
f 346 1119 344
f 816 2890 1502
f 1689 3546 3647
f 1813 479 481
f 2930 4013 4014
f 4015 4016 4017
f 654 4018 3029
f 3146 1079 1941
f 1414 4019 1412
f 1348 1350 796
f 1090 633 2341
f 965 69 68
f 2193 3316 607
f 3640 2988 349
f 3734 3914 3735
f 4020 4008 3689
f 4021 4022 1436
f 3388 1391 1390
f 2104 3193 917
f 4023 3696 256
f 3182 3984 4024
f 928 3368 3276
f 2315 2045 2316
f 2045 1271 2316
f 967 966 2150
f 497 3409 1994
f 4025 4026 958
f 664 301 665
f 1002 2148 1003
f 2142 2054 2053
f 2230 4027 1837
f 3682 4027 3508
f 3539 4028 1029
f 1438 1436 3090
f 951 3195 4029
f 3219 4029 3195
f 2770 12 11
f 2564 1511 2563
f 2302 3968 533
f 2254 2266 3967
f 2456 3032 986
f 1314 809 2488
f 753 755 4030
f 1573 1297 3716
f 2282 4031 3235
f 3200 2440 2606
f 1868 392 1174
f 389 3319 3036
f 4032 4033 737
f 3563 3448 2994
f 2685 4034 1628
f 3944 2020 2209
f 935 1036 1035
f 2445 71 3317
f 376 1775 374
f 1925 3979 2983
f 3255 613 1777
f 877 1585 534
f 2628 3128 2369
f 2628 650 2629
f 3931 3173 770
f 3025 3408 1140
f 2989 2658 3996
f 2365 578 577
f 2514 1309 1308
f 960 4035 1503
f 4036 4037 3972
f 660 659 4038
f 3831 471 1766
f 4039 4040 3216
f 4041 4042 1453
f 4042 2863 1453
f 833 452 454
f 994 3906 548
f 2373 3933 3932
f 4043 1357 4044
f 1019 731 733
f 607 606 2193
f 1203 4045 2954
f 3207 458 3173
f 4046 2786 3143
f 265 932 334
f 4047 3626 2995
f 588 587 4013
f 4048 2807 4049
f 3838 2238 91
f 2012 201 1028
f 1028 201 238
f 43 2468 1410
f 4050 3195 951
f 196 3540 1375
f 1057 3540 3181
f 3106 3105 3629
f 1372 144 1888
f 3465 3608 3466
f 15 2854 3359
f 2182 1506 1505
f 3062 4051 4052
f 3222 3320 3319
f 1027 1218 2240
f 560 559 575
f 278 1072 1997
f 672 261 260
f 261 672 2682
f 764 122 124
f 263 265 2870
f 3790 4001 3789
f 1844 1027 3569
f 775 774 2091
f 1285 1284 2768
f 1350 321 323
f 2432 838 837
f 3018 3430 1521
f 763 3728 896
f 4053 2465 2815
f 3544 2923 4054
f 314 3597 315
f 3722 2755 506
f 4055 190 189
f 3566 3451 4056
f 2704 3800 1668
f 3216 4057 3480
f 2805 390 3468
f 2881 4058 4059
f 3682 3462 2915
f 3806 3257 2255
f 3603 728 730
f 2715 2938 1606
f 380 1145 1212
f 3390 3389 729
f 3472 2074 3473
f 2889 2345 1853
f 1189 3332 1620
f 705 2887 2708
f 2901 2314 2313
f 3601 3600 1181
f 2887 2582 2708
f 2583 4011 2581
f 4060 4061 4062
f 880 2153 2522
f 433 1211 4063
f 1270 3513 557
f 3681 1628 4034
f 4064 2549 3599
f 2052 1890 1889
f 2735 3750 3838
f 4038 3972 815
f 2434 36 364
f 1215 2942 2943
f 273 4065 271
f 4066 959 3641
f 1609 2458 1610
f 3347 3522 409
f 2974 3621 2972
f 3526 1998 2787
f 3063 1874 649
f 8 2587 2442
f 2810 489 488
f 3026 3233 1965
f 2469 3004 3006
f 3377 2264 3863
f 2785 2280 2279
f 1758 2995 2661
f 1140 2235 3025
f 1840 1928 1927
f 3432 2017 2088
f 3645 3350 4067
f 3386 2978 3144
f 828 2095 4068
f 2990 1460 1246
f 1004 1155 3531
f 1155 2114 3531
f 2161 4069 1498
f 3653 2208 940
f 3049 1030 3007
f 1181 1180 3274
f 1248 2791 2790
f 2578 1531 2161
f 1865 1867 3018
f 4070 1498 3363
f 1486 1993 501
f 1985 2917 2886
f 1266 3667 385
f 1555 656 3199
f 1805 798 800
f 2324 798 2292
f 69 560 575
f 1206 4071 2702
f 4072 1207 4073
f 2422 603 3587
f 3478 2697 2696
f 1390 3230 3388
f 1102 3097 3221
f 3097 2025 3187
f 4074 470 3610
f 1250 1799 1248
f 828 4068 3926
f 1556 3234 1537
f 1646 1452 1121
f 1122 1121 1452
f 1645 4075 1643
f 2246 205 207
f 211 2329 212
f 2329 233 212
f 1601 429 814
f 429 1601 427
f 814 4076 1601
f 2581 4076 4035
f 4035 2582 2581
f 2382 1010 1009
f 463 465 2261
f 713 1601 4076
f 242 3748 4077
f 2237 3328 2804
f 4077 2384 242
f 3829 3387 334
f 3920 3176 309
f 3980 99 98
f 3130 1830 1892
f 103 99 1402
f 2021 3364 2525
f 1879 2766 98
f 2872 1992 2542
f 2542 2720 3426
f 3333 1646 1121
f 243 2384 1873
f 3423 1704 4078
f 1499 4070 519
f 2618 3554 2619
f 1825 2616 1706
f 2044 2619 3554
f 1345 1880 2383
f 49 1846 1845
f 1846 3420 173
f 1193 2507 2506
f 2725 677 2103
f 3471 4079 4080
f 3016 1991 3980
f 144 1372 3190
f 3913 3280 3279
f 3066 3529 3528
f 1884 3133 3528
f 407 3546 3615
f 1450 1983 2163
f 195 669 1768
f 775 2091 4081
f 4082 668 4083
f 2902 305 2465
f 3005 3004 750
f 2571 4084 1095
f 3683 3073 3072
f 580 2409 581
f 1503 1502 960
f 1981 3334 4085
f 3710 2943 345
f 1216 3137 1215
f 418 1621 419
f 3011 3010 3788
f 1208 4086 3507
f 1616 3588 453
f 3476 2641 3103
f 3476 3788 3382
f 2065 450 449
f 617 3752 1163
f 2891 3109 2166
f 762 3019 3658
f 240 2403 3603
f 2403 1494 3603
f 2874 3844 2875
f 125 977 976
f 502 1501 304
f 1467 3628 3375
f 1384 2691 493
f 2189 1529 2119
f 1712 1711 3714
f 4087 4088 3622
f 903 3714 1711
f 1568 2849 220
f 3982 4062 4061
f 523 3162 2569
f 463 4003 2255
f 4089 3583 3582
f 2071 1772 1936
f 3607 3466 3608
f 2190 2119 2118
f 1384 1383 3622
f 1431 1385 493
f 3246 1329 3955
f 187 186 2182
f 489 2587 1851
f 4090 423 2345
f 1092 4091 3134
f 4092 2576 2575
f 2882 651 1894
f 3803 13 3604
f 3590 1305 2234
f 413 223 1214
f 3067 2410 574
f 3441 4093 3277
f 4094 1253 2389
f 50 49 2363
f 3960 244 243
f 2166 1178 1177
f 1897 498 4
f 2435 4095 2952
f 1956 1958 4096
f 2140 3517 2292
f 3727 4097 4098
f 68 4099 4100
f 3574 4101 1320
f 4029 3219 2622
f 2362 744 2132
f 3343 2102 2924
f 2752 1237 1236
f 2873 2024 1069
f 3704 2071 1936
f 2071 1773 1772
f 4102 3778 4103
f 4104 3828 4105
f 3670 3457 1041
f 4106 4107 2965
f 320 1643 319
f 16 2919 12
f 3762 1044 1043
f 4007 4108 3956
f 1163 3752 3381
f 1989 2713 2714
f 3021 3249 3164
f 2268 4109 1645
f 801 803 2396
f 253 3912 3809
f 950 2590 2589
f 2784 2783 2464
f 1089 1088 3222
f 3753 3891 3890
f 276 3253 262
f 4110 465 464
f 4083 3449 1768
f 2594 2815 2465
f 1768 4082 4083
f 1729 1861 805
f 3165 1158 2843
f 325 793 756
f 793 325 791
f 2631 2633 3129
f 3808 3810 4111
f 2707 4112 3775
f 1174 392 1172
f 3388 729 3389
f 1430 127 126
f 2046 4079 3471
f 4113 4079 2046
f 439 3454 437
f 736 1048 1493
f 1522 1817 21
f 59 3068 60
f 2035 1635 1558
f 2034 2036 3376
f 3210 3089 1887
f 1558 2034 2035
f 291 293 754
f 3376 3375 3628
f 2265 4046 3143
f 4114 3602 3601
f 3269 978 977
f 1347 1346 813
f 2964 820 2169
f 494 1354 495
f 2591 3250 3044
f 2157 4115 4116
f 3950 4117 3005
f 751 2600 1332
f 511 510 426
f 3822 4118 2243
f 2957 4119 563
f 1777 2923 635
f 4120 4121 2621
f 3960 1874 3063
f 4122 4123 3874
f 649 3061 3063
f 2973 245 2089
f 2106 1936 2089
f 648 2786 3061
f 1401 1711 1083
f 809 3190 1374
f 3907 145 144
f 2474 3011 1544
f 4124 2549 2551
f 973 3392 4125
f 2835 1597 1596
f 3446 1995 139
f 1410 2469 1323
f 3539 2811 2273
f 1737 3749 3893
f 1878 3441 1876
f 4048 2338 2807
f 2558 2113 2516
f 67 3502 994
f 73 2312 74
f 3366 2312 3325
f 1199 482 1926
f 1910 4126 1911
f 2027 2663 582
f 4127 2027 584
f 3960 4100 3959
f 4099 995 3798
f 1472 3113 2035
f 3572 2894 2183
f 369 371 520
f 931 890 1853
f 3940 3223 229
f 2519 2518 2730
f 1839 1097 4128
f 1326 1325 3158
f 566 1357 4129
f 743 676 3193
f 588 1539 868
f 3169 3625 3693
f 1146 3235 1569
f 2186 1299 1166
f 4130 117 3780
f 3024 1304 3770
f 4131 3133 4132
f 3892 3093 3095
f 3853 1434 3631
f 156 4133 1653
f 2074 3472 2664
f 2655 2470 3971
f 2509 2545 2508
f 4134 2662 1421
f 207 2247 2246
f 2476 3521 3520
f 2470 2655 2865
f 3881 1433 3880
f 2832 2831 3191
f 2532 3637 3636
f 82 3648 3647
f 674 2709 2361
f 2372 3933 2373
f 2373 3932 958
f 4135 2727 871
f 2727 307 871
f 4050 2525 2527
f 1552 3795 2048
f 1624 3585 4136
f 915 164 166
f 2021 2525 2409
f 3505 513 4137
f 3534 2633 2632
f 4003 3807 2255
f 1067 434 433
f 1127 3231 768
f 3788 3663 4138
f 3663 2579 4138
f 3691 4059 3245
f 1089 3319 3429
f 686 984 1243
f 3202 727 2173
f 2455 4139 2456
f 255 254 4140
f 85 1117 1116
f 4141 811 3174
f 1084 3756 1082
f 2950 2962 2042
f 4142 4143 3576
f 4090 2091 1824
f 2127 4089 4144
f 1639 1854 4139
f 2945 256 1854
f 3695 256 3696
f 3892 3095 58
f 3871 760 3776
f 3682 3339 3462
f 3339 3682 3508
f 366 1085 3129
f 2998 1389 1391
f 3965 3443 853
f 4145 3474 3965
f 4146 659 661
f 3510 3489 3179
f 3154 2171 823
f 1759 822 726
f 125 1504 977
f 3149 2630 2117
f 995 68 67
f 2549 4064 2550
f 4019 1414 662
f 354 3091 352
f 3028 337 757
f 4147 3599 2739
f 2970 3553 447
f 3258 3257 3462
f 2452 1665 1664
f 1664 1666 2900
f 179 2798 2797
f 1068 832 3669
f 148 2924 146
f 4148 4149 4150
f 2834 1114 969
f 4151 3808 4111
f 1115 4152 4056
f 3151 2475 3087
f 2726 2747 908
f 549 3906 3414
f 3414 3906 3905
f 3905 3502 2461
f 328 1249 2944
f 1097 1839 1841
f 296 4153 2915
f 625 2400 623
f 4154 1557 3799
f 1265 1266 3779
f 40 1802 2047
f 2047 1802 1801
f 4155 2943 3711
f 4000 1509 3945
f 1339 4156 1337
f 3561 2673 1626
f 3199 1890 2438
f 1642 1338 1889
f 2717 3256 2567
f 386 385 3667
f 668 1128 1567
f 1567 1128 1568
f 3513 2983 2162
f 4013 2930 1539
f 3991 3557 577
f 3959 4100 4099
f 3633 424 3632
f 2363 3557 50
f 2459 3252 3251
f 4157 3391 4158
f 3099 4159 3100
f 2460 2115 2114
f 1031 1032 2547
f 2976 587 2043
f 4160 1924 1923
f 1924 4160 276
f 930 755 4161
f 3951 754 293
f 4162 582 2663
f 584 2027 582
f 1531 123 1660
f 3332 2573 3500
f 1408 1242 1714
f 735 1654 1046
f 2964 2712 1355
f 3438 38 2138
f 321 1350 981
f 4163 2765 3566
f 4164 4165 4166
f 4033 3248 737
f 970 4021 942
f 2999 341 3259
f 3343 148 3645
f 2396 1341 2397
f 328 2707 1250
f 884 3085 885
f 2880 2307 3611
f 21 872 1522
f 3482 215 3198
f 641 1912 1237
f 3311 3310 3961
f 3310 4041 3961
f 2992 2806 2644
f 4167 739 4168
f 1335 1939 1496
f 1335 2137 1333
f 3371 466 1730
f 3638 2337 2336
f 2989 771 1031
f 771 770 1031
f 360 2601 361
f 1168 2819 3444
f 1064 2108 3734
f 4169 3218 2985
f 3166 1064 3167
f 4170 1333 2137
f 3735 3823 3736
f 833 3393 452
f 3656 2364 2363
f 1393 4171 2987
f 2436 2951 2703
f 2951 2436 2435
f 2021 3816 3364
f 3365 1269 4063
f 2159 4011 1738
f 1863 1708 3420
f 1099 4172 417
f 4173 322 2391
f 3215 3800 3799
f 4174 3404 4175
f 4176 4085 3334
f 4177 1073 2183
f 4178 3358 4179
f 512 4180 4181
f 1094 3576 4143
f 553 1264 3934
f 2120 250 2121
f 262 96 95
f 4182 4078 4183
f 1283 4184 1013
f 2158 2965 797
f 2926 3834 3833
f 3543 675 3544
f 2726 1457 677
f 2084 3352 2085
f 139 1180 3445
f 2556 2332 2176
f 4185 2147 2308
f 195 194 669
f 1611 4186 1087
f 3272 3059 1726
f 2685 1627 2686
f 306 305 2902
f 306 1389 197
f 3159 1820 3160
f 3122 1699 3161
f 2860 3126 1951
f 1023 1022 4187
f 319 1643 4075
f 3939 3790 1430
f 4168 778 1787
f 2418 2569 3163
f 133 132 1710
f 3526 246 2972
f 2244 4118 1065
f 1863 1709 1708
f 4188 1380 1379
f 1398 395 3271
f 2160 3768 2401
f 328 327 2707
f 1421 1423 2417
f 521 2881 4059
f 2172 3929 162
f 32 977 1504
f 987 1103 985
f 987 3325 2312
f 1925 2983 1926
f 1326 2893 2892
f 345 4189 3710
f 2143 4190 2600
f 116 4191 4137
f 1872 3665 1736
f 2877 4184 2222
f 1850 487 489
f 4192 2718 2717
f 1868 4193 3579
f 2717 2716 2444
f 2185 1300 2186
f 3577 4194 4195
f 264 2666 932
f 2389 2585 1974
f 610 609 1142
f 921 3038 1396
f 4196 866 2922
f 1983 3009 2164
f 1854 4197 2945
f 1235 1912 2765
f 3839 910 3840
f 3758 2164 3009
f 3881 3191 410
f 1964 1963 879
f 1854 4140 4139
f 3490 3509 3511
f 1152 630 3864
f 4198 2559 4034
f 397 396 2788
f 4199 997 1328
f 931 2528 891
f 1867 2158 3019
f 2 689 3278
f 4200 70 1548
f 70 4200 438
f 1436 1435 3090
f 1952 1435 1437
f 3639 4201 780
f 4202 2408 1845
f 4135 2309 2727
f 2309 4135 2310
f 2563 2330 2564
f 2330 2563 1273
f 1679 3760 1680
f 1959 4203 2295
f 2592 2643 2593
f 206 2501 3600
f 359 2884 357
f 4204 218 3264
f 381 708 2744
f 381 383 1019
f 4205 7 9
f 1841 1689 1097
f 32 31 3269
f 1204 3020 3269
f 3172 3171 4206
f 1388 2489 2846
f 858 3288 856
f 4023 2454 3288
f 2880 899 2305
f 3924 4207 2738
f 616 615 3313
f 3482 3767 4208
f 3238 47 2829
f 1756 3919 3719
f 23 4209 3145
f 3518 2129 23
f 3619 1948 3952
f 4069 2195 1498
f 1316 2031 2007
f 1316 414 1578
f 2326 1994 2411
f 4210 2724 2723
f 1015 4211 2874
f 1013 4180 2062
f 4212 2895 3762
f 2960 1837 1836
f 4001 938 937
f 428 2939 138
f 661 138 137
f 138 661 428
f 1345 1881 1880
f 1808 2335 1806
f 103 1807 4213
f 2383 1806 2335
f 1806 4213 1807
f 3174 811 1346
f 586 3960 3063
f 1338 1642 2868
f 1441 112 111
f 373 120 966
f 853 3338 3140
f 104 106 3140
f 2027 1422 2663
f 2216 4134 2552
f 3645 2101 3343
f 695 3964 844
f 1295 4204 3264
f 3698 1546 1201
f 1528 3300 1529
f 2370 3300 785
f 3469 3470 4214
f 3470 3852 4214
f 365 3082 2806
f 2806 3082 2644
f 3695 3694 3988
f 129 128 2266
f 3261 975 974
f 3138 3953 3581
f 3894 1518 1517
f 2676 2287 2677
f 4208 710 2242
f 2656 1868 3579
f 540 3872 541
f 3030 4018 354
f 2514 955 2512
f 2512 955 4215
f 1031 2547 2658
f 3029 4018 3030
f 3722 1688 1063
f 2278 3876 4216
f 1607 1606 2938
f 2910 2911 1613
f 4217 2130 3147
f 1036 935 3985
f 619 2066 617
f 1083 1082 1401
f 684 683 1570
f 851 2060 2603
f 656 1642 1890
f 4106 2965 1866
f 4058 2523 4059
f 2903 1389 306
f 3696 3835 3694
f 3835 2003 3694
f 3873 3874 4123
f 4218 4219 4220
f 3126 2443 1952
f 2000 3143 1998
f 3017 3051 3052
f 3017 4221 1111
f 2916 3570 1054
f 3570 2191 1054
f 2860 1137 3208
f 3842 468 467
f 4222 2282 827
f 2271 4223 1602
f 1148 1150 2305
f 4103 4108 175
f 1446 3124 1849
f 2579 1872 2023
f 3278 3280 2158
f 3616 3618 538
f 4224 2398 4225
f 690 1468 1467
f 1591 1499 142
f 1499 1498 4070
f 110 1950 476
f 1875 2450 1664
f 1532 777 1533
f 2608 1579 1534
f 3052 688 3017
f 688 3052 686
f 383 4012 1673
f 4012 3892 1673
f 883 2371 2373
f 3025 3769 3771
f 3685 3853 4226
f 1268 3203 1267
f 945 1969 1367
f 2304 4227 1367
f 1516 1518 2328
f 3435 3582 1085
f 3988 4228 254
f 3660 2761 4165
f 4161 755 754
f 4229 3575 3957
f 3462 4230 3258
f 3460 1304 3024
f 1942 4231 1943
f 3690 2956 4232
f 1579 1911 4126
f 124 2013 2433
f 2773 3863 183
f 4233 789 790
f 1999 4234 2843
f 3826 2918 834
f 492 3598 4235
f 4236 3524 3523
f 4237 3672 3065
f 2269 516 518
f 3502 3906 994
f 520 1407 1406
f 1266 3413 3667
f 3936 3412 3316
f 3736 3167 1064
f 1638 644 646
f 3120 2749 3941
f 1200 84 422
f 3470 902 4238
f 911 2750 909
f 789 4233 1941
f 2843 1158 1157
f 644 1638 4239
f 3784 4096 2208
f 3154 3842 2171
f 4240 671 1984
f 4241 468 3155
f 496 1984 494
f 2172 2171 3171
f 3868 1819 881
f 2179 2040 1745
f 2645 1408 741
f 3172 1209 3929
f 2518 700 699
f 465 4242 4106
f 4198 3732 2560
f 805 1861 424
f 1267 3205 3497
f 643 1912 641
f 1237 2922 641
f 3733 4034 2685
f 1566 3606 2107
f 1919 1978 1379
f 1379 4178 1919
f 603 1527 3587
f 3605 3606 1470
f 130 4051 3699
f 3404 1576 414
f 4239 4096 3784
f 3944 2208 4096
f 3787 4243 3976
f 923 3652 924
f 810 1313 3370
f 4244 833 832
f 2824 2260 2075
f 2260 465 4106
f 578 3720 2127
f 4057 3216 4040
f 4186 2911 1087
f 918 1444 916
f 1444 2024 916
f 2037 2769 4245
f 3038 921 581
f 4246 1202 1545
f 2781 2888 1445
f 3817 4235 663
f 3070 4236 3523
f 4247 1961 2039
f 3802 3749 1739
f 266 932 2666
f 4194 3577 3579
f 4248 2452 2451
f 4249 2794 12
f 1291 1975 1977
f 3970 3701 3852
f 1785 1532 1534
f 3561 2440 2439
f 924 777 779
f 777 924 3652
f 739 779 778
f 1532 1787 778
f 1060 2802 2192
f 3241 1217 373
f 2069 3517 3475
f 2776 1212 3015
f 834 2022 835
f 2022 1872 835
f 4246 2492 1202
f 3798 2955 3885
f 3539 172 2811
f 800 1803 1805
f 3556 3362 1492
f 2376 3416 2698
f 4056 1116 1115
f 1116 4056 3451
f 1457 2726 1473
f 734 1242 735
f 3720 578 3545
f 2800 1288 1618
f 3557 3991 992
f 2270 600 1229
f 3938 2429 2494
f 1513 3939 3938
f 4112 3245 3775
f 1432 3684 3771
f 3953 3138 3137
f 2493 2429 2428
f 698 3724 3707
f 423 753 4030
f 1884 1678 3133
f 4250 1609 2748
f 1364 418 1365
f 1304 2414 3110
f 2437 720 817
f 4251 1464 1463
f 2609 1533 3652
f 3652 1533 777
f 247 2105 245
f 865 4252 4253
f 1989 2944 1990
f 3312 3767 3198
f 4254 4255 4220
f 1860 448 2063
f 518 517 3318
f 2064 4256 1976
f 4255 1478 4220
f 1977 1976 4256
f 1262 3322 4257
f 3303 3616 538
f 1373 3349 3348
f 2720 658 1830
f 3904 3606 1566
f 1405 1326 3158
f 1699 1821 3161
f 4258 1134 1186
f 155 2308 4259
f 661 2568 429
f 2568 814 429
f 814 1503 4076
f 1503 4035 4076
f 4035 2457 2582
f 2457 2708 2582
f 2708 4260 705
f 4260 3690 705
f 620 948 673
f 3263 3262 818
f 1449 3334 1981
f 8 7 3703
f 2673 1627 1626
f 1628 2149 1626
f 1547 2827 3118
f 3356 3121 2875
f 2380 3107 2381
f 4171 2381 3107
f 3983 1724 3516
f 1724 3983 1722
f 934 2184 3985
f 3872 3871 541
f 2095 830 3604
f 3367 1877 3276
f 3827 1561 1814
f 3827 3230 3286
f 3019 3018 1867
f 350 2944 351
f 4261 4262 2684
f 3537 105 2334
f 154 3147 1855
f 3147 4263 4217
f 4264 4265 3058
f 4119 3058 4265
f 4167 3013 3012
f 1610 1617 1608
f 1061 362 680
f 362 1061 1
f 377 2132 744
f 1146 239 2283
f 2900 2899 1664
f 2899 1875 1664
f 480 1934 481
f 4161 1274 930
f 1857 3022 1858
f 1316 2007 1317
f 3895 4205 3331
f 3449 3633 1440
f 209 2487 52
f 3007 323 4173
f 4143 3963 1094
f 3367 3276 3368
f 930 1274 2528
f 891 890 931
f 4266 4267 1106
f 1274 4161 3951
f 3212 3850 1371
f 9 3331 4205
f 3515 3516 1724
f 2205 4032 2206
f 1691 1693 4268
f 2630 3128 2628
f 1833 3233 2210
f 2210 1556 4154
f 4269 571 570
f 3235 2283 2282
f 1646 2729 1803
f 4270 3855 4036
f 1873 1874 243
f 1874 3960 243
f 2024 1937 1772
f 1937 1936 1772
f 1936 2106 3704
f 2106 2105 3704
f 2105 2543 2385
f 2543 1873 2385
f 4271 4253 4252
f 3132 643 2016
f 4272 230 1089
f 4273 3007 1030
f 3998 3398 2809
f 2748 3120 4250
f 2327 2328 4274
f 2871 3426 2462
f 4275 2879 2878
f 1177 1176 1324
f 3068 1823 1074
f 1024 2677 2287
f 1311 2646 462
f 459 458 3974
f 3469 903 902
f 2120 2556 192
f 839 1931 4276
f 2622 3219 1614
f 1132 2562 2025
f 1132 196 1375
f 3010 398 3788
f 4277 3357 4278
f 4176 3334 914
f 644 4243 645
f 2427 2521 430
f 2545 2509 2006
f 3944 2209 2208
f 107 925 2019
f 1834 546 2951
f 546 2703 2951
f 2722 3355 2723
f 3384 258 2618
f 171 170 3048
f 30 3323 28
f 630 2854 1001
f 4094 1943 4231
f 1947 1649 1648
f 3017 688 2314
f 3888 42 384
f 2503 3337 2445
f 727 823 2173
f 2173 823 2171
f 2638 3329 2640
f 3329 2638 2146
f 1303 2654 3042
f 1186 646 4258
f 449 3854 1359
f 457 180 3928
f 1154 3241 373
f 1154 966 1997
f 4193 1174 2224
f 1750 3035 2610
f 4279 1277 1279
f 895 1102 3221
f 2196 64 154
f 2196 3266 726
f 2479 2168 2169
f 1342 3898 3899
f 980 3197 4002
f 3805 4004 3397
f 1318 4101 287
f 4280 3312 3198
f 4221 1112 1111
f 2987 1113 1112
f 3267 4206 3171
f 3170 3169 1690
f 3461 2991 2754
f 2220 1460 2990
f 3568 3437 3436
f 1870 3386 1871
f 1166 1572 2186
f 2768 1269 2096
f 4121 4281 2621
f 4282 3859 3206
f 2973 246 245
f 647 2543 247
f 3620 1998 3526
f 1998 3620 3655
f 3292 1315 1314
f 1059 4283 2339
f 396 2750 911
f 3756 909 2750
f 4258 3877 1134
f 1795 2353 2352
f 1491 77 2594
f 4284 77 76
f 3870 2588 2072
f 3964 3350 2237
f 4210 3608 3465
f 213 2627 2626
f 1748 3349 1373
f 501 1487 1486
f 1487 1061 680
f 4285 1699 1698
f 708 1970 487
f 4006 2941 1701
f 2941 420 419
f 2460 1003 2149
f 1003 2460 1155
f 2185 682 1300
f 935 934 3985
f 2022 834 2023
f 3980 2931 1403
f 4286 2217 1579
f 1171 1446 1448
f 4287 4080 4079
f 384 2814 385
f 1964 1953 2323
f 3188 3471 3080
f 3794 3646 2813
f 4288 3917 3122
f 1991 2868 678
f 2868 1991 3016
f 561 560 4194
f 4195 560 69
f 100 4100 3960
f 560 4195 4194
f 238 237 1352
f 2461 3742 3412
f 1302 3748 4289
f 248 250 192
f 1630 1391 3388
f 4054 3542 3544
f 4094 892 1253
f 1859 2925 2284
f 1940 3520 2300
f 1100 1490 1489
f 4016 4290 3712
f 3764 1366 1368
f 1511 2820 1459
f 2487 2486 2454
f 1078 2314 688
f 2830 1330 2387
f 3897 3618 3617
f 4291 4121 4120
f 2974 4291 4120
f 1672 3023 3134
f 3927 3928 2797
f 2278 2280 3876
f 3868 883 959
f 4292 1461 269
f 91 863 3838
f 863 3804 3838
f 3405 1515 862
f 3804 1514 2736
f 3102 3101 3221
f 4293 2421 4279
f 996 997 2712
f 997 4199 2711
f 2054 2143 2599
f 7 4205 3703
f 3756 3578 909
f 3845 3577 1744
f 4294 1547 571
f 4295 3326 492
f 2968 4291 2974
f 910 3845 3840
f 338 165 164
f 3429 3442 3345
f 2610 3035 2502
f 2502 206 2610
f 2278 2085 3352
f 3399 3934 3935
f 1206 4073 1207
f 4073 1206 2856
f 1378 439 2466
f 1120 4296 3421
f 4297 3094 382
f 2744 4297 382
f 2570 533 1828
f 209 208 2487
f 292 291 407
f 83 3647 3546
f 1908 934 3287
f 595 2034 3376
f 120 372 121
f 3825 2909 2908
f 3628 1466 594
f 4298 3439 3657
f 539 3973 2635
f 3279 3320 3222
f 2476 3559 3497
f 784 3661 3053
f 4216 3876 343
f 1970 1254 488
f 3851 663 3970
f 3970 3852 3851
f 4299 4300 731
f 731 1019 1018
f 2829 2933 2935
f 3724 2191 4301
f 3237 1193 2980
f 2506 2505 3299
f 2207 3228 2205
f 2498 3801 1336
f 797 2965 4107
f 2846 1386 1388
f 3650 2540 3242
f 1609 3000 2749
f 411 2574 409
f 4302 3458 3670
f 3491 4146 3489
f 3012 2206 4032
f 4303 2311 2310
f 2824 1944 2261
f 4304 2013 75
f 2277 1280 3766
f 1376 913 912
f 251 3809 4305
f 4306 3843 3872
f 4188 1379 1978
f 4251 1463 3726
f 3751 3750 4307
f 3727 704 2763
f 714 713 4011
f 1229 600 599
f 1597 2835 2870
f 283 282 3879
f 1277 747 749
f 267 266 2534
f 3298 576 2083
f 1756 2661 2660
f 1720 722 1329
f 3128 3296 2370
f 204 1833 1745
f 3915 2706 2705
f 4230 3443 3258
f 4212 4308 4309
f 4310 3709 427
f 3375 2809 691
f 2808 3786 693
f 2297 2296 3047
f 1302 1301 3748
f 3776 541 3871
f 3533 2062 1976
f 3502 575 559
f 3262 4311 2546
f 3399 4136 3585
f 4080 3080 3471
f 2001 1501 636
f 504 1501 502
f 1736 3921 3909
f 2319 16 18
f 4164 1058 3180
f 4036 4312 4270
f 2796 176 178
f 3396 4313 981
f 4314 284 1230
f 1302 4315 2654
f 3100 3640 348
f 61 2471 62
f 4214 3485 3484
f 2228 2355 922
f 3080 799 2324
f 799 798 2324
f 2607 2484 2483
f 1784 3072 1782
f 2948 2385 2384
f 4139 3643 1639
f 3396 981 980
f 1411 1124 1034
f 2698 2699 3811
f 2699 4008 3811
f 2887 628 2583
f 2583 627 4011
f 2324 2292 2322
f 4315 1302 4289
f 2853 1001 2854
f 2880 3611 3689
f 4070 3493 519
f 3731 4316 3893
f 2679 3989 2575
f 4215 3596 314
f 1291 2123 2125
f 2919 2731 2311
f 3609 4277 4278
f 1342 4131 4132
f 4228 905 254
f 2586 2585 1810
f 1292 1748 1293
f 3859 3933 1899
f 3969 3701 3970
f 3543 1674 676
f 1206 2701 2856
f 3456 3532 3974
f 2673 2051 2671
f 3224 2449 2671
f 367 3536 1469
f 1868 1174 4193
f 3448 3563 3824
f 3564 4187 1022
f 3351 1023 942
f 189 2994 4055
f 2438 3200 3199
f 4156 2449 1337
f 1066 1065 4118
f 819 1020 3263
f 2377 1426 1108
f 1425 2692 1681
f 3910 961 2940
f 1050 1671 1051
f 663 3851 290
f 663 4235 3969
f 2077 1768 3449
f 2153 2067 2154
f 3495 3452 3567
f 3796 4317 4247
f 1942 4318 2366
f 1798 782 781
f 1948 2947 1234
f 2947 1424 1234
f 803 1702 2396
f 661 137 4146
f 1360 2065 449
f 4319 4258 4320
f 4321 2197 3846
f 726 2197 2196
f 1834 2953 2179
f 4246 1545 2937
f 3930 3903 3034
f 3903 1474 3034
f 1474 2500 2502
f 3600 2500 1181
f 3055 3676 4192
f 3882 3934 1264
f 1329 1331 3955
f 3042 2898 1303
f 3418 3590 885
f 3015 1949 1234
f 2004 856 2564
f 3289 1511 2564
f 3179 1996 3510
f 1996 1995 3510
f 3231 2117 2630
f 4322 2265 3143
f 3947 1688 3722
f 1688 213 1687
f 271 2262 3377
f 3043 2295 4203
f 350 329 328
f 3114 436 435
f 3654 2412 2355
f 3416 4064 4323
f 1371 3850 3849
f 3574 3957 3575
f 695 3346 4067
f 125 2982 1504
f 2423 3324 3415
f 1020 819 1021
f 2590 950 949
f 1008 1010 1037
f 4209 3030 353
f 31 3395 4045
f 1073 1485 2183
f 1073 2398 4224
f 127 1429 2982
f 2739 3598 492
f 4149 1464 4065
f 714 1230 283
f 4251 4065 1464
f 1232 4314 1230
f 919 1790 2524
f 207 3679 3678
f 3824 837 3448
f 116 3780 117
f 539 2637 4324
f 3666 1920 1922
f 262 95 260
f 4325 4008 4020
f 4307 3750 2735
f 4285 1822 1821
f 2956 3690 4260
f 3861 2793 2792
f 4305 3890 251
f 2463 3396 980
f 1405 1407 2893
f 4326 4166 4165
f 1852 4133 4259
f 4016 4095 4017
f 2394 2576 4092
f 2575 2574 2679
f 3684 1432 3853
f 3820 2887 705
f 3498 4226 1267
f 110 112 455
f 4050 951 2409
f 440 1565 1650
f 1239 2357 1589
f 1589 3713 1239
f 1004 3849 2905
f 1780 1779 3860
f 1413 2566 1414
f 1993 1486 5
f 4327 2818 1797
f 568 1761 288
f 2891 4328 3109
f 1407 3362 3556
f 1206 2702 2701
f 3486 3717 3716
f 942 4187 4329
f 2770 4249 12
f 3482 4208 3481
f 876 632 2604
f 2140 3746 3517
f 952 4029 2622
f 2870 2869 956
f 265 334 2869
f 774 1507 2091
f 330 1130 3826
f 668 4082 669
f 4082 1768 669
f 2465 4053 2902
f 4053 2817 2902
f 2817 4053 2815
f 1395 3009 3923
f 1524 197 2998
f 1662 3878 4319
f 3877 159 158
f 3427 3580 3514
f 3975 2693 3976
f 1789 1242 1408
f 1081 1714 1242
f 2104 2103 743
f 3193 2104 743
f 3543 676 675
f 809 808 3190
f 1214 4175 3404
f 4051 3061 3699
f 177 3610 178
f 480 479 2251
f 1341 2121 1005
f 1005 2121 250
f 3770 3110 3191
f 2833 2680 2574
f 1727 3989 1725
f 2575 1727 4092
f 1013 1012 1282
f 666 3949 2679
f 36 472 34
f 1550 472 473
f 390 2805 391
f 391 2805 3240
f 1640 3186 1641
f 2743 3185 2744
f 2687 4122 352
f 1617 2800 1618
f 1478 4218 4220
f 2678 2602 464
f 3200 2606 3208
f 1413 3467 3692
f 3143 2000 4322
f 2000 2843 4322
f 2605 2443 2606
f 4027 2914 3593
f 1014 1013 2062
f 196 3627 3540
f 10 2919 2311
f 4330 3929 1209
f 1908 3475 3746
f 3475 3517 3746
f 880 1963 2067
f 4251 2263 2262
f 46 3724 697
f 2069 2093 2067
f 2961 1848 1847
f 2950 2134 1447
f 2455 3076 3643
f 3811 2110 2374
f 3600 3841 206
f 3841 3602 3679
f 3675 2718 4192
f 3212 4331 3850
f 1329 722 2719
f 3077 3763 3636
f 3149 2117 2119
f 1127 2117 3231
f 4332 168 3524
f 3739 56 3524
f 3738 168 167
f 4299 731 1018
f 2508 2544 3192
f 3677 3676 4331
f 1368 1367 4227
f 3140 3142 854
f 3863 2773 3377
f 565 2715 2241
f 565 564 2936
f 4309 3056 2895
f 2634 563 4333
f 4334 4073 2557
f 3207 3858 3455
f 3881 410 3522
f 410 409 3522
f 2622 3358 1381
f 4335 4087 4289
f 39 4336 3440
f 128 130 3699
f 4337 4338 4339
f 4007 3791 2408
f 4039 3799 1557
f 211 2626 3897
f 164 2010 339
f 2060 1584 1585
f 4235 3817 492
f 492 491 4295
f 1949 3015 1144
f 1949 3952 1948
f 3460 1305 1304
f 2234 1153 3590
f 1840 3615 1841
f 1708 19 1818
f 835 1735 786
f 1735 3909 786
f 3387 3830 4340
f 3387 2869 334
f 3975 2694 2693
f 1984 496 4240
f 2338 4048 142
f 2077 1440 1442
f 4309 4308 4287
f 3830 1429 4340
f 2793 787 810
f 2793 3826 834
f 3131 3130 1892
f 184 183 3863
f 3288 2454 2486
f 1757 3719 3718
f 1835 2913 2133
f 3156 2746 2745
f 1168 498 2819
f 3796 3712 4290
f 908 2070 906
f 2285 2683 2286
f 635 1053 636
f 1053 1457 1052
f 1167 3330 451
f 635 3255 1777
f 568 1593 1592
f 1149 748 1523
f 3895 3896 2839
f 1999 1998 3655
f 1465 754 753
f 754 3951 4161
f 287 3574 570
f 287 2705 285
f 3621 3654 3620
f 3621 2974 3765
f 2293 26 25
f 3531 4341 1369
f 3671 3672 3006
f 2263 4251 3726
f 1408 3986 1789
f 4342 2230 861
f 604 1217 145
f 145 1217 2320
f 4310 1600 3879
f 1218 1027 238
f 3782 2110 2109
f 1064 1066 2108
f 93 3342 3341
f 1243 687 686
f 3272 4171 1392
f 1186 1185 3759
f 3434 813 2844
f 86 1437 4022
f 3673 2489 1388
f 340 2511 338
f 3074 3832 1905
f 4343 4344 3050
f 1965 4170 2137
f 3823 4345 4206
f 3292 2488 3236
f 1374 3348 2488
f 4059 4346 3245
f 3340 629 2897
f 3356 2875 3844
f 1688 4347 2627
f 889 2620 453
f 3431 1086 486
f 4348 1224 2018
f 1883 2627 4347
f 1389 2998 197
f 2998 131 1524
f 4126 4286 1579
f 1447 3718 1448
f 1538 2135 869
f 65 4321 4349
f 4350 2023 1542
f 801 2396 2395
f 3715 3717 3284
f 3717 3984 3284
f 1269 2768 1270
f 2732 1282 2269
f 450 2066 1571
f 2195 3363 1498
f 284 4314 1040
f 2395 2687 352
f 2468 773 750
f 1784 1783 4033
f 2093 2154 2067
f 3975 3785 3184
f 2694 1681 2692
f 981 4313 321
f 1367 1969 2304
f 1475 2088 1466
f 1968 2304 1969
f 1221 3437 3568
f 3431 4348 2017
f 2088 594 1466
f 1472 2035 595
f 1472 594 2018
f 2788 3290 4351
f 2086 270 2219
f 1977 2840 2932
f 2112 4092 1727
f 3559 2476 2477
f 2016 642 2014
f 59 842 2677
f 842 841 2677
f 3359 3342 93
f 3341 864 93
f 3538 478 2427
f 2619 3702 870
f 757 2347 1100
f 2347 1568 1101
f 1456 1718 4352
f 3433 4093 2410
f 1304 1306 2415
f 1164 3151 1162
f 884 14 3369
f 2194 957 1428
f 3084 3368 928
f 612 3440 1481
f 4353 146 2924
f 3807 3806 2255
f 484 3792 2569
f 3792 523 2569
f 3767 3312 4208
f 157 156 3538
f 2585 2389 2388
f 2192 1 1060
f 3781 444 724
f 3793 2381 3272
f 1345 1347 1589
f 1590 3713 1589
f 2781 2780 4354
f 1731 4351 3290
f 469 2761 2760
f 1577 2623 1578
f 4355 1199 1198
f 4060 4337 4061
f 3428 389 391
f 3347 1905 1296
f 1747 4355 1198
f 4076 4010 713
f 1459 1815 1458
f 1733 1016 1015
f 2725 2103 1774
f 3033 2033 227
f 4074 4062 3293
f 470 469 178
f 1698 1676 1883
f 1676 1884 1883
f 3327 2804 3328
f 1933 1934 480
f 438 437 70
f 2597 3403 2608
f 351 2944 1989
f 370 2478 2479
f 1251 2528 1276
f 1276 2528 1274
f 150 1075 3911
f 2659 1673 3892
f 1363 3996 3875
f 4226 947 946
f 1429 3789 4340
f 4346 1791 3245
f 1913 2429 3938
f 2736 1514 2494
f 2494 1513 3938
f 1514 3804 862
f 4307 2737 1416
f 2737 4307 2735
f 864 91 93
f 864 3405 862
f 781 1248 1798
f 4356 2206 2791
f 2005 3515 1724
f 4290 4015 3586
f 3315 4142 3576
f 2617 2042 2962
f 896 1645 4109
f 1321 1323 2469
f 2957 563 388
f 4136 2634 1624
f 1271 2233 2232
f 3295 4072 1665
f 4241 417 4172
f 1685 3238 1686
f 2127 4144 1245
f 4357 2082 592
f 4050 2527 2912
f 2571 2527 2526
f 1199 3866 482
f 2817 4109 2268
f 3984 3182 2774
f 3825 2908 4071
f 3452 85 1116
f 3693 2930 4014
f 1266 385 3779
f 2812 2814 384
f 1540 3917 526
f 3662 1324 1176
f 2046 874 2047
f 2812 41 3794
f 3779 2814 1415
f 1415 2813 1416
f 3794 2813 2812
f 3646 3794 873
f 2047 41 40
f 2317 2520 2519
f 384 42 2812
f 386 3887 384
f 3058 2957 3056
f 3080 4080 799
f 1415 2674 3779
f 3757 2164 3758
f 3294 3293 4062
f 242 244 4358
f 2700 311 1694
f 4060 4074 3610
f 1232 1516 1040
f 1230 2159 1231
f 589 2619 2044
f 802 801 1159
f 1747 3916 2523
f 3916 2524 2523
f 3574 1320 3957
f 3214 3213 2909
f 2114 4359 3531
f 4359 2114 2116
f 2560 2116 2115
f 4360 3544 675
f 1918 1917 3511
f 616 1917 614
f 656 658 678
f 2542 679 2720
f 2240 2333 3569
f 2333 2240 2176
f 3481 1631 2825
f 2617 3383 2618
f 1641 4197 1639
f 4197 1854 1639
f 921 1396 2175
f 2321 4188 3038
f 2037 4028 2272
f 4273 4245 2769
f 1436 1438 944
f 4337 4339 1439
f 4361 81 4362
f 903 1711 1401
f 3612 2291 4337
f 3523 3958 3070
f 3833 608 2926
f 607 3315 2927
f 1049 1056 998
f 4019 290 289
f 793 1776 756
f 1776 613 756
f 1207 4072 3294
f 3408 2477 1141
f 51 992 991
f 135 4222 827
f 1696 2700 1694
f 3295 3294 4072
f 3825 2473 2472
f 4071 1206 1205
f 2290 3982 4061
f 2290 1205 3982
f 1281 1091 226
f 1091 1090 227
f 3875 3996 2658
f 374 1142 1011
f 2261 2985 3218
f 43 45 2468
f 3753 3890 3473
f 1203 1716 1204
f 1816 1973 1972
f 1886 1816 2820
f 2475 3151 2178
f 3274 3709 4363
f 4006 3584 420
f 1621 1189 1620
f 3859 4282 3933
f 3801 2498 1741
f 2785 2771 2782
f 1310 231 230
f 3373 3211 209
f 2128 4217 3029
f 3774 1856 3772
f 2780 1491 2595
f 4123 509 3873
f 3145 4209 353
f 457 1648 1647
f 650 1894 651
f 1268 945 3153
f 1404 3086 1402
f 792 2923 793
f 3312 3901 4208
f 3825 4071 2473
f 2289 3677 2472
f 2586 1810 1382
f 4024 3213 3747
f 389 3428 3319
f 4364 3776 759
f 191 193 1218
f 193 2240 1218
f 918 1070 1444
f 1069 2024 1444
f 1644 1643 3285
f 1643 320 3285
f 3673 2156 2155
f 286 1318 287
f 4115 2157 3459
f 2155 2157 4365
f 1398 3271 567
f 395 1398 1400
f 4319 1663 1662
f 2471 1602 3971
f 678 679 1991
f 2577 4366 2578
f 2595 4257 2780
f 4088 3395 33
f 4209 2129 2128
f 2130 3275 1855
f 3873 24 3145
f 24 3873 1105
f 2380 2379 2734
f 115 1201 275
f 1564 3881 3522
f 946 1267 4226
f 1422 1421 2662
f 3078 2665 3079
f 513 2420 3138
f 2420 513 3505
f 3504 4191 4367
f 4274 4115 4302
f 4189 3254 3710
f 3071 3725 847
f 1192 3962 3886
f 3962 2295 3886
f 604 2008 3921
f 3181 3540 3627
f 1282 2223 1283
f 3909 3921 2008
f 1275 963 3265
f 962 4368 4369
f 3322 1262 1050
f 2522 878 880
f 2362 298 1809
f 297 3806 1382
f 3954 4016 3712
f 3777 30 29
f 4176 782 1798
f 4356 2791 781
f 3109 1654 3108
f 3961 1361 1362
f 1922 2300 3666
f 4370 3530 1921
f 2926 1859 554
f 1920 313 1921
f 4340 4215 955
f 290 4019 662
f 3617 1987 1986
f 2202 2201 3406
f 4371 785 784
f 631 3530 4370
f 2553 2109 3821
f 3821 2977 2976
f 2383 2335 3174
f 1346 2383 3174
f 1727 3060 2113
f 3060 3059 2113
f 1820 2478 3160
f 2478 369 3160
f 969 279 968
f 277 279 3985
f 3552 448 447
f 3651 2598 2609
f 2612 4190 2142
f 3586 4317 3796
f 2224 561 4193
f 3594 1172 392
f 1997 1071 1154
f 4224 1071 1073
f 1299 2186 1300
f 1299 969 1932
f 2616 1824 2090
f 2091 1507 2090
f 2958 2667 2299
f 264 263 2299
f 3250 4372 3987
f 2940 1274 3951
f 2006 1701 2545
f 2545 1701 2941
f 1802 4333 1800
f 4373 293 292
f 3548 3983 3516
f 2126 522 1443
f 2850 3400 3585
f 2851 606 3833
f 606 2851 386
f 2027 4127 482
f 4127 1926 482
f 1926 4127 584
f 3402 4162 2663
f 1500 36 2434
f 1289 3492 1667
f 2686 1627 2672
f 3665 1872 2580
f 4000 1508 1509
f 4332 3070 3069
f 2842 1630 1629
f 3725 3977 847
f 4313 3398 3999
f 3524 168 3739
f 3915 3119 3819
f 4132 1343 1342
f 3434 1590 1347
f 3202 161 3846
f 1519 3430 3127
f 3385 3570 2916
f 2856 2557 4073
f 462 1427 1311
f 4138 1544 3011
f 2856 3424 2111
f 2147 3427 2145
f 3427 3514 2145
f 4034 3733 4198
f 3311 2281 3901
f 3995 112 1441
f 2702 4071 2908
f 121 605 2009
f 605 604 2009
f 4374 406 767
f 1096 432 768
f 594 2088 2017
f 2944 2790 2789
f 1806 1880 1879
f 1880 1806 2383
f 2037 1807 103
f 4213 1879 98
f 1991 1992 3980
f 1353 2578 4366
f 1879 4213 1806
f 2931 1992 2872
f 1808 2037 2272
f 2336 1808 2272
f 92 2239 2522
f 2239 92 91
f 2333 1823 3569
f 1074 60 3068
f 871 1709 4135
f 2692 1425 1424
f 1791 4346 2523
f 4346 4059 2523
f 1513 938 3939
f 3637 2667 2959
f 3588 1616 2984
f 2596 2984 1616
f 4375 3885 2955
f 2620 4376 2621
f 1269 433 4063
f 433 1269 1067
f 434 1067 556
f 434 1582 432
f 2499 3876 2497
f 767 406 1127
f 3239 3240 2804
f 391 3240 2353
f 715 1600 1601
f 2742 2741 3859
f 921 2174 919
f 2174 1791 919
f 4370 3039 2897
f 1578 235 3573
f 2824 1520 1942
f 1520 1519 1942
f 3129 1085 3582
f 2337 4141 3174
f 2796 4377 176
f 4377 2796 2690
f 113 1215 2943
f 1339 2767 2356
f 4020 3592 4325
f 3592 3591 4325
f 1681 2694 1679
f 2694 3975 1679
f 1183 38 37
f 2138 3855 3438
f 1551 530 529
f 2161 2160 2578
f 4216 2085 2278
f 3869 2611 2818
f 2857 4055 2994
f 1007 4105 3828
f 4378 4278 3357
f 4289 4358 3884
f 3885 3959 3798
f 2762 2795 1770
f 959 4066 3868
f 2244 2243 4118
f 227 226 1091
f 4379 789 1244
f 3854 121 1359
f 2081 341 2999
f 455 3928 1950
f 1430 126 3939
f 3505 346 2420
f 4044 1357 1356
f 4044 4104 1923
f 1373 3348 1374
f 3236 3348 3237
f 2685 2684 3733
f 4316 4262 3894
f 2149 1628 3681
f 2559 4198 2560
f 2068 3517 2069
f 828 3926 826
f 4041 1453 1535
f 1535 3961 4041
f 3318 2741 1228
f 2773 3378 3377
f 3025 3771 3684
f 3684 3407 3025
f 4380 4111 3810
f 303 502 304
f 2210 544 546
f 3774 3773 3977
f 3831 1766 4326
f 4248 1765 3744
f 2249 3177 2859
f 3177 988 2859
f 376 3865 632
f 3947 4285 1698
f 2279 2771 2785
f 1886 2821 210
f 3192 731 4300
f 506 996 3722
f 465 4110 4242
f 4110 2602 4242
f 4217 4381 3029
f 2141 623 2894
f 1326 2892 1324
f 2892 1177 1324
f 1177 2892 2891
f 3601 4363 4310
f 3021 3165 2228
f 1432 1434 3853
f 3609 3608 2723
f 1215 115 274
f 114 3698 1201
f 2348 3875 2657
f 1520 2075 1521
f 770 769 3931
f 353 3874 3145
f 2817 3541 2902
f 3485 3383 2962
f 3641 4026 2988
f 4026 4025 2988
f 3960 586 100
f 586 101 100
f 101 3840 1744
f 909 3578 3845
f 3159 3161 1821
f 1822 2479 1820
f 2516 1394 1666
f 1319 2349 1320
f 1369 3849 1004
f 3849 1369 1371
f 2410 4093 537
f 4093 3441 537
f 4382 646 645
f 304 4383 302
f 3157 1961 1960
f 3426 4384 3132
f 4221 2314 2901
f 2314 4221 3017
f 3808 4305 3809
f 1886 210 1887
f 4024 3747 3183
f 1371 3747 3212
f 1139 2235 1140
f 3024 2235 3460
f 2669 2668 3966
f 1862 4303 2310
f 3133 4131 3528
f 3066 3899 1261
f 4324 3521 4306
f 4306 539 4324
f 2386 2719 2001
f 3737 719 4130
f 1473 908 907
f 4164 1771 3660
f 4327 1797 1796
f 1650 4077 3748
f 1341 1340 2397
f 1340 1007 2397
f 4320 645 2756
f 4243 644 3976
f 3423 172 171
f 4310 3879 4114
f 1646 3762 1043
f 4005 3657 1468
f 3768 2160 1591
f 2830 2387 2611
f 2588 3870 1901
f 2546 818 3262
f 3061 4051 3062
f 4052 130 3840
f 2623 1577 1611
f 1577 1576 1611
f 2759 2761 3660
f 4165 3831 4326
f 36 1500 473
f 2436 1500 2434
f 3605 4385 1527
f 4271 2014 642
f 51 3992 49
f 3992 1846 49
f 708 707 2743
f 4386 4232 2956
f 298 2362 296
f 298 1382 1810
f 4288 3662 3917
f 4354 2541 775
f 22 3668 357
f 3668 22 24
f 508 507 4104
f 4376 889 888
f 3953 3137 1216
f 345 3137 2420
f 1513 2494 1514
f 2494 2493 2736
f 1913 2430 2429
f 2430 2481 2428
f 3738 1916 4158
f 126 1913 3938
f 878 2239 3837
f 2822 3292 2823
f 2674 1417 2428
f 2481 2674 2428
f 3786 4004 2014
f 2014 4271 3786
f 642 2016 643
f 642 641 4271
f 4373 3941 2749
f 1525 1527 4385
f 2505 4387 4388
f 4045 1203 31
f 2843 1157 4322
f 4389 2966 2266
f 2325 1994 2326
f 256 2453 4023
f 1579 3403 1911
f 3403 2597 1911
f 70 2504 3317
f 2504 70 437
f 1525 3535 3740
f 3656 2408 3791
f 3263 1020 3613
f 3976 644 4239
f 3218 2971 3807
f 2971 1382 3807
f 809 1314 1313
f 3370 1315 4390
f 141 95 94
f 95 141 260
f 2779 2651 2122
f 2651 2779 3911
f 159 3878 912
f 1376 2339 913
f 4321 3868 4066
f 4025 958 3932
f 1050 2367 1858
f 2367 964 1858
f 4225 1121 3650
f 3650 4224 4225
f 2778 2296 2006
f 2778 2509 3635
f 3560 2312 3366
f 3708 4020 3689
f 739 4167 737
f 322 4173 323
f 3396 2463 3805
f 2029 2462 3426
f 3396 3398 4313
f 3999 3998 3661
f 1805 625 624
f 2023 2918 1542
f 578 2365 3545
f 3107 2987 4171
f 418 1364 2348
f 1364 1363 2348
f 3048 4268 1693
f 974 3120 3261
f 417 4241 415
f 416 973 2212
f 1183 4391 2138
f 1456 3379 1454
f 597 1459 598
f 4266 321 4313
f 2447 3550 2554
f 4252 865 3232
f 2360 38 3438
f 311 2700 550
f 2539 1063 232
f 1063 1687 212
f 3559 3498 3497
f 3786 4252 3232
f 3634 2421 4293
f 2423 4279 2421
f 3500 1620 3332
f 3500 2573 3192
f 1660 122 766
f 122 764 766
f 3771 3880 1433
f 3361 945 947
f 4134 1421 2552
f 3436 3435 1086
f 1571 696 698
f 696 1571 2066
f 795 794 1583
f 982 984 2167
f 4219 4218 1569
f 3063 585 586
f 618 2933 619
f 4314 1232 1040
f 2469 3006 1321
f 4369 3672 3265
f 3945 1856 3774
f 3518 3813 3772
f 2484 2607 3561
f 2483 2605 2607
f 2485 3027 1935
f 3027 2859 1935
f 2037 4245 4028
f 2769 794 4273
f 2999 2082 2081
f 2083 576 2213
f 2234 1139 2301
f 2301 1153 2234
f 690 692 4005
f 1668 2696 1669
f 780 3003 3639
f 3003 780 782
f 2600 117 4130
f 4250 4392 2458
f 4393 4336 4394
f 3015 3014 2776
f 113 2885 114
f 2885 2884 114
f 2160 2401 2577
f 3768 94 96
f 1782 3117 3116
f 1158 3165 3116
f 3045 825 3836
f 4030 755 929
f 2093 2094 2154
f 2405 3836 3301
f 3201 1831 1555
f 4395 2758 2757
f 426 529 424
f 510 4275 1551
f 1077 2313 1078
f 2901 2313 1875
f 627 1738 4011
f 627 2583 628
f 1882 1884 3529
f 1621 1190 1189
f 4011 2159 714
f 2159 1230 714
f 1043 1045 1605
f 1043 1605 1452
f 1892 1891 643
f 1608 2056 1609
f 701 72 71
f 3494 1951 1437
f 53 52 2487
f 52 3373 209
f 1290 2102 1550
f 2102 1290 1669
f 2294 3054 2293
f 119 1167 1932
f 1652 4343 1653
f 849 848 3711
f 130 4052 4051
f 4387 1748 4388
f 1383 1385 3955
f 3955 1385 3246
f 1863 1862 2310
f 2310 4135 1709
f 3351 4339 176
f 525 1541 526
f 129 2254 130
f 2877 3729 2878
f 489 1851 1850
f 1651 1852 1851
f 3943 1958 3990
f 2865 2655 592
f 2255 2257 463
f 514 3581 515
f 4011 4010 2581
f 4010 4076 2581
f 1029 4245 4273
f 4245 1029 4028
f 3539 2273 4028
f 2273 2272 4028
f 2208 941 940
f 3749 3802 3893
f 2455 3643 4139
f 257 2447 4009
f 4284 2816 3304
f 3688 3761 1565
f 4221 2901 3270
f 1342 3899 4131
f 2586 4169 1974
f 4022 1437 1436
f 2666 3637 2532
f 3077 3636 3078
f 2680 3900 666
f 2680 2679 2574
f 3377 2262 2264
f 3083 4145 3081
f 1476 1223 1222
f 3270 1112 4221
f 573 2181 574
f 2180 1882 3529
f 4234 4396 2843
f 2927 608 607
f 2957 387 3056
f 1587 3044 3250
f 3279 3278 3320
f 3320 3278 689
f 3629 3631 3106
f 3858 3859 2741
f 3901 710 4208
f 3901 3312 3311
f 6 5 1486
f 3732 4198 3733
f 3053 1560 2369
f 2628 1559 650
f 3661 2036 3053
f 3644 3998 3374
f 1631 2242 712
f 711 1334 1682
f 1830 4384 2720
f 4384 3426 2720
f 2157 4116 4365
f 1552 1554 3795
f 1153 2301 1151
f 4397 4166 4326
f 2200 3597 937
f 3596 4215 4001
f 3720 3583 2127
f 2007 3515 310
f 887 3589 3745
f 3589 3588 3745
f 2004 857 856
f 3696 4023 858
f 513 515 4137
f 3780 3337 4130
f 1593 3851 1594
f 3641 4159 2837
f 1129 2847 2918
f 507 3997 3828
f 188 3136 189
f 4227 706 1368
f 3850 4331 3676
f 3736 1064 3734
f 974 4125 4398
f 4356 2207 2206
f 3053 4371 784
f 1141 3520 1940
f 2636 2635 3307
f 4364 3973 539
f 950 673 948
f 2589 1295 950
f 3872 540 4306
f 3497 3843 2476
f 3163 2714 2418
f 2714 3163 329
f 3778 3777 4103
f 916 2104 917
f 671 4240 672
f 671 260 141
f 4128 1928 1839
f 417 2212 1099
f 253 3809 251
f 349 348 3640
f 3724 2187 3707
f 3707 2186 1572
f 2848 2055 3226
f 2058 2848 3226
f 3163 3162 522
f 3162 523 522
f 3220 2712 2711
f 996 2712 2169
f 2787 2346 3526
f 648 647 2346
f 2973 2972 246
f 2972 3620 3526
f 2346 2787 648
f 2787 3143 2786
f 3061 649 648
f 649 1873 647
f 2105 247 2543
f 247 2346 647
f 2511 340 2510
f 2722 1762 1761
f 763 762 3659
f 3040 1812 1813
f 2904 2567 1002
f 2567 2904 2717
f 1977 4256 2840
f 3889 1037 4391
f 1153 3864 886
f 3864 630 886
f 4338 3610 4339
f 3092 1411 1219
f 523 3866 2881
f 3866 1199 2881
f 3783 1753 3486
f 4024 1752 1751
f 3417 2376 2375
f 1146 683 1147
f 2497 1741 2498
f 1944 2824 1942
f 2994 3448 2858
f 179 2797 180
f 3632 528 1441
f 2086 2085 270
f 4341 4359 4399
f 3632 1441 1440
f 457 1647 180
f 2646 4400 1794
f 2472 3677 4331
f 3927 2797 2799
f 2773 183 3284
f 3629 1255 182
f 1079 3146 3152
f 3146 2340 3152
f 1480 655 348
f 655 3100 348
f 2374 3782 2375
f 2110 3734 2108
f 2916 2917 1985
f 1000 2886 2917
f 3980 1403 99
f 1403 1402 99
f 98 97 4213
f 97 103 4213
f 4138 2579 1544
f 2603 3766 851
f 1792 2531 2530
f 2345 2889 4090
f 1378 400 720
f 400 817 720
f 3764 4232 3204
f 3204 3203 3764
f 4349 66 65
f 4159 3099 2838
f 2433 4304 90
f 2334 4342 861
f 3906 549 548
f 1362 3311 3961
f 3157 2746 3156
f 3481 2745 215
f 1747 1198 1285
f 518 2732 2269
f 3168 3625 3169
f 2930 3693 3625
f 3729 3595 4401
f 2615 2995 3626
f 1200 1706 82
f 3664 1360 1359
f 2766 3981 98
f 3981 3980 98
f 2614 752 1332
f 752 2614 378
f 750 3004 2468
f 3004 2469 2468
f 804 3050 1728
f 3632 424 529
f 49 2407 2363
f 2407 3656 2363
f 377 3950 378
f 2858 2799 2798
f 3263 818 819
f 2898 441 1303
f 3318 3305 518
f 3305 3549 518
f 545 544 4154
f 544 2210 4154
f 3773 3772 3813
f 3772 3275 3518
f 4209 23 2129
f 23 22 3518
f 3275 2130 2129
f 2130 4217 2128
f 279 1114 3985
f 3654 2227 2229
f 76 3127 3430
f 2340 1941 4233
f 383 382 4012
f 39 4394 4336
f 540 539 4306
f 3872 3205 3204
f 3931 3206 3173
f 3752 3477 3381
f 3858 517 3455
f 3306 1309 3862
f 4330 1209 1208
f 1210 309 1208
f 2616 1825 1824
f 421 1826 1825
f 2378 3499 2033
f 2997 3144 2772
f 1175 4402 1006
f 249 248 3125
f 3264 3425 3262
f 771 2989 3096
f 285 2706 3329
f 2706 2640 3329
f 251 3890 3889
f 3891 3753 1008
f 2170 611 503
f 806 3810 3912
f 3084 3085 3368
f 3085 3369 3368
f 3775 3244 2175
f 3244 1791 2175
f 4092 2112 2394
f 4403 1126 276
f 2934 2933 618
f 2248 3238 1685
f 3236 2980 2823
f 2981 1192 3886
f 1183 252 4391
f 2841 2840 4256
f 3397 2808 2809
f 2809 3398 3397
f 2653 4404 2651
f 4404 2122 2651
f 1734 500 695
f 667 500 499
f 1579 2217 1580
f 2217 2216 1580
f 2725 1774 1773
f 1774 2024 1772
f 3387 954 956
f 2450 2452 1664
f 2442 2441 9
f 2441 2573 9
f 3807 4003 3218
f 3052 2167 686
f 445 2185 4301
f 2211 2625 3986
f 1603 2584 1604
f 2041 3302 3836
f 1604 2584 991
f 4247 2038 3796
f 1161 4244 832
f 4390 3987 3370
f 1829 3957 2349
f 1370 4399 3183
f 309 4086 1208
f 3528 4131 3899
f 573 3897 2180
f 2626 211 213
f 1125 2401 96
f 96 2401 3768
f 529 426 1551
f 3458 3457 3670
f 1090 3014 1107
f 3014 1234 1107
f 1446 1848 1447
f 1447 1848 2950
f 363 4017 364
f 4017 363 4015
f 587 2977 4013
f 2977 4014 4013
f 458 2252 1032
f 2252 2547 1032
f 1332 2612 2614
f 4185 2650 2649
f 4056 4163 3566
f 87 4021 970
f 2191 3724 48
f 46 697 2828
f 4219 3235 4031
f 3235 4219 1569
f 1414 3260 490
f 2889 2888 4081
f 3594 1170 4143
f 1170 3594 3124
f 1818 4102 4103
f 2825 4405 2040
f 2786 4046 3699
f 4336 2921 3440
f 2696 2695 1669
f 2391 322 1903
f 4183 1530 4182
f 2592 2591 3044
f 964 555 1858
f 555 1859 1858
f 577 3946 2365
f 3946 2363 2365
f 3075 733 1970
f 3075 708 381
f 4206 3267 3823
f 3171 3842 3267
f 4325 4345 3914
f 4206 3591 3172
f 1656 1690 3169
f 1690 1689 3170
f 467 466 3166
f 3167 3823 3267
f 468 4241 466
f 467 3267 3842
f 1759 1760 3391
f 468 3842 3154
f 3783 3716 1297
f 3155 415 4241
f 466 4172 1730
f 4172 466 4241
f 1586 2981 3886
f 2981 1586 2823
f 1713 108 2214
f 446 1729 447
f 3465 2724 4210
f 2724 3465 289
f 804 402 1294
f 402 401 1294
f 2404 2403 1147
f 526 2198 524
f 4406 2740 4295
f 2456 4139 4140
f 3829 333 1505
f 4195 1744 3577
f 3577 3845 3578
f 3845 910 909
f 3837 1955 1954
f 1536 684 1570
f 3742 3316 3412
f 3316 3742 3315
f 1173 2225 2224
f 559 2461 3502
f 4386 758 760
f 3862 3307 3306
f 3975 3184 1679
f 4239 3785 3976
f 3900 1454 666
f 3067 3066 1261
f 1455 3900 2414
f 1455 2415 1456
f 4235 4124 3969
f 4124 2551 3969
f 3551 2448 2550
f 1852 3089 1850
f 1277 4279 3415
f 1635 1894 1558
f 1894 1635 1634
f 4075 1645 3728
f 4075 3940 319
f 3095 843 58
f 843 3095 1640
f 3312 4280 3310
f 3299 4280 3198
f 794 3007 4273
f 3112 3111 3949
f 1356 1358 509
f 2495 1358 2241
f 2686 2672 4407
f 2686 4261 2684
f 3664 1359 3665
f 3664 2580 3103
f 3375 3374 2809
f 3374 3998 2809
f 2695 4353 2924
f 1669 2695 2102
f 1660 4408 2161
f 847 3254 3071
f 3802 3380 2669
f 1739 2537 3802
f 1640 3148 3186
f 4297 2744 3186
f 448 1860 446
f 3496 1767 709
f 970 4329 188
f 4329 970 942
f 2551 2550 2448
f 3417 2550 4064
f 2895 3056 2896
f 2399 2398 1073
f 3869 4327 3688
f 4327 1796 3688
f 352 3874 353
f 3874 352 4122
f 4025 3932 769
f 3932 3931 769
f 2325 1993 1994
f 4 6 1897
f 4409 4410 4214
f 2270 1229 2794
f 3318 1228 1227
f 4411 3858 2741
f 985 2675 2455
f 4009 3554 257
f 1271 3453 2316
f 3453 2928 2316
f 2640 3819 596
f 225 224 2515
f 2151 716 718
f 2756 645 4243
f 4243 3619 2756
f 1693 1703 171
f 1428 957 231
f 3552 4256 2064
f 1976 2062 2064
f 2062 4180 2063
f 448 3552 2064
f 2431 474 838
f 837 3824 2432
f 3110 2832 3191
f 3110 3770 1304
f 3941 3614 3261
f 3614 3941 292
f 214 1193 2506
f 2507 3237 3349
f 4202 4108 4007
f 4405 202 2040
f 29 3956 4108
f 3942 3988 3755
f 3105 3715 3629
f 1374 3190 1372
f 3907 4412 3908
f 3969 259 3701
f 259 3969 2551
f 2061 851 850
f 2911 280 1087
f 3364 2097 3365
f 2097 2096 3365
f 1623 3887 2851
f 3887 386 2851
f 3967 2253 2254
f 3259 637 2999
f 1436 943 4021
f 943 942 4021
f 4182 3273 3815
f 2189 2188 3815
f 2691 3623 4088
f 3623 3622 4088
f 1028 2288 75
f 2288 1028 1844
f 1546 3698 1607
f 359 1607 3698
f 2089 2968 2973
f 2968 2974 2973
f 2153 2152 2522
f 1393 3270 1394
f 537 2406 538
f 1878 3045 2405
f 630 3360 2854
f 3360 3359 2854
f 1700 3584 4006
f 259 2551 257
f 1640 3642 843
f 3642 841 843
f 3782 2374 2110
f 2374 2698 3811
f 3115 3114 1549
f 436 1216 274
f 905 4228 4413
f 4228 3988 4413
f 3843 4306 3521
f 3520 1141 2476
f 3822 4014 2977
f 4414 4415 1260
f 4410 3485 4214
f 229 319 3940
f 2485 2251 335
f 3951 3910 2940
f 3853 3631 947
f 947 3630 3361
f 289 1762 2724
f 1762 2722 2724
f 1914 1322 4368
f 115 1215 113
f 74 2710 527
f 2710 74 2312
f 2312 3560 2710
f 2049 2048 4407
f 3812 477 1653
f 477 3812 1294
f 800 4308 1803
f 4397 3152 4283
f 307 3176 3708
f 3176 4020 3708
f 140 4048 4049
f 4048 140 142
f 1898 2372 2520
f 18 1625 2742
f 4111 3077 3079
f 978 3020 1913
f 3104 3064 4276
f 724 443 542
f 2003 1723 3694
f 1723 2003 1724
f 1722 1109 4413
f 170 3539 1029
f 4210 2723 3608
f 2643 3043 4203
f 2890 1010 2382
f 2382 1009 622
f 4035 621 2457
f 2361 2708 2457
f 949 1009 1008
f 1009 949 622
f 2382 1502 2890
f 2032 3573 228
f 2044 3554 4009
f 1108 1426 1425
f 1338 2868 2767
f 2356 1238 1339
f 1338 1337 1889
f 893 1142 1490
f 2767 3016 2766
f 2767 1339 1338
f 573 3618 3897
f 2109 2108 1066
f 2514 956 955
f 2721 3037 219
f 1855 152 154
f 1509 152 3945
f 2390 785 3300
f 2390 1691 2391
f 1151 2300 1922
f 4324 2637 3666
f 1537 684 1536
f 1478 1477 1536
f 4000 3978 3725
f 958 883 2373
f 2861 3495 1138
f 2861 1137 2860
f 480 2251 1933
f 2485 1764 2251
f 3984 2774 3284
f 2774 2773 3284
f 487 3175 707
f 3175 3373 707
f 3594 392 394
f 1712 2419 1083
f 1598 2351 740
f 192 191 248
f 507 3828 4104
f 4104 4105 4402
f 3721 3314 1822
f 4120 3765 2974
f 3344 378 3950
f 2873 4121 1938
f 3847 3422 3421
f 2883 4416 3411
f 2505 4388 4280
f 4041 4280 4042
f 3306 3308 759
f 937 3597 3596
f 3222 3223 3279
f 3279 3223 3658
f 4196 2754 2991
f 4287 4079 3057
f 1893 2991 2990
f 2991 1893 4196
f 3335 643 1891
f 1871 4055 2857
f 3144 3503 2078
f 2782 181 2783
f 2754 4196 2922
f 3571 2753 2752
f 2221 3461 4417
f 2219 1460 2220
f 2078 2080 2764
f 4292 342 2213
f 4264 3057 4079
f 2764 4056 2078
f 1461 4292 1247
f 2797 3928 180
f 2789 1990 2944
f 2789 2791 2206
f 1634 3194 2882
f 3194 1634 1636
f 2256 3444 2257
f 2256 2255 3257
f 3534 3791 3535
f 3355 2722 3121
f 299 301 664
f 299 4352 2410
f 3998 3644 3661
f 3376 3644 3374
f 4416 2342 3411
f 4132 2734 2379
f 113 4155 2885
f 3813 3506 3856
f 4418 4238 902
f 4274 2328 3795
f 2315 3354 551
f 3354 552 551
f 1959 4317 4203
f 4317 3586 4203
f 719 1182 4130
f 1182 2600 4130
f 1529 3273 1530
f 3273 4182 1530
f 218 4204 4419
f 706 705 3690
f 2538 1463 1462
f 1464 2668 1462
f 335 2251 479
f 1636 2035 3113
f 2817 3487 3541
f 3487 1390 3541
f 1143 2028 3102
f 2028 375 3101
f 1952 2444 1435
f 2716 3090 1435
f 920 919 579
f 581 920 579
f 408 1465 84
f 1523 748 3778
f 3918 3134 4091
f 1987 3616 542
f 4185 157 3538
f 2115 2460 3681
f 3817 490 492
f 4148 2560 3732
f 1900 1902 2958
f 1811 1810 2585
f 3486 1752 3984
f 1752 4024 3984
f 3483 1204 1716
f 602 1566 2107
f 2002 2683 2001
f 157 4185 2308
f 3094 4297 3148
f 3681 2559 2115
f 887 889 453
f 3758 1420 1419
f 3181 3180 1057
f 3394 4398 4125
f 1773 2747 2725
f 2747 2726 2725
f 1266 1187 3413
f 1187 3414 3413
f 617 1163 618
f 395 2751 396
f 3161 4288 3122
f 3161 3159 3158
f 2216 3814 3401
f 1906 3347 409
f 3222 3319 1089
f 1795 3442 2353
f 4375 2955 2954
f 1715 1717 3797
f 60 1075 2659
f 505 1328 997
f 2402 4276 1931
f 847 2343 848
f 2359 4362 81
f 1399 1398 3649
f 1557 1479 4039
f 1557 4154 1556
f 3555 3254 4189
f 849 3710 3254
f 2451 2203 4248
f 3493 3363 3362
f 4152 2975 3488
f 4368 961 3000
f 2454 4023 2453
f 53 2487 2454
f 630 1152 631
f 1152 1151 631
f 4401 3801 1740
f 4401 3595 2026
f 2889 4081 4090
f 2888 2781 4354
f 4138 3011 3788
f 4159 2838 2837
f 3461 2221 2220
f 1592 4418 3649
f 1531 200 123
f 237 200 1353
f 2929 4047 1538
f 1758 2135 2995
f 2661 2616 2090
f 2661 1756 1758
f 4420 3558 2533
f 3558 1329 3246
f 380 3865 376
f 3865 380 2341
f 3246 2533 3558
f 2534 2666 2532
f 2533 3246 1431
f 2533 2532 4420
f 875 3937 873
f 3188 1953 3937
f 800 799 4080
f 4080 4287 800
f 74 4304 75
f 3646 4307 1416
f 3937 875 3188
f 875 2046 3471
f 3248 3249 738
f 975 2212 973
f 3581 514 3138
f 514 513 3138
f 2819 703 2257
f 703 463 2257
f 3909 2008 3907
f 2008 145 3907
f 2970 3703 3553
f 2841 3553 3703
f 2360 39 38
f 39 3440 37
f 69 102 4195
f 102 1744 4195
f 1409 2670 1713
f 2670 1714 1713
f 272 271 2275
f 3459 3458 4115
f 2386 2683 2285
f 1526 1525 2259
f 2830 2611 2898
f 2305 899 4207
f 435 275 2492
f 4369 4368 1322
f 1726 1725 1344
f 4101 3574 287
f 1108 1110 2377
f 3983 1110 1722
f 3728 3659 4075
f 3659 3728 763
f 3040 1813 2426
f 2426 221 3040
f 87 86 4022
f 1135 1327 999
f 1135 998 1684
f 1684 2416 1135
f 1113 524 2198
f 2894 4177 2183
f 1841 3615 3546
f 4356 780 4201
f 338 2566 165
f 3692 3002 166
f 1117 971 1632
f 3591 4206 4345
f 3076 2455 2675
f 1478 1570 4218
f 1389 2903 3541
f 2903 2902 3541
f 866 865 2922
f 2453 256 2945
f 3082 3409 3083
f 1195 4043 4044
f 549 1188 2565
f 1188 1265 2565
f 787 786 2728
f 464 2602 4110
f 4083 431 403
f 403 3449 4083
f 431 4083 668
f 431 430 401
f 896 2816 4284
f 77 3304 2594
f 4284 897 896
f 897 4284 76
f 730 1814 3603
f 3993 1339 1238
f 2357 1239 1238
f 2357 1881 1345
f 2954 1717 1203
f 4390 2822 1588
f 2733 1677 1697
f 1678 1884 1676
f 4398 3120 974
f 413 412 2144
f 737 3012 4032
f 3012 737 4167
f 3555 3847 3251
f 1610 2459 3848
f 2055 2848 1129
f 3252 4332 3069
f 3251 3069 3555
f 3251 3848 2459
f 55 57 3523
f 57 3266 1509
f 2653 1823 2333
f 2653 1074 1823
f 1476 3657 3439
f 1468 690 4005
f 3698 2884 359
f 1958 3943 4096
f 2505 4280 3299
f 3721 4285 3947
f 3827 2920 1561
f 957 2076 2920
f 324 326 1574
f 1481 2921 326
f 4184 4181 4180
f 3005 3671 3006
f 4097 2538 4098
f 2538 4097 1463
f 1137 1136 1832
f 1136 1892 1832
f 2377 3499 2378
f 2031 3499 3548
f 3895 2839 4205
f 2932 3896 2124
f 2548 2348 2657
f 1189 1191 3895
f 3140 3338 104
f 4140 904 2456
f 3953 436 3115
f 3115 3581 3953
f 2613 2142 2053
f 2142 2613 2612
f 1990 4167 1988
f 1740 1742 2424
f 4152 2078 4056
f 1685 1055 2248
f 1148 749 1149
f 749 1148 1278
f 3532 3456 1014
f 3974 458 3207
f 2080 1235 2764
f 934 1907 2184
f 998 1685 1684
f 1056 1685 998
f 2933 2828 619
f 3709 4310 4363
f 1164 3150 3151
f 3150 1164 3381
f 2107 1527 603
f 4385 3536 3535
f 2979 2782 2771
f 2978 2771 2772
f 3964 4067 3350
f 1246 1461 1247
f 603 2422 601
f 653 4018 654
f 4311 1595 3306
f 3973 3308 3307
f 3099 4381 2838
f 722 1720 1719
f 4312 659 3313
f 1804 1803 2729
f 4153 2913 2915
f 4201 3639 3609
f 4293 2536 1659
f 1659 3634 4293
f 4365 1930 2155
f 1930 3713 2155
f 3713 2490 2155
f 1590 3434 2489
f 3846 2639 3202
f 2639 3846 2197
f 1956 1638 1957
f 3990 1957 3759
f 2985 1974 4169
f 854 2591 2593
f 1478 1536 1570
f 1309 2514 3862
f 904 4140 254
f 4140 1854 255
f 2573 3332 9
f 1055 1685 1056
f 2138 1039 3855
f 1058 1057 3180
f 1578 3573 1316
f 3573 2032 1316
f 3313 4270 4312
f 3855 4037 4036
f 1811 2585 2388
f 3212 3747 3213
f 2588 1901 4419
f 1901 1900 4419
f 4334 2557 2516
f 990 989 1763
f 3455 3974 3207
f 3974 3455 3456
f 4160 4403 276
f 3424 2856 2701
f 1001 2853 884
f 3292 2822 4390
f 4303 1862 3527
f 1862 1864 3527
f 3697 675 1457
f 3031 904 905
f 1732 2266 2966
f 1733 1015 1731
f 2266 1732 3967
f 3241 2540 2320
f 2876 1731 1015
f 2876 2875 397
f 1115 2975 4152
f 2975 1115 1632
f 1292 1123 1122
f 478 3538 156
f 4047 2995 2135
f 869 868 1538
f 3553 3552 447
f 1419 601 3757
f 1409 3189 742
f 3189 3759 742
f 2524 2098 919
f 3515 2005 310
f 561 2226 559
f 691 2808 693
f 1393 1392 4171
f 1637 646 1186
f 964 1264 553
f 3934 3399 553
f 4275 1946 1551
f 2276 4399 4359
f 3940 4075 3659
f 3658 3940 3659
f 1324 3662 4288
f 2121 3047 2122
f 1756 3719 1757
f 1670 1507 1051
f 1408 2645 3986
f 2645 740 3986
f 881 1788 882
f 163 700 161
f 3591 1209 3172
f 161 3202 162
f 2518 2520 882
f 2512 4421 2513
f 882 700 2518
f 2518 699 2730
f 2818 4327 3869
f 3156 2039 1961
f 163 3929 4330
f 3172 3929 2172
f 4330 699 163
f 699 4330 2730
f 2172 162 2173
f 2173 162 3202
f 415 1916 416
f 3392 3738 167
f 125 976 126
f 2262 271 4065
f 56 3739 4158
f 3739 3738 4158
f 2381 4171 3272
f 283 3879 715
f 3079 2665 3472
f 2664 3472 2665
f 3947 4347 1688
f 2626 1882 2180
f 1715 547 2565
f 547 1715 3797
f 3965 3474 3443
f 3474 3444 3443
f 2145 1351 3329
f 1351 2145 3514
f 656 1890 3199
f 2052 2438 1890
f 2211 2350 984
f 2350 1244 1243
f 685 1147 683
f 3833 2852 2851
f 3582 3435 4089
f 3582 2631 3129
f 1521 1866 1865
f 4106 2075 2260
f 1092 3963 1170
f 3963 4143 1170
f 3463 3462 3257
f 3463 3806 297
f 2065 2642 2066
f 2642 617 2066
f 1923 4402 4160
f 4402 1923 4104
f 2875 3271 397
f 397 3271 395
f 1015 2874 2876
f 2966 4389 1157
f 3656 3791 3534
f 2408 4202 4007
f 4225 3333 1121
f 3333 4225 2398
f 1002 2905 2904
f 2906 3055 4192
f 2605 3256 2443
f 4377 3565 3564
f 525 524 2380
f 524 1113 3107
f 491 2510 4295
f 340 3680 3139
f 4365 1240 1930
f 1240 4365 3948
f 3855 3883 3438
f 3883 615 3438
f 2464 2783 181
f 4417 3571 3503
f 2634 4136 855
f 1176 1178 3051
f 3512 4114 282
f 3459 3678 3457
f 1383 2654 3622
f 4087 4315 4289
f 613 503 611
f 504 3255 635
f 2843 4396 3165
f 4396 2228 3165
f 796 3086 1348
f 3086 1404 1348
f 3512 3602 4114
f 3601 4310 4114
f 628 4098 2538
f 4098 628 2887
f 3734 3811 3914
f 4018 653 1160
f 3802 2669 3966
f 3380 2538 1462
f 4002 2872 2871
f 3197 1404 2872
f 4201 4278 3228
f 4278 4201 3609
f 2347 336 2849
f 1663 4319 4320
f 3150 2467 2178
f 2807 2338 519
f 2970 3050 4344
f 1133 3878 1662
f 1902 2665 2958
f 2839 3703 4205
f 4308 800 4287
f 2982 1429 3830
f 2136 2011 3026
f 4375 4289 3884
f 303 302 806
f 3558 1721 1720
f 2071 2070 1773
f 2070 908 1773
f 895 1011 893
f 1490 1142 609
f 2224 2226 561
f 2461 2226 3742
f 4262 1518 3894
f 1232 1231 1517
f 2075 4106 1866
f 2075 1520 2824
f 2658 2657 3875
f 2658 2989 1031
f 1160 354 4018
f 1160 1159 801
f 4325 3914 4008
f 4008 3914 3811
f 3165 3164 3116
f 3164 3248 3116
f 2982 3830 3829
f 3829 1505 2982
f 2246 2245 3673
f 2245 2156 3673
f 3681 4034 2559
f 3186 3148 4297
f 3564 1022 4377
f 1022 176 4377
f 281 1280 236
f 1629 2281 2842
f 1565 2948 4077
f 3622 2654 4315
f 2359 2358 614
f 601 1419 602
f 2353 3442 391
f 2963 494 4049
f 3544 4360 2923
f 4119 1800 563
f 3894 3893 4316
f 3966 3731 3802
f 3824 3565 2690
f 3565 4377 2690
f 168 4332 169
f 3902 2147 2146
f 1323 1618 1288
f 925 527 2710
f 3745 3754 1980
f 3079 4151 4111
f 2643 2592 3043
f 3290 3967 1732
f 1723 3755 3694
f 3755 3988 3694
f 1365 2681 1480
f 2681 1159 1480
f 2050 2449 3948
f 2049 2671 2449
f 2209 2019 3560
f 2019 2710 3560
f 1288 2800 1286
f 2801 1617 1610
f 3337 3737 4130
f 281 3766 1280
f 991 993 3971
f 993 2655 3971
f 1487 1062 1061
f 3692 166 165
f 565 2938 2715
f 2938 565 2936
f 1612 4175 1213
f 4175 1214 1213
f 1132 1131 2562
f 1131 1662 2562
f 3667 3413 3936
f 743 2103 677
f 1310 230 4272
f 3048 1693 171
f 551 1696 2045
f 657 3562 658
f 2631 3583 3545
f 2127 3583 4089
f 3536 2633 3534
f 2632 2631 3545
f 22 3506 3813
f 3856 3773 3813
f 4406 3925 2740
f 3899 3066 3528
f 3066 2181 3529
f 3529 2181 2180
f 2449 4156 3993
f 4156 1339 3993
f 2052 2439 2438
f 2607 2606 2440
f 394 2419 1712
f 1084 1083 2419
f 3759 2215 3990
f 2215 2214 3990
f 3634 2165 2421
f 2165 3634 2163
f 745 744 1809
f 2362 1809 744
f 643 3131 1892
f 2358 615 614
f 132 1045 1710
f 3228 4378 3227
f 3281 3283 4407
f 3283 2686 4407
f 4410 3383 3485
f 4277 3609 2723
f 817 399 2474
f 2746 216 215
f 3157 3741 216
f 1960 2295 3962
f 113 2943 4155
f 4416 3711 848
f 4416 848 2342
f 2343 3773 2342
f 804 3812 4343
f 3812 1653 4343
f 783 1106 4267
f 3464 3084 927
f 2521 2427 478
f 2521 1294 401
f 151 4299 1018
f 4299 151 2508
f 1254 2810 488
f 2810 1254 2442
f 179 2979 2798
f 2799 2858 3448
f 3949 3989 2679
f 3989 3949 1725
f 1781 4357 592
f 1755 1246 1245
f 2216 3401 4134
f 836 476 1950
f 1672 3134 3918
f 1171 4091 1092
f 1448 3719 3918
f 2660 1670 3919
f 1507 1670 2660
f 1672 3919 1670
f 3918 3919 1672
f 2660 3919 1756
f 3022 1050 1858
f 1544 4350 1542
f 3931 4282 3206
f 3437 1221 4144
f 1221 1223 1755
f 1223 1893 1755
f 390 3036 689
f 3036 3320 689
f 1318 3686 1934
f 3686 3514 1934
f 3655 2229 4396
f 2229 2228 4396
f 1229 599 3305
f 2967 290 3851
f 1295 3613 840
f 4283 1059 4397
f 1248 781 2791
f 781 780 4356
f 4223 2770 3527
f 4318 3127 2366
f 1662 1661 2561
f 3440 612 1967
f 1647 181 180
f 3429 3345 1089
f 280 2911 850
f 1971 2308 2147
f 2738 4207 899
f 442 441 2898
f 4129 1195 1194
f 1923 1195 4044
f 1060 846 3468
f 3468 846 845
f 2928 3819 3119
f 3819 2640 3915
f 588 3702 589
f 3971 1602 1604
f 1959 4247 4317
f 4247 1959 1961
f 3556 4328 1407
f 817 2059 2437
f 773 751 750
f 1175 4160 4402
f 1559 1558 650
f 1559 2628 2369
f 3179 4146 137
f 2467 3150 3381
f 1190 1621 2348
f 2525 4050 2409
f 2449 3224 1337
f 3224 1889 1337
f 2144 1256 223
f 223 413 2144
f 1341 3047 2121
f 2779 3047 2296
f 526 2199 2198
f 1176 2199 3662
f 1814 730 3827
f 499 2325 2491
f 1238 3041 3993
f 3041 3948 3993
f 2653 2332 4404
f 2332 2653 2333
f 1712 3714 1847
f 3469 3484 3714
f 4214 3484 3469
f 1847 3484 2961
f 924 3249 3021
f 3249 924 779
f 1779 1778 3987
f 1778 3370 3987
f 2466 2178 2467
f 2466 398 1378
f 345 344 4189
f 344 1118 4189
f 1492 1048 3556
f 1047 4328 3556
f 3461 2753 4417
f 2753 3571 4417
f 362 3 797
f 3 362 1
f 3226 2059 2058
f 2059 817 2057
f 2317 1898 2520
f 1898 2317 18
f 4264 3058 3057
f 3585 1624 1623
f 982 2166 3108
f 2166 1177 2891
f 3018 1521 1865
f 3018 762 761
f 47 46 2828
f 47 3238 2248
f 4049 494 1984
f 1984 140 4049
f 2058 2057 1543
f 2514 1308 956
f 1321 3672 4369
f 4237 3265 3672
f 4341 1370 1369
f 4341 3531 4359
f 980 979 3197
f 1885 1973 1816
f 4090 4081 2091
f 4399 1370 4341
f 1766 2203 2204
f 4326 1766 2204
f 2464 1742 2784
f 2784 1741 2497
f 4107 360 797
f 2965 2158 1867
f 1638 1956 4239
f 1956 4096 4239
f 1189 3331 3332
f 3331 1189 3895
f 2756 2758 4320
f 4331 3212 3214
f 3612 3857 2291
f 2413 3745 2355
f 1955 3837 3750
f 3751 873 3937
f 2589 4419 4204
f 2721 2958 2299
f 1377 1512 2503
f 1512 719 2503
f 2863 4388 1748
f 4388 2863 4042
f 994 548 3797
f 548 547 3797
f 2613 1843 2392
f 4022 4021 87
f 2839 3896 2840
f 3098 4259 2308
f 1647 1649 2464
f 1649 2424 2464
f 955 954 4340
f 954 3387 4340
f 2203 2451 1080
f 1080 2451 1875
f 101 585 3062
f 585 3063 3062
f 1570 1569 4218
f 2617 2962 3383
f 1281 1280 2277
f 3766 2603 2277
f 4418 901 3649
f 2258 3324 3587
f 375 1011 3700
f 1594 4418 1592
f 2319 2919 16
f 2770 11 3527
f 1501 723 304
f 4420 3636 3763
f 761 3430 3018
f 76 3430 897
f 2532 3636 4420
f 4111 3763 3077
f 2372 1899 3933
f 1899 2742 3859
f 2742 1899 18
f 918 3196 1070
f 1315 3292 4390
f 1315 3370 1313
f 101 4052 3840
f 4052 101 3062
f 3964 845 844
f 33 2691 4088
f 2438 2440 3200
f 2607 2440 3561
f 1532 778 777
f 739 778 4168
f 4168 1787 3994
f 522 2126 3163
f 3994 1786 2418
f 2126 329 3163
f 4257 776 2541
f 1353 1219 1352
f 3030 4209 2128
f 1352 1219 1218
f 3412 3905 2461
f 3905 3412 3414
f 2193 3936 3316
f 3936 2193 3667
f 4410 3384 3383
f 2962 2961 3485
f 3175 3211 3373
f 273 4150 4149
f 3564 3563 3135
f 3824 3563 3565
f 3064 3104 4237
f 1344 1725 3111
f 3193 1675 917
f 4041 3310 4280
f 4276 3064 839
f 1931 1252 2402
f 4143 4142 1173
f 4142 3315 1173
f 1173 1172 4143
f 1172 3594 4143
f 3742 2225 3315
f 2225 1173 3315
f 2600 772 117
f 4180 1013 4184
f 2409 953 581
f 953 2409 951
f 1333 4170 1683
f 4170 1965 1683
f 466 3371 3166
f 3371 2244 3166
f 178 2760 2796
f 2760 2759 2796
f 3831 4165 2761
f 4165 4164 3660
f 2994 189 3135
f 3136 4329 3564
f 4187 3564 4329
f 4187 942 1023
f 4193 561 4194
f 3579 4193 4194
f 4164 3180 1771
f 1770 2759 3660
f 1641 3185 54
f 3185 2743 54
f 2858 2798 1869
f 1695 1273 1272
f 208 2821 2486
f 2820 2821 1886
f 2627 213 1688
f 2627 1883 1882
f 1748 4387 3349
f 4387 2505 3349
f 4087 3395 4088
f 3395 4087 4045
f 2594 3291 2595
f 81 4393 2359
f 3454 1377 437
f 1236 3571 2752
f 3409 2411 1994
f 2430 2482 2481
f 268 342 4292
f 576 1707 1247
f 2081 342 341
f 1582 4374 767
f 2817 2268 3487
f 1623 2851 2850
f 3074 2908 2907
f 2908 3074 2702
f 3783 1297 1296
f 1298 3347 1296
f 3074 1905 1904
f 3832 2907 3783
f 3059 2517 2113
f 2517 2516 2113
f 2478 370 369
f 3282 4262 3283
f 3751 4307 3646
f 873 3751 3646
f 2065 1360 2641
f 1842 639 859
f 4319 3878 3877
f 3877 4258 4319
f 158 1134 3877
f 2352 1793 1795
f 3240 2354 2353
f 1829 4229 3957
f 3575 4269 570
f 1630 3389 1939
f 3389 1630 3388
f 3487 3243 1390
f 3243 3230 1390
f 2212 4128 1099
f 4128 1097 1099
f 1396 1395 3923
f 2118 2117 1127
f 4121 4291 1938
f 4291 2968 1938
f 2230 4342 4027
f 3268 4157 3155
f 3103 2580 3663
f 3476 3103 3663
f 1365 3584 2681
f 3584 1700 2681
f 638 2026 2302
f 4401 2026 3801
f 1456 927 926
f 927 1456 2415
f 3302 3301 3836
f 1895 2152 2154
f 829 828 826
f 3604 13 2095
f 1224 4348 1225
f 4348 3431 1225
f 3431 486 1225
f 1086 3435 1085
f 2018 2017 4348
f 2017 3432 3431
f 2912 3195 4050
f 3195 2912 2882
f 317 316 1799
f 1982 1981 316
f 3775 318 2707
f 318 3775 3008
f 316 4085 1799
f 4085 316 1981
f 1983 1450 1981
f 1450 1449 1981
f 1690 1656 1098
f 1465 408 291
f 990 1764 2485
f 1933 1764 2349
f 2285 2387 2386
f 3761 2949 2948
f 1156 3117 3073
f 3117 1782 3073
f 3450 4301 2191
f 1784 4032 2205
f 3774 3978 3945
f 3978 3774 3977
f 4026 3641 959
f 959 958 4026
f 264 932 265
f 187 334 932
f 3578 3756 2656
f 3579 3578 2656
f 4208 2242 3481
f 2242 1631 3481
f 4399 2276 2775
f 3183 4399 2775
f 2544 419 1620
f 419 2544 2941
f 775 4081 4354
f 4354 4081 2888
f 2094 2093 4068
f 4068 2095 2094
f 3234 1556 2210
f 3234 3233 3026
f 1919 3904 1566
f 3537 1042 1779
f 830 2095 828
f 830 1877 3367
f 1877 830 829
f 829 3045 1877
f 2452 4248 3295
f 4158 1916 1915
f 3711 4416 4155
f 3711 3710 849
f 3773 2343 3977
f 2343 847 3977
f 398 3382 3788
f 3382 398 2467
f 1395 1420 3758
f 1420 1395 1397
f 322 321 1106
f 3904 1919 4178
f 1978 1919 1418
f 1978 1397 4188
f 3758 3009 1395
f 581 2321 3038
f 1983 2164 2163
f 3757 2165 2164
f 4178 4422 3904
f 3038 4188 1397
f 3775 3923 3008
f 3923 3775 2175
f 3504 4367 1287
f 4302 2327 4274
f 2668 4149 4148
f 4150 273 2116
f 3965 3081 4145
f 2276 4359 272
f 273 272 2116
f 2116 272 4359
f 913 4233 790
f 4233 913 2340
f 3302 2041 3781
f 824 1035 2041
f 3616 3303 542
f 1907 3572 2184
f 3617 211 3897
f 3617 3616 1987
f 824 3287 933
f 3287 824 826
f 594 593 3628
f 593 3376 3628
f 785 4371 2368
f 4371 3053 2368
f 1528 3353 3300
f 3353 2390 3300
f 3428 3442 3429
f 1795 3345 3442
f 4381 3099 654
f 3029 4381 654
f 1417 1416 2737
f 2493 1417 2737
f 2570 599 63
f 599 2570 3549
f 1047 3109 4328
f 895 3700 1011
f 4413 1680 905
f 905 3760 3031
f 2993 3586 4015
f 2992 4203 3586
f 3120 4398 4250
f 4398 3394 4250
f 3394 169 4392
f 2458 1609 4250
f 3394 4392 4250
f 169 4332 3252
f 3599 4323 4064
f 2777 3507 4086
f 1068 4281 1069
f 750 3344 3950
f 1325 1324 4288
f 3723 1438 3090
f 3850 3676 3055
f 3675 4192 3676
f 4227 2763 706
f 704 3727 4098
f 681 444 3781
f 2834 1300 682
f 614 4362 2359
f 1264 964 1262
f 2926 2925 1859
f 1094 1093 2284
f 2928 3525 1929
f 3525 1743 1929
f 4184 1283 2222
f 2223 1827 2222
f 3400 3834 553
f 167 4125 3392
f 1857 1093 3134
f 1093 1092 3134
f 1859 2284 1857
f 1094 2284 3576
f 1974 1943 4094
f 2366 4231 1942
f 3355 3357 4277
f 2723 3355 4277
f 3237 2507 1193
f 2505 2507 3349
f 258 3384 3701
f 3384 4410 3701
f 2603 877 2604
f 876 2604 877
f 2228 2227 2355
f 2227 3654 2355
f 445 682 2185
f 2834 682 681
f 3491 616 659
f 3490 1917 616
f 1074 2653 2652
f 1697 3122 2733
f 3133 2734 4132
f 2733 1678 1677
f 1224 1226 1636
f 1636 1226 3194
f 4333 1802 3674
f 1624 4333 3674
f 4368 962 961
f 3265 962 4369
f 510 4181 4275
f 4181 510 512
f 3536 367 2633
f 367 366 3129
f 3411 3410 2883
f 3410 2884 2883
f 2615 3626 3168
f 3626 3625 3168
f 2134 869 2135
f 2135 1538 4047
f 4001 4215 4340
f 2512 4215 314
f 2150 120 119
f 2150 1932 967
f 4147 4323 3599
f 1828 3549 2570
f 4166 1059 1058
f 188 190 971
f 2571 2526 4063
f 4063 2526 3365
f 2912 651 2882
f 651 2912 652
f 2666 2667 3637
f 2665 2959 2958
f 1597 1308 1307
f 3037 2835 1596
f 3495 3567 1138
f 1138 3567 3336
f 4407 2048 3281
f 2048 3795 3281
f 3781 2041 1035
f 1036 2834 681
f 2895 4212 4309
f 1803 4212 3762
f 1822 3314 2168
f 4285 3721 1822
f 3353 1528 1692
f 3353 1692 1691
f 3680 340 339
f 2010 1449 1658
f 2782 2979 179
f 1869 2798 2979
f 3852 4409 4214
f 12 2794 16
f 2319 2731 2919
f 2731 2319 2318
f 2777 4086 308
f 4086 309 308
f 2208 3653 3784
f 3653 3184 3784
f 3818 1053 635
f 4395 3952 1144
f 4090 1826 423
f 423 4030 2345
f 789 4379 160
f 4379 1598 160
f 1247 2213 576
f 2213 1247 4292
f 3386 1870 2978
f 1870 1869 2978
f 268 270 4216
f 1461 1246 1460
f 2499 343 3876
f 2280 2784 2497
f 2086 2221 4417
f 2221 2086 2219
f 567 569 1398
f 1703 1693 1692
f 8 2969 2587
f 2969 1652 2587
f 572 1547 3118
f 572 287 570
f 2782 2783 2785
f 181 1647 2464
f 2996 2086 4417
f 2423 2422 3324
f 3752 2642 3477
f 3477 2642 2641
f 2804 2803 845
f 2803 3468 845
f 3683 3227 4378
f 3816 2097 3364
f 1689 3647 3170
f 1108 1425 1681
f 2717 2444 3256
f 2444 2443 3256
f 1626 2484 3561
f 2484 1626 2149
f 4322 1157 4389
f 1017 3683 3357
f 2205 3227 1784
f 3884 4358 244
f 1516 2327 1040
f 2327 4302 1040
f 2611 3869 442
f 2898 2611 442
f 2426 2650 3538
f 2649 2147 4185
f 2147 3902 1971
f 3902 1972 1971
f 83 3546 407
f 2011 2136 1495
f 2717 2906 4192
f 2906 2717 2904
f 2127 1707 578
f 1707 576 578
f 4101 1318 1320
f 2081 2083 2213
f 592 591 2865
f 616 3491 3490
f 253 252 1184
f 1336 3801 2026
f 3996 347 349
f 1098 1097 1690
f 2088 2087 3432
f 2087 3568 3432
f 3432 3436 1086
f 3436 3432 3568
f 42 3888 1623
f 3888 3887 1623
f 868 3702 588
f 1354 494 2963
f 1475 1222 2087
f 1222 1221 3568
f 1112 2986 2987
f 2986 1112 3270
f 304 722 4383
f 2719 722 723
f 1531 2578 1353
f 4366 1219 1353
f 164 915 2010
f 915 3334 2010
f 3260 2511 491
f 1055 1054 2248
f 675 3697 4360
f 3697 1053 4360
f 2501 2500 3600
f 3031 940 939
f 1328 505 999
f 1328 1327 4199
f 150 149 1075
f 1673 149 151
f 4410 4409 3701
f 4409 3852 3701
f 2794 4249 2270
f 4249 2770 2270
f 2290 2473 1205
f 1205 2473 4071
f 2516 1666 4334
f 4334 1666 1665
f 3599 2549 4423
f 4124 4423 2549
f 4420 3763 1721
f 3763 4111 807
f 1719 4383 722
f 3214 2472 4331
f 836 3447 837
f 3447 836 3927
f 836 1950 3927
f 476 475 110
f 1633 1260 4415
f 1769 1768 2077
f 1006 4105 1007
f 4105 1006 4402
f 1552 2050 3948
f 2050 1552 2048
f 4159 3641 3640
f 3640 3100 4159
f 1625 17 1228
f 17 2794 1228
f 1543 2848 2058
f 2848 1543 2847
f 3421 3848 3847
f 1332 2600 4190
f 3848 2801 1610
f 3555 3422 3847
f 4296 2801 3848
f 2101 4067 3346
f 1792 2758 4395
f 2757 3952 4395
f 4304 2433 2013
f 4304 74 90
f 3108 983 982
f 983 3108 2624
f 1821 1699 4285
f 1821 1820 3159
f 1598 4379 2351
f 1955 3937 1953
f 1954 1953 1964
f 1954 878 3837
f 3537 2334 860
f 3537 1779 106
f 893 1490 894
f 382 381 2744
f 3503 2996 4417
f 1691 4268 2391
f 1310 1428 231
f 1428 1310 1312
f 379 1836 1835
f 2960 1836 378
f 4309 3057 3056
f 3057 4309 4287
f 1235 2080 1236
f 2079 2078 3503
f 2078 3488 3144
f 3488 2078 4152
f 4368 2056 1914
f 2056 4368 3000
f 643 3335 1912
f 3335 2765 1912
f 1632 190 1871
f 190 4055 1871
f 2765 4163 2764
f 4163 4056 2764
f 85 972 1117
f 972 85 87
f 1090 2776 3014
f 72 1548 70
f 4311 3262 3425
f 600 2270 61
f 4373 3910 293
f 3941 4373 292
f 1801 4113 2046
f 1800 4333 563
f 1053 3818 4360
f 3818 2923 4360
f 1144 2531 4395
f 2531 1792 4395
f 2232 596 3819
f 2232 3453 1271
f 2553 2976 2043
f 2976 2553 3821
f 2553 2555 2109
f 2555 3782 2109
f 1180 1179 3445
f 1179 3903 3930
f 2860 3209 3126
f 3209 2443 3126
f 4125 974 973
f 4125 167 3394
f 615 2358 2360
f 1058 4164 4166
f 2890 4037 1038
f 4037 3855 1038
f 4038 815 660
f 2890 3972 4037
f 4243 3787 3619
f 1424 2946 2692
f 3536 4385 3605
f 1525 4385 3535
f 3910 4373 2749
f 3030 354 353
f 1794 3309 2646
f 3161 1325 4288
f 2303 638 2302
f 2303 532 2865
f 2718 3675 3723
f 3090 2718 3723
f 3002 3001 914
f 4176 914 782
f 4406 4295 2510
f 2510 3139 4406
f 3959 3885 244
f 3885 4375 3884
f 3265 4237 3104
f 1275 3265 3104
f 1636 3113 1224
f 2018 3113 1472
f 3218 4169 2971
f 4169 2586 2971
f 853 852 3965
f 852 2593 3965
f 2591 3142 3250
f 2377 3547 3499
f 2680 2833 3900
f 4308 4212 1803
f 1455 1454 3900
f 3379 299 664
f 299 3379 4352
f 3379 1456 4352
f 1037 1039 4391
f 1039 2138 4391
f 333 3829 334
f 2862 332 331
f 2222 3730 2877
f 772 118 117
f 4040 4254 4057
f 3216 3215 4039
f 4254 4040 1479
f 4040 4039 1479
f 3217 3480 3479
f 3217 3478 3215
f 3799 4039 3215
f 3799 545 4154
f 365 2411 3082
f 2411 3409 3082
f 1165 451 450
f 3330 121 3854
f 4084 1096 1095
f 4084 2571 4063
f 404 2190 2118
f 2190 404 2188
f 3789 4001 4340
f 3789 1429 1430
f 2677 3123 59
f 3123 3068 59
f 3682 2914 4027
f 1837 3593 1835
f 4372 106 3987
f 3065 3064 4237
f 3067 300 2410
f 300 3067 1261
f 2923 792 4054
f 792 791 4054
f 3311 1362 2281
f 1362 131 2281
f 153 2196 154
f 347 3996 1363
f 520 1406 369
f 3158 1406 1405
f 3857 3677 2289
f 2291 3857 2289
f 3336 3566 2765
f 3336 1891 1138
f 2523 4058 1747
f 4058 2881 1747
f 54 2855 1641
f 2855 54 53
f 3288 858 4023
f 858 3835 3696
f 604 3921 2009
f 3922 1359 2009
f 1827 2223 1828
f 1312 1311 1427
f 532 62 2470
f 531 2570 63
f 3745 2413 887
f 2413 2412 887
f 3451 3567 3452
f 3494 3452 3495
f 3156 2745 2825
f 2745 3481 2825
f 2913 4153 2133
f 4153 296 2133
f 3228 2207 4201
f 2207 4356 4201
f 1057 1059 2339
f 4397 1059 4166
f 4350 1544 2579
f 2023 4350 2579
f 4014 1657 3693
f 1657 1656 3693
f 4078 1704 1703
f 4183 4078 1703
f 1877 1876 3276
f 1876 3277 3276
f 3176 3920 4020
f 3920 3592 4020
f 3280 3019 2158
f 1704 3423 171
f 2933 2829 2828
f 3238 2829 2935
f 3846 1819 4321
f 1819 3868 4321
f 2252 2125 2547
f 3572 1907 1908
f 1989 1988 3994
f 1988 4168 3994
f 390 2802 3468
f 2802 1060 3468
f 1123 2540 3650
f 1071 3242 3241
f 3967 3290 2788
f 2788 4351 397
f 44 4367 4191
f 116 44 4191
f 3988 3942 4413
f 3942 1722 4413
f 2258 2259 28
f 3740 3956 2259
f 2156 2247 3459
f 2247 2156 2245
f 3425 217 1596
f 4352 1718 3433
f 2263 3726 2763
f 4227 2304 2763
f 1392 1394 2517
f 2517 3059 1392
f 2459 2458 4392
f 3780 116 4137
f 3770 3769 3024
f 3769 3025 3024
f 3191 3880 3770
f 3880 3771 3770
f 552 3354 2144
f 4184 2877 2879
f 345 2942 3137
f 2942 1215 3137
f 2481 2480 2565
f 2480 3483 2565
f 2838 4263 2836
f 4315 4087 3622
f 4420 1721 3558
f 66 154 64
f 3641 2837 4066
f 2837 2836 4066
f 2743 3372 54
f 3372 52 54
f 813 3434 1347
f 4235 4423 4124
f 3733 2684 4316
f 3893 3802 3731
f 252 251 3889
f 4391 252 3889
f 4262 4316 2684
f 4316 3731 3733
f 289 1412 4019
f 1044 1710 1045
f 4329 3136 188
f 3135 3136 3564
f 2668 1464 4149
f 4065 273 4149
f 1853 2344 931
f 4030 2344 2345
f 3203 3153 3764
f 3153 3203 1268
f 2555 2554 3550
f 323 796 1350
f 3044 1587 3886
f 1587 1586 3886
f 198 2896 387
f 4397 2204 3152
f 1073 4177 2399
f 4177 2894 2399
f 339 338 164
f 339 1658 3680
f 3416 3417 4064
f 3416 898 2698
f 3785 4239 3784
f 1197 1284 1198
f 2636 2513 4421
f 1001 884 886
f 3849 3055 2905
f 2152 3624 3359
f 3860 2792 1780
f 2792 810 1780
f 280 850 281
f 2061 850 2910
f 2648 3580 2649
f 3580 3427 2649
f 2529 1143 3102
f 612 611 1967
f 3778 4102 1523
f 3777 29 4103
f 4418 902 901
f 4238 3852 3470
f 2287 2676 985
f 2676 2675 985
f 3857 3612 3723
f 3675 3857 3723
f 2560 4150 2116
f 4150 2560 4148
f 3952 2757 3619
f 2757 2756 3619
f 1830 3562 1831
f 3562 1555 1831
f 3987 1588 3250
f 1588 3987 4390
f 2060 1585 2603
f 1585 877 2603
f 1530 1692 1528
f 4183 1692 1530
f 3345 4272 1089
f 4424 1564 1563
f 2364 2632 3545
f 2632 2364 3534
f 388 562 305
f 562 855 305
f 3759 1957 1637
f 1186 3759 1637
f 601 2422 3757
f 2165 3757 2422
f 2878 3867 4275
f 3827 3229 3230
f 4184 2879 4181
f 2879 4275 4181
f 2141 2292 624
f 624 623 2141
f 1349 981 1350
f 1349 1348 3197
f 1883 4347 1698
f 4347 3947 1698
f 368 486 1085
f 4179 3358 485
f 1615 3358 2622
f 1381 4178 1379
f 1225 485 1615
f 4179 485 368
f 3346 694 667
f 694 500 667
f 3593 2913 1835
f 3593 1837 4027
f 3200 3208 3201
f 3201 3208 1137
f 3738 3392 1916
f 3392 973 416
f 2926 554 3834
f 554 553 3834
f 1071 1997 1072
f 313 1920 2636
f 1920 3666 2637
f 3666 3519 4324
f 2200 936 2201
f 3406 3340 2202
f 3925 2535 1278
f 2244 1655 1657
f 1986 211 3617
f 1986 1985 2886
f 3340 2897 2202
f 629 3340 3342
f 3245 4112 1443
f 4112 2707 1443
f 3483 2482 3020
f 2482 2430 3020
f 1167 451 1165
f 449 451 3854
f 503 613 3255
f 503 502 2170
f 4042 4280 4388
f 996 3314 3722
f 3954 2952 4095
f 4146 3179 3489
f 3211 1850 3089
f 3210 3211 3089
f 4266 3999 3661
f 3999 4266 4313
f 2100 3350 3645
f 1392 3059 3272
f 2112 2111 3424
f 2394 2112 3424
f 4044 508 4104
f 508 4044 1356
f 3548 3547 1110
f 3547 2377 1110
f 1554 4116 4115
f 3141 3140 106
f 2265 4389 2266
f 4389 2265 4322
f 3357 4211 1017
f 4211 1015 1017
f 3248 4033 1783
f 3121 567 3271
f 2381 3793 1343
f 3793 1344 1343
f 2595 1263 4257
f 1263 1262 4257
f 2911 4186 1613
f 4186 1611 1613
f 3404 4174 1576
f 4174 1611 1576
f 1199 4355 2881
f 4355 1747 2881
f 3351 1439 4339
f 1439 3612 4337
f 1126 4403 1175
f 4403 4160 1175
f 1256 2144 3354
f 1257 1256 3354
f 3347 1298 3522
f 1298 1562 3522
f 4393 80 2921
f 81 4361 79
f 3882 2331 3291
f 2331 2595 3291
f 2441 732 2572
f 1254 732 2441
f 864 3341 3406
f 3341 3340 3406
f 2863 1292 1122
f 1292 2863 1748
f 1757 3718 2134
f 3718 1447 2134
f 1511 3289 2486
f 3289 3288 2486
f 4015 4290 4016
f 3796 4290 3586
f 2656 1084 393
f 498 1168 497
f 2419 393 1084
f 4 497 1994
f 3706 1796 906
f 3705 3761 1796
f 2071 3706 906
f 3706 2071 3704
f 1830 3130 4384
f 3130 3132 4384
f 2418 2713 3994
f 2713 1989 3994
f 729 728 3390
f 728 3603 3390
f 522 521 4059
f 351 2714 329
f 519 821 2807
f 821 519 371
f 1441 111 1442
f 2219 270 269
f 2634 4333 1624
f 1244 2351 4379
f 2957 3058 4119
f 4265 1800 4119
f 2836 66 4349
f 1623 2850 3585
f 3926 1908 3287
f 826 3926 3287
f 4047 2929 3626
f 2929 2930 3625
f 3307 2513 2636
f 2636 4421 313
f 1148 3924 1278
f 2740 3924 2738
f 4272 4400 1311
f 1330 2719 2386
f 2855 2945 4197
f 1641 2855 4197
f 423 1826 421
f 1824 1826 4090
f 4406 2535 3925
f 3925 1278 3924
f 1261 3898 3112
f 3898 1342 3112
f 910 3839 2254
f 3839 130 2254
f 207 3678 2247
f 3678 3459 2247
f 3600 3602 3841
f 3512 3679 3602
f 1737 1231 1738
f 1232 1517 1516
f 3894 1517 1737
f 1737 1517 1231
f 3457 3679 3512
f 3841 3679 207
f 3512 1041 3457
f 4320 4382 645
f 867 4298 4005
f 866 4196 4298
f 1740 2425 4401
f 2425 3729 4401
f 3443 4230 3339
f 4230 3462 3339
f 3418 1305 3590
f 3460 2234 1305
f 1400 2751 395
f 2751 1400 1082
f 1163 1162 618
f 1162 3087 618
f 3084 3464 1306
f 3464 2415 1306
f 3729 3730 3595
f 3730 1827 3595
f 3729 2425 2878
f 409 2576 1906
f 1478 4255 1479
f 4255 4254 1479
f 1976 1975 3532
f 1975 1291 3532
f 2252 460 2125
f 459 3532 1291
f 2062 3533 1014
f 3533 3532 1014
f 3871 3204 4232
f 2956 1021 4386
f 2016 2030 3132
f 2029 2015 3805
f 753 422 1465
f 1200 422 421
f 3650 3242 4224
f 3242 1071 4224
f 1498 1497 2161
f 1497 1591 2161
f 3284 1255 3715
f 1255 3629 3715
f 1165 1572 1166
f 3707 1572 698
f 2937 1607 2938
f 2937 2936 4246
f 4095 2435 4017
f 2952 2951 2435
f 1812 336 335
f 337 3028 3027
f 1652 4344 4343
f 3050 804 4343
f 528 3995 1441
f 528 3632 529
f 420 1365 418
f 420 2941 4006
f 1702 803 1700
f 4282 3931 3933
f 3402 3814 2218
f 3814 2216 2218
f 2556 2120 2122
f 4404 2556 2122
f 2574 2831 2833
f 2831 2574 411
f 4273 1030 1029
f 690 1467 3375
f 3949 665 3112
f 665 3949 666
f 2496 358 3668
f 358 357 3668
f 4062 3982 3294
f 4062 4074 4060
f 471 3743 1765
f 470 4074 3743
f 1250 317 1799
f 317 1250 2707
f 659 4312 4038
f 4312 4036 4038
f 2400 1804 2729
f 1804 2400 625
f 2898 3042 1331
f 3042 1383 3955
f 242 4358 3748
f 4358 4289 3748
f 3683 3072 3227
f 3072 1784 3227
f 4068 2092 3926
f 2092 4068 2093
f 3291 2867 3882
f 2867 3935 3882
f 745 1811 1931
f 3239 2804 3327
f 2332 2556 4404
f 2374 2376 2698
f 846 1062 1734
f 1062 1487 1734
f 2305 4207 1148
f 4207 3924 1148
f 4017 2435 2434
f 364 4017 2434
f 2219 269 1460
f 4292 269 268
f 4216 343 268
f 341 343 2499
f 1180 2939 3274
f 2939 428 3274
f 2323 2322 1964
f 2322 1962 1964
f 2836 4349 4066
f 4349 4321 4066
f 3400 2852 3834
f 2852 3400 2850
f 3935 2866 855
f 2866 2465 855
f 3943 3990 2214
f 3943 3944 4096
f 935 1035 824
f 3781 1035 681
f 2445 702 71
f 702 701 71
f 4305 3808 3473
f 2073 1008 3753
f 1037 3891 1008
f 3891 1037 3889
f 3890 4305 3473
f 2074 3753 3473
f 3855 4270 3883
f 4270 3313 3883
f 3972 2890 816
f 3972 4038 4036
f 696 2066 619
f 2828 696 619
f 2738 4147 2739
f 4147 2738 898
f 2239 2238 3837
f 2238 3838 3837
f 2195 4408 766
f 4408 1660 766
f 3363 3493 4070
f 3363 2195 1492
f 3611 872 3708
f 3689 3611 3708
f 3610 4338 4060
f 4338 4337 4060
f 1219 4366 3092
f 4366 2577 3092
f 1992 2931 3980
f 1404 2931 2872
f 1543 1542 2847
f 2483 2149 2148
f 4396 4234 3655
f 4234 1999 3655
f 859 332 2862
f 2862 331 3860
f 1160 3091 354
f 2395 3091 801
f 4087 4335 4045
f 4335 2954 4045
f 4422 1470 3904
f 2175 1396 3923
f 1127 405 2118
f 405 404 2118
f 872 3611 1522
f 477 156 1653
f 4303 11 10
f 11 4303 3527
f 10 2311 4303
f 2309 2311 2777
f 3364 2526 2525
f 2548 1191 1190
f 3282 2328 1518
f 745 1809 1811
f 3692 165 1413
f 3467 1413 1412
f 2470 2471 3971
f 2470 2865 532
f 3995 530 1945
f 3293 3743 4074
f 3743 471 470
f 471 3831 469
f 3478 1668 3800
f 3800 3215 3478
f 2619 870 2617
f 870 2042 2617
f 3328 2237 2236
f 3836 825 2041
f 2949 3761 3705
f 2948 1565 3761
f 2384 4077 2948
f 4077 1650 1565
f 2105 2949 3705
f 2949 2105 2385
f 2646 1311 4400
f 1311 1310 4272
f 1451 2163 3634
f 1451 1658 1449
f 3304 2815 2594
f 3304 77 4284
f 3869 3687 442
f 3687 1565 442
f 4278 4378 3228
f 3683 4378 3357
f 579 919 2098
f 2098 3816 579
f 1459 597 1510
f 597 596 1510
f 707 3373 3372
f 2743 707 3372
f 1485 1072 278
f 1072 1485 1073
f 314 4421 2512
f 4421 314 313
f 3152 2204 1080
f 457 3928 455
f 2663 2662 3401
f 2662 4134 3401
f 2344 929 931
f 929 2344 4030
f 1550 2101 3346
f 3343 2101 2102
f 4084 1211 1096
f 1211 4084 4063
f 2140 2139 3746
f 2139 3572 3746
f 2907 2909 1751
f 1751 3213 4024
f 2907 3832 3074
f 1296 3832 3783
f 1573 3716 3715
f 3486 3716 3783
f 4157 1915 3155
f 1915 4157 4158
f 365 35 2326
f 35 365 364
f 517 516 3455
f 516 2269 3455
f 2049 4407 2672
f 2671 2049 2672
f 3524 4236 4332
f 4236 3070 4332
f 3599 4423 3598
f 4423 4235 3598
f 3149 3296 3128
f 3300 3296 1529
f 2895 1044 3762
f 1431 267 2534
f 2318 2519 2730
f 2519 2318 2317
f 1623 1622 42
f 1622 40 42
f 4079 4113 4264
f 4113 1801 4264
f 1800 4265 1801
f 4265 4264 1801
f 3935 855 4136
f 4136 3399 3935
f 4262 4261 3283
f 4261 2686 3283
f 3115 1549 72
f 701 3115 72
f 940 3760 1679
f 3760 940 3031
f 363 2993 4015
f 2993 363 2806
f 912 3878 1133
f 1375 912 1133
f 2390 1903 785
f 1903 783 785
f 4061 4337 2291
f 2290 4061 2291
f 1695 1694 2004
f 1694 311 2004
f 3420 174 173
f 2307 2880 2305
f 2306 1522 2307
f 1817 1522 1523
f 57 1508 3523
f 1508 4000 3523
f 3725 3958 4000
f 3958 3523 4000
f 4174 4175 1612
f 1611 4174 1612
f 1125 3253 1126
f 3253 276 1126
f 2664 3870 2072
f 3870 2664 1902
f 4311 1596 1595
f 1596 4311 3425
f 949 948 622
f 948 620 622
f 1900 219 4419
f 219 218 4419
f 4204 1295 2589
f 2590 2072 2588
f 4035 960 621
f 960 2382 622
f 840 1021 674
f 673 950 1295
f 3727 3726 4097
f 2589 2588 4419
f 4260 2709 2956
f 2361 620 674
f 1463 4097 3726
f 3264 218 3425
f 759 2546 3306
f 2546 4311 3306
f 263 2870 2835
f 4283 2340 2339
f 2709 4260 2708
f 2709 674 1021
f 2970 4344 2969
f 4344 1652 2969
f 1437 86 3494
f 86 85 3494
f 1272 1271 2045
f 1272 1696 1695
f 639 1843 2053
f 1843 2613 2053
f 1624 3674 1622
f 2079 3571 1236
f 2650 4185 3538
f 2650 2426 2648
f 4190 2143 2142
f 4190 2612 1332
f 1118 3422 4189
f 3422 3555 4189
f 3504 1119 346
f 1119 3504 1120
f 4094 4231 892
f 4231 2366 892
f 882 2371 883
f 2371 882 2520
f 1922 3530 1151
f 3530 631 1151
f 4370 1921 315
f 315 1921 313
f 3405 2201 1515
f 1515 2201 936
f 4370 2897 631
f 315 3597 3039
f 2202 3039 2200
f 315 3039 4370
f 3103 1360 3664
f 1964 879 1954
f 1526 2258 3587
f 1705 2615 3168
f 806 4380 3810
f 3263 3613 3264
f 368 1471 4179
f 1471 1470 4179
f 726 725 2197
f 725 2639 2197
f 823 822 4157
f 822 1759 4157
f 3391 56 4158
f 3391 4157 1759
f 4157 3268 823
f 3268 3154 823
f 4089 3435 3437
f 4144 4089 3437
f 3858 4411 517
f 4411 3318 517
f 2602 2601 4242
f 2601 360 4242
f 2819 2678 703
f 3908 2728 786
f 1897 1896 2602
f 1896 361 2602
f 3851 1593 2967
f 1593 568 2967
f 3020 978 3269
f 3356 3355 3121
f 375 3700 3101
f 3700 3221 3101
f 1349 979 981
f 3458 4302 4115
f 802 1700 803
f 258 257 3554
f 1212 2776 2341
f 1355 1354 2964
f 2553 2043 2554
f 3550 3782 2555
f 2448 3551 2447
f 3551 2375 3550
f 1318 286 3686
f 286 1351 3686
f 731 2572 732
f 3322 776 4257
f 1945 456 3995
f 475 111 110
f 1816 1815 2820
f 1815 1459 2820
f 3152 2340 4283
f 2204 4397 4326
f 1730 4172 1098
f 4172 1099 1098
f 1966 3912 253
f 3912 1966 2170
f 3440 1967 37
f 37 1967 1184
f 253 1184 1966
f 37 1184 1183
f 2784 1742 1741
f 3259 2498 1336
f 3274 4363 1181
f 4363 3601 1181
f 4345 3823 3914
f 4345 4325 3591
f 1656 1655 1730
f 1655 2244 1730
f 2244 1065 3166
f 1065 1064 3166
f 4328 2893 1407
f 1279 1278 2535
f 475 709 1769
f 474 2431 4414
f 1768 1767 195
f 1767 3496 195
f 1633 4415 2762
f 1260 3496 4414
f 2082 4357 3297
f 4357 1781 3297
f 1221 1754 4144
f 1754 1245 4144
f 3225 412 414
f 412 3225 552
f 2459 4392 3252
f 3252 4392 169
f 515 2446 4137
f 2446 3780 4137
f 3019 3913 3658
f 3913 3279 3658
f 1507 774 776
f 819 4386 1021
f 4364 3308 3973
f 3308 4364 759
f 1597 1307 1595
f 1307 3306 1595
f 4232 3764 3690
f 4232 4386 3871
f 4133 1852 1651
f 1653 4133 1651
f 1575 80 79
f 4393 81 80
f 2328 3282 3281
f 1518 4262 3282
f 156 155 4133
f 155 4259 4133
f 947 4226 3853
f 4226 3498 3685
f 3881 1564 4424
f 1573 1563 1562
f 3106 1434 4424
f 4424 1434 1433
f 3771 1433 1432
f 4424 1433 3881
f 182 3630 3629
f 3630 182 3361
f 2276 3378 2775
f 3378 2773 2775
f 1625 1228 2741
f 2741 3318 4411
f 2722 1761 567
f 1761 568 567
f 995 4099 68
f 3959 4099 3798
f 3297 3991 577
f 3991 3297 1781
f 4146 3491 659
f 4095 4016 3954
f 2479 3321 370
f 3321 820 370
f 901 1401 1399
f 692 693 3232
f 1126 1034 1124
f 2864 591 638
f 2303 2864 638
f 691 690 3375
f 4361 4362 1918
f 4362 614 1918
f 4085 4176 1798
f 1799 4085 1798
f 2094 13 1895
f 2154 2094 1895
f 1248 2790 1249
f 2790 2944 1249
f 538 3301 3303
f 3301 538 2405
f 3303 3302 724
f 542 3303 724
f 1663 4320 2758
f 1792 1663 2758
f 82 3647 83
f 3648 3168 3170
f 1539 588 4013
f 1539 2929 1538
f 3513 1284 1197
f 1284 3513 1270
f 1746 2524 3916
f 1746 1285 2096
f 2347 2849 1568
f 3040 220 2849
f 4046 2265 128
f 3699 4046 128
f 2921 4336 4393
f 4393 4394 2359
f 1380 2321 953
f 2321 1380 4188
f 1208 3507 4330
f 3507 2730 4330
f 2620 889 4376
f 888 3765 4376
f 1470 4422 4179
f 4422 4178 4179
f 1973 1885 1887
f 4029 952 951
f 2992 2644 2643
f 4203 2992 2643
f 576 3298 577
f 3298 3297 577
f 738 779 739
f 738 737 3248
f 1840 1927 3614
f 1927 3261 3614
f 3225 1317 312
f 1317 3225 414
f 523 483 3866
f 483 523 3792
f 3420 3419 1864
f 3419 2584 1864
f 1818 174 1708
f 174 3420 1708
f 1522 2306 1150
f 2306 2305 1150
f 1523 4102 1817
f 4102 1818 1817
f 871 20 1709
f 20 19 1709
f 3692 3466 3002
f 3466 3607 3002
f 1109 1681 1680
f 4413 1109 1680
f 1665 4072 4334
f 4072 4073 4334
f 3637 2959 3078
f 2959 2665 3078
f 4001 3790 938
f 3790 3939 938
f 2431 4415 4414
f 4415 2431 2762
f 3496 709 4414
f 4414 709 474
f 836 838 476
f 476 838 474
f 1633 1771 1258
f 1258 1771 3180
f 3181 1259 1258
f 3496 1260 1259
f 2690 2795 2762
f 2795 2690 2796
f 4100 965 68
f 965 4100 100
f 4093 3433 3277
f 4352 3433 2410
f 4364 541 3776
f 541 4364 539
f 2334 3247 4342
f 760 3871 4386
f 3094 3093 4012
f 3093 3892 4012
f 3521 4324 3519
f 3521 2476 3843
f 3205 1267 3203
f 3205 3872 3843
f 3407 2477 3408
f 2477 3407 3498
f 1537 2011 684
f 4367 43 1288
f 43 4367 44
f 1287 4367 1288
f 2360 4394 39
f 4394 2360 2359
f 3049 4268 3048
f 4268 3049 2391
f 2212 1928 4128
f 1928 2212 975
f 3911 2652 2651
f 2652 3911 1075
f 1698 1677 1676
f 1677 1698 1697
f 1541 525 2734
f 1541 2733 1540
f 3610 177 4339
f 177 176 4339
f 4025 3096 2988
f 3096 4025 769
f 32 1504 1506
f 3269 977 32
f 3649 569 1592
f 569 568 1592
f 3680 1659 2536
f 2535 4406 3139
f 3821 4118 3822
f 4118 3821 1066
f 4059 3691 522
f 3691 1443 522
f 1887 3088 4259
f 3088 1852 4259
f 4259 3098 1887
f 3098 1973 1887
f 1974 2985 1944
f 92 2152 3359
f 3587 3324 2422
f 1692 4183 1703
f 3125 1175 249
f 569 3649 1398
f 772 2600 751
f 773 2468 118
f 3505 4137 4191
f 3504 3505 4191
f 2013 124 123
f 1341 2396 2297
f 1499 519 2338
f 2021 579 3816
f 1554 4115 4274
f 3795 1554 4274
f 2406 2405 538
f 2406 537 3441
f 1359 3922 3665
f 3922 1736 3665
f 646 4382 4258
f 4382 4320 4258
f 2020 3944 108
f 3670 1040 4302
f 4365 1553 3948
f 1553 1552 3948
f 1990 3013 4167
f 4167 4168 1988
f 360 4107 4242
f 4107 4106 4242
f 3673 2490 2489
f 2490 3673 2155
f 608 2927 2926
f 608 3833 606
f 3826 331 330
f 331 3826 3860
f 4412 2728 3908
f 2728 4412 3190
f 2789 3013 1990
f 490 3817 1414
f 3073 1016 1156
f 1016 1733 1156
f 3474 4145 1168
f 4145 3083 1168
f 3377 2275 271
f 4065 4251 2262
f 427 1600 4310
f 4114 3879 282
f 4027 3247 3508
f 3247 4027 4342
f 759 758 819
f 758 4386 819
f 1597 2870 1308
f 1309 3306 1307
f 3508 3247 104
f 105 3537 106
f 3183 3182 4024
f 1616 1483 2596
f 1483 1482 2596
f 377 4117 3950
f 4117 377 746
f 3065 3671 4117
f 746 3065 4117
f 3190 4412 144
f 4412 3907 144
f 106 4372 3141
f 4372 3250 3141
f 2584 3992 51
f 1846 3992 3419
f 4173 3049 3007
f 796 323 3007
f 2447 2554 4009
f 4009 2554 2043
f 2807 820 2963
f 4049 2807 2963
f 4094 2389 1974
f 1287 1286 1120
f 1402 795 1583
f 795 1402 3086
f 1769 1442 475
f 4216 270 2085
f 957 2194 2076
f 2194 1427 2076
f 13 3803 14
f 3803 3369 14
f 15 3624 1895
f 3624 2152 1895
f 884 2853 14
f 2853 15 14
f 3104 4276 2402
f 3104 2402 1276
f 2876 4351 1731
f 4351 2876 397
f 4257 2541 2780
f 2541 4354 2780
f 3645 4067 2101
f 695 4067 3964
f 1470 1469 3605
f 1469 3536 3605
f 2801 4296 1286
f 4296 1120 1286
f 3848 3421 4296
f 3421 1118 1120
f 3671 3005 4117
f 1783 1782 3116
f 3192 4300 2508
f 4300 4299 2508
f 3510 3509 3489
f 3509 3490 3489
f 3092 2401 1124
f 1124 1411 3092
f 2015 2014 4004
f 3397 3396 3805
f 511 425 1861
f 425 424 1861
f 424 3633 805
f 3633 3449 805
f 896 4109 2816
f 4109 2817 2816
f 1322 1914 1323
f 1322 1321 4369
f 303 806 3912
f 2170 303 3912
f 1792 2530 1661
f 2530 2561 1661
f 2185 2187 4301
f 2187 3724 4301
f 4211 3844 2874
f 3844 4211 3357
f 4111 4380 807
f 4380 806 807
f 4155 4416 2883
f 2885 4155 2883
f 1334 711 1629
f 711 710 1629
f 131 1361 132
f 1361 3961 132
f 2825 2039 3156
f 4247 2039 2038
f 3852 4238 1594
f 4238 4418 1594
f 1553 4116 1554
f 4116 1553 4365
f 1765 2203 1766
f 2203 1765 4248
f 2195 4069 4408
f 4069 2161 4408
f 3817 662 1414
f 1412 289 3465
f 4178 1381 3358
f 1381 952 2622
f 3618 536 538
f 536 3618 573
f 2695 2697 4353
f 2697 3479 4353
f 2793 3861 3826
f 3861 3860 3826
f 4004 3786 2808
f 4004 3805 2015
f 4253 4271 641
f 4252 3786 4271
f 4266 1106 321
f 4267 4266 3661
f 2462 4002 2871
f 4002 2462 980
f 2922 4253 641
f 4253 2922 865
f 2030 3426 3132
f 2030 2016 2015
f 3049 4173 2391
f 3504 1287 1120
f 4375 2954 4335
f 4289 4375 4335
f 2893 1326 1405
f 2893 4328 2891
f 4014 2243 1657
f 2243 4014 3822
f 2033 3033 1233
f 3033 1107 1233
f 1259 3627 195
f 3627 1259 3181
f 3525 2827 1743
f 2826 2151 1743
f 1343 2379 2381
f 2379 1343 4132
f 3773 3856 2342
f 3856 3411 2342
f 3651 1980 3754
f 2598 3651 3754
f 202 4405 1631
f 4405 2825 1631
f 29 4108 4103
f 4202 175 4108
f 173 175 4202
f 4103 175 1818
f 4202 1845 173
f 49 1845 2407
f 2536 4293 1279
f 2536 3139 3680
f 3157 216 2746
f 2692 2946 3787
f 398 3010 399
f 3010 2474 399
f 784 4267 3661
f 4267 784 783
f 1827 3968 3595
f 3968 2302 3595
f 910 2253 911
f 2253 3967 911
f 591 590 2999
f 590 2082 2999
f 1282 2732 2223
f 3549 2732 518
f 3808 4151 3473
f 4151 3079 3473
f 4376 3765 4120
f 2621 4376 4120
f 2231 1842 859
f 1842 2231 2392
f 2932 2840 3896
f 4256 3552 2841
f 1860 2063 512
f 512 2063 4180
f 1945 1648 456
f 447 1728 2970
f 3588 2984 3754
f 2984 2598 3754
f 4281 4121 2873
f 1069 4281 2873
f 1946 4275 3867
f 1947 1946 3867
f 1068 3669 4281
f 3669 2621 4281
f 2151 2826 4294
f 2826 1547 4294
f 4298 867 866
f 867 3232 865
f 1893 3439 4196
f 3439 4298 4196
f 3657 1476 1475
f 3657 4005 4298
f 1036 1114 2834
f 1114 1036 3985
f 2596 2267 2597
f 2267 1909 2597
f 3416 4323 898
f 4323 4147 898
f 3765 888 2412
f 888 887 2412
f 509 4123 507
f 4123 4122 507
f 2687 3997 4122
f 3997 507 4122
f 35 34 2325
f 2491 2325 34
f 729 3229 730
f 3229 3827 730
f 3867 2878 2425
f 2424 3867 2425
f 66 2836 4263
f 3147 66 4263
f 3732 3966 4148
f 3966 2668 4148
f 4381 4217 4263
f 2838 4381 4263
f 530 1551 1946
f 1945 530 1946
f 4321 65 2197
f 65 64 2197
f 32 1506 33
f 33 1506 2691
f 4383 1719 302
f 530 3995 528
f 3295 3744 3293
f 3744 3295 4248
f 1789 2625 2624
f 2625 1789 3986
f 2887 3820 4098
f 3820 704 4098
f 4424 1563 3106
f 1563 1573 3106
f 3345 4400 4272
f 4400 3345 1794
f 2539 2755 1063
f 2755 3722 1063
f 2537 1739 626
f 626 1738 627
f 407 3615 292
f 3615 3614 292
f 1602 3527 1603
f 1602 4223 3527
f 3127 4318 1519
f 4318 1942 1519
f 2693 3787 3976
f 2471 61 1602
f 4223 2271 2770
f 61 2271 1602
f 2249 3054 3178
f 3054 2294 3178
f 1357 4043 4129
f 4043 1195 4129
f 3409 1169 3083
f 1169 1168 3083
f 348 3501 1480
f 3501 1365 1480
f 2739 3326 2740
f 3326 4295 2740
f 3118 3119 3915
f 2928 3119 3525
f 4007 3956 3740
f 28 3956 29
f 3415 4279 2423
f 4293 4279 1279
f 3415 3323 747
f 28 3323 2258
f 1608 1619 2056
f 1619 1608 1617
f 2167 1178 2166
f 1178 2167 3051
f 2217 4286 2218
f 4286 4126 2218
f 3918 4091 1448
f 4091 1171 1448
f 543 3385 2916
f 543 1987 542
f 4301 3450 445
f 3450 3385 445
f 3248 1783 3116
f 4033 4032 1784
f 2432 2689 2431
f 2689 2762 2431
f 3652 923 1980
f 923 922 1980
f 3548 2007 2031
f 2007 3548 3516
