v 0.276906 0.183921 -0.074148
v 0.274277 0.173993 -0.072236
v 0.263757 0.181865 -0.072908
v 0.256570 0.235698 -0.063020
v 0.266829 0.236197 -0.062772
v 0.262574 0.227304 -0.068206
v -0.168432 0.160944 -0.080162
v -0.174362 0.164744 -0.075633
v -0.164120 0.166585 -0.085900
v -0.060038 0.041134 -0.109652
v -0.068920 0.029610 -0.102734
v -0.070445 0.047610 -0.108118
v 0.065860 0.120082 0.132622
v 0.055812 0.109114 0.138745
v 0.067411 0.104502 0.142402
v -0.071381 0.057265 -0.110756
v -0.081689 0.063852 -0.108848
v -0.072671 0.075595 -0.115089
v -0.037361 -0.009682 -0.100415
v -0.032777 -0.000176 -0.103717
v -0.027317 -0.009552 -0.101445
v -0.017309 0.227983 -0.104973
v -0.025442 0.219326 -0.097261
v -0.024813 0.234098 -0.092964
v -0.313331 0.143553 0.005909
v -0.309143 0.132439 0.002318
v -0.303375 0.144678 0.008130
v -0.034784 -0.061747 -0.079675
v -0.035527 -0.049516 -0.086203
v -0.025523 -0.055837 -0.081434
v 0.145329 -0.035921 0.091336
v 0.139254 -0.032690 0.104683
v 0.143259 -0.046450 0.098066
v 0.292741 0.248863 -0.043847
v 0.280780 0.251020 -0.043533
v 0.293889 0.252594 -0.032840
v 0.086113 -0.182055 0.143769
v 0.074104 -0.182115 0.151060
v 0.083584 -0.192281 0.145212
v 0.171456 0.078913 0.047912
v 0.164097 0.074463 0.064487
v 0.163524 0.065575 0.047069
v 0.102083 0.242484 -0.094819
v 0.097529 0.252988 -0.091467
v 0.105433 0.251030 -0.089570
v 0.044613 0.238795 0.047724
v 0.036394 0.245727 0.044144
v 0.033748 0.233370 0.055118
v -0.074458 -0.031755 -0.086154
v -0.084389 -0.031175 -0.082828
v -0.085496 -0.017529 -0.086623
v -0.209215 0.224676 -0.075814
v -0.213688 0.237595 -0.070103
v -0.196894 0.235251 -0.071546
v 0.020650 0.163688 -0.115589
v 0.021976 0.148877 -0.118836
v 0.012201 0.159013 -0.124945
v -0.156744 0.248061 -0.055986
v -0.153583 0.254254 -0.049912
v -0.140212 0.248985 -0.061650
v -0.096928 0.031817 -0.090915
v -0.106217 0.030132 -0.086538
v -0.106516 0.041700 -0.089054
v -0.018761 0.152951 -0.119977
v -0.023099 0.143342 -0.118209
v -0.027703 0.156371 -0.112809
v 0.153713 -0.029872 0.017745
v 0.146071 -0.040098 0.016512
v 0.156075 -0.042998 0.005561
v 0.054669 0.289143 -0.051408
v 0.061722 0.280385 -0.058917
v 0.047171 0.287772 -0.061234
v -0.145191 0.276489 -0.001188
v -0.148270 0.280410 0.008844
v -0.134579 0.285341 -0.002793
v 0.213313 0.139859 -0.037392
v 0.202106 0.134034 -0.031601
v 0.198071 0.143210 -0.048521
v 0.080975 -0.227221 0.141713
v 0.087999 -0.218363 0.138967
v 0.075228 -0.218505 0.145704
v 0.117372 0.103392 -0.098522
v 0.113204 0.113734 -0.102536
v 0.122532 0.113211 -0.097893
v -0.146701 -0.008590 0.047946
v -0.145735 -0.005424 0.063777
v -0.146406 0.001098 0.054618
v -0.143996 0.265846 0.027675
v -0.134271 0.264958 0.030902
v -0.140294 0.274299 0.022426
v 0.109914 0.083470 0.138329
v 0.100234 0.097239 0.139324
v 0.100377 0.081787 0.143331
v -0.076026 0.270953 -0.005391
v -0.072775 0.280858 -0.018506
v -0.075599 0.281654 -0.016057
v -0.173010 -0.169998 0.041461
v -0.166961 -0.161576 0.051776
v -0.171712 -0.162034 0.037034
v 0.142005 -0.056801 0.002455
v 0.146952 -0.064322 -0.009707
v 0.158718 -0.049759 -0.003816
v -0.177858 -0.178467 0.030585
v 0.175316 0.275334 -0.032602
v 0.167238 0.274496 -0.026982
v 0.175430 0.278137 -0.019067
v -0.161176 0.261082 0.020244
v -0.163895 0.249236 0.033389
v -0.147446 0.255081 0.024927
v -0.185788 0.080974 -0.004596
v -0.187228 0.093312 -0.007110
v -0.186420 0.081015 -0.014745
v 0.014760 0.254229 -0.087925
v 0.006471 0.260528 -0.098207
v 0.011894 0.267471 -0.084755
v 0.092514 0.262747 -0.086798
v 0.103961 0.269818 -0.080666
v 0.108774 0.259493 -0.084201
v 0.101085 0.220225 0.051556
v 0.110509 0.222812 0.062316
v 0.109741 0.232092 0.046402
v -0.111863 0.255479 0.014711
v -0.116537 0.263564 0.001234
v -0.125403 0.264690 0.014035
v 0.129887 -0.020444 0.116114
v 0.130078 -0.002761 0.117646
v 0.122091 -0.018327 0.122580
v 0.136903 -0.093908 -0.034040
v 0.144703 -0.088674 -0.037617
v 0.146094 -0.082354 -0.027664
v 0.217206 0.165731 0.041806
v 0.200996 0.167911 0.044904
v 0.203947 0.157231 0.040033
v 0.326254 0.121476 -0.005503
v 0.330356 0.129103 0.000182
v 0.320004 0.126562 -0.001095
v 0.004536 -0.210454 0.167082
v -0.011177 -0.201659 0.166708
v -0.010500 -0.219229 0.163511
v -0.071864 0.270690 -0.000216
v -0.073331 0.274009 -0.006796
v -0.076247 0.268780 -0.002442
v 0.146144 0.231970 0.043654
v 0.150907 0.236696 0.041432
v 0.135487 0.237017 0.047313
v 0.358574 0.243103 -0.049817
v 0.356715 0.232125 -0.060412
v 0.353775 0.239257 -0.054027
v -0.139735 0.231983 -0.076429
v -0.136732 0.235022 -0.083192
v -0.137508 0.223753 -0.082225
v -0.010479 0.174549 -0.126277
v -0.010356 0.164110 -0.127567
v -0.018582 0.160528 -0.118933
v -0.225765 0.158997 -0.066934
v -0.224941 0.151172 -0.058740
v -0.235945 0.150839 -0.057473
v -0.176935 0.179097 0.045219
v -0.179615 0.169041 0.042991
v -0.165983 0.178163 0.049986
v -0.019631 0.102053 -0.128361
v -0.008731 0.094920 -0.130213
v -0.019879 0.084751 -0.127552
v 0.034617 -0.083261 -0.109664
v 0.044594 -0.076323 -0.106500
v 0.042891 -0.089429 -0.108707
v 0.055047 0.156888 -0.114572
v 0.043465 0.160408 -0.111665
v 0.054097 0.172830 -0.111158
v -0.182047 -0.208189 -0.005676
v -0.180581 -0.212603 -0.015399
v -0.184175 -0.224276 -0.005408
v -0.055853 -0.028027 -0.092033
v -0.046934 -0.019122 -0.096189
v -0.046117 -0.032611 -0.092445
v -0.151599 0.052686 0.066420
v -0.148804 0.058674 0.075434
v -0.151029 0.067605 0.073935
v -0.182358 0.032626 -0.015913
v -0.182929 0.044761 -0.017979
v -0.177830 0.033381 -0.025121
v -0.037329 -0.004047 0.151092
v -0.046896 -0.009595 0.150293
v -0.036826 -0.022481 0.152073
v 0.112665 -0.068372 0.120318
v 0.118903 -0.073409 0.114136
v 0.114920 -0.056344 0.120580
v -0.160441 0.018122 0.029555
v -0.166495 0.025455 0.021122
v -0.165257 0.009640 0.015352
v -0.101219 0.272043 -0.044354
v -0.103387 0.265334 -0.056099
v -0.115090 0.268463 -0.041601
v -0.203260 0.133851 0.015760
v -0.189009 0.124382 0.012410
v -0.187203 0.133676 0.024327
v 0.207325 0.145314 0.030227
v 0.190179 0.149509 0.038495
v 0.192374 0.135183 0.027834
v -0.104992 0.268470 -0.009659
v -0.120419 0.271288 -0.013919
v 0.265182 0.215996 0.026207
v 0.262512 0.204594 0.036070
v 0.276342 0.210557 0.032275
v -0.088015 -0.212199 0.137352
v -0.074468 -0.203300 0.147443
v -0.089359 -0.194886 0.139007
v -0.231646 0.217222 -0.076899
v -0.218149 0.214118 -0.078307
v -0.231161 0.200314 -0.079327
v -0.000458 0.202520 0.089781
v -0.003369 0.219856 0.081970
v -0.013396 0.209560 0.087096
v 0.213436 0.233701 0.039462
v 0.223092 0.225517 0.030987
v 0.220512 0.239723 0.033864
v 0.066584 -0.071138 0.150939
v 0.057415 -0.074892 0.153906
v 0.065906 -0.081705 0.151016
v -0.243666 0.132043 -0.018650
v -0.240022 0.136395 -0.027491
v -0.230502 0.131271 -0.017640
v -0.340482 0.247822 -0.038662
v -0.346616 0.242280 -0.050616
v -0.355725 0.247534 -0.041111
v -0.306926 0.212291 0.018950
v -0.292164 0.212513 0.022113
v -0.302291 0.227177 0.013079
v 0.284203 0.144060 -0.034547
v 0.297328 0.144217 -0.033620
v 0.286805 0.138821 -0.026045
v -0.006448 0.236441 0.072638
v -0.000998 0.236197 0.072099
v -0.006255 0.244969 0.067572
v -0.317319 0.225017 0.011726
v -0.324415 0.209861 0.016639
v -0.110701 0.273404 -0.018783
v -0.115940 0.276264 -0.027768
v 0.308458 0.146172 0.009935
v 0.298589 0.147026 0.012616
v 0.301401 0.138406 0.007743
v 0.151800 -0.076263 0.040332
v 0.145301 -0.079674 0.026844
v 0.143131 -0.064412 0.036965
v 0.169472 -0.137596 0.002945
v 0.162710 -0.135652 -0.009539
v 0.161205 -0.123085 0.003909
v -0.097696 0.282330 -0.056464
v -0.090845 0.280607 -0.064178
v -0.099272 0.273620 -0.071940
v 0.082482 -0.151216 0.144113
v 0.079742 -0.161526 0.147237
v 0.091947 -0.161418 0.138813
v -0.218122 0.262853 -0.030752
v -0.209002 0.261061 -0.038274
v -0.217655 0.255892 -0.050104
v 0.074725 0.002538 -0.093911
v 0.084587 0.003560 -0.091711
v 0.078817 -0.006616 -0.084360
v -0.067046 0.284945 -0.023128
v -0.057283 0.291017 -0.039381
v -0.071111 0.283609 -0.026918
v 0.091698 -0.057980 0.138968
v 0.098539 -0.070468 0.133088
v 0.099131 -0.053287 0.133703
v 0.111578 -0.078076 0.120020
v 0.117063 -0.084219 0.113705
v -0.152494 -0.022114 -0.044650
v -0.153420 -0.034015 -0.044549
v -0.162025 -0.023144 -0.040660
v -0.063260 -0.042703 0.147878
v -0.072746 -0.039162 0.145200
v -0.070709 -0.051695 0.145851
v 0.018913 0.275332 -0.075800
v 0.012958 0.284054 -0.084397
v -0.063026 0.291877 -0.041078
v 0.101789 0.192066 0.089807
v 0.108556 0.200217 0.083683
v 0.092442 0.197320 0.078896
v -0.337690 0.207252 0.015376
v -0.330087 0.193358 0.015270
v -0.058106 -0.165055 0.156578
v -0.046435 -0.156110 0.160590
v -0.062468 -0.154747 0.153670
v -0.301354 0.170623 -0.070475
v -0.303910 0.163324 -0.064149
v -0.318083 0.166881 -0.068043
v 0.088248 -0.061212 -0.093625
v 0.074911 -0.064431 -0.099009
v 0.077333 -0.048466 -0.090408
v 0.118319 0.132445 -0.102227
v 0.108738 0.141941 -0.106551
v 0.117564 0.148461 -0.103139
v 0.314093 0.134449 0.003059
v 0.309695 0.125038 -0.003637
v 0.181189 0.232229 -0.077484
v 0.177950 0.222584 -0.068105
v 0.180843 0.215877 -0.083984
v -0.010957 0.136607 0.119946
v -0.011302 0.147711 0.115793
v -0.022080 0.138343 0.117658
v 0.118191 -0.148390 0.115645
v 0.115550 -0.161003 0.120484
v 0.128281 -0.154134 0.107199
v 0.193971 0.126516 0.015655
v 0.208517 0.135346 0.019306
v -0.017859 0.019352 -0.110485
v -0.029149 0.033656 -0.113479
v -0.018744 0.036393 -0.114886
v -0.290138 0.250736 -0.024874
v -0.289702 0.249784 -0.037525
v -0.297602 0.250049 -0.024649
v 0.073106 0.018629 0.149242
v 0.083085 0.013406 0.146549
v 0.079297 0.028408 0.148627
v 0.013825 -0.123451 -0.122392
v 0.022242 -0.131237 -0.122092
v 0.004613 -0.131779 -0.124321
v 0.273704 0.139365 -0.026288
v 0.271110 0.134150 -0.017610
v -0.171949 -0.151941 -0.020722
v -0.170953 -0.167251 -0.024915
v -0.173849 -0.166228 -0.013509
v 0.106296 -0.226740 0.127465
v 0.118959 -0.226420 0.120156
v 0.107038 -0.213715 0.128716
v 0.021024 -0.153366 -0.113734
v 0.029974 -0.148863 -0.117286
v 0.028936 -0.161015 -0.104723
v 0.153630 0.286292 -0.014978
v 0.150225 0.277436 -0.006417
v 0.150100 0.276939 -0.020160
v 0.114179 -0.046498 0.122955
v 0.106500 -0.048613 0.128315
v -0.284483 0.133036 -0.029532
v -0.273901 0.128315 -0.021566
v -0.286874 0.125782 -0.022645
v 0.036564 -0.073771 -0.100483
v 0.027089 -0.078439 -0.100089
v 0.030472 -0.071732 -0.088994
v -0.138336 -0.009143 -0.049477
v -0.140761 -0.021036 -0.049366
v -0.148462 -0.010301 -0.043939
v 0.046447 0.236156 -0.095385
v 0.037991 0.243955 -0.089871
v 0.053498 0.244916 -0.094927
v -0.091506 0.166410 -0.114118
v -0.084573 0.174068 -0.113159
v -0.084769 0.158663 -0.115650
v 0.037836 -0.156488 -0.108200
v 0.043471 -0.159618 -0.103523
v -0.060592 0.232528 -0.099298
v -0.049179 0.223159 -0.099788
v -0.060915 0.217652 -0.104324
v -0.336765 0.235388 -0.059340
v -0.349881 0.235826 -0.058546
v -0.011086 0.243380 -0.112912
v -0.014346 0.249646 -0.103671
v -0.007321 0.262751 -0.109780
v 0.254754 0.195254 -0.074101
v 0.258971 0.211866 -0.074386
v 0.266986 0.194342 -0.073466
v 0.271281 0.257460 -0.020226
v 0.282813 0.256160 -0.026110
v 0.270459 0.257639 -0.032547
v -0.093390 -0.094026 -0.080241
v -0.081797 -0.094237 -0.075728
v -0.094481 -0.098763 -0.090069
v -0.076302 0.235265 0.038087
v -0.064302 0.240730 0.037085
v -0.078476 0.241705 0.030296
v 0.118161 0.233561 0.058711
v 0.123092 0.220900 0.067730
v -0.280259 0.153514 0.015015
v -0.267435 0.160630 0.021281
v -0.285016 0.165898 0.018905
v 0.148386 0.229800 -0.072834
v 0.146941 0.245959 -0.062137
v 0.153459 0.240023 -0.075809
v -0.272345 0.172865 0.025563
v -0.167688 0.218905 -0.089603
v -0.163751 0.230862 -0.087009
v -0.165540 0.224877 -0.073095
v 0.159357 0.050548 0.046820
v 0.157909 0.034948 0.047142
v 0.163684 0.040036 0.030888
v 0.186036 0.136096 0.037405
v 0.186617 0.124916 0.025976
v 0.307992 0.165938 -0.063696
v 0.305511 0.173312 -0.069920
v 0.318019 0.168054 -0.063024
v 0.151117 -0.000193 -0.028406
v 0.143789 -0.011968 -0.033216
v 0.148629 -0.001187 -0.044731
v 0.114926 -0.058593 -0.047900
v 0.127914 -0.061711 -0.040251
v 0.115268 -0.071566 -0.048083
v 0.083802 0.278301 -0.016141
v 0.091973 0.277014 -0.026254
v 0.089058 0.282200 -0.033116
v -0.209925 0.134508 -0.033695
v -0.202192 0.136406 -0.041144
v -0.198598 0.128868 -0.027886
v -0.136138 -0.232640 -0.089085
v -0.128750 -0.224465 -0.092414
v -0.123331 -0.232797 -0.099339
v 0.108663 0.124218 -0.105717
v 0.118148 0.123635 -0.101447
v -0.057338 0.085272 0.149819
v -0.045154 0.073630 0.151281
v -0.040072 0.080468 0.150626
v -0.323404 0.249526 -0.025364
v -0.333972 0.248607 -0.027286
v -0.320092 0.245693 -0.012430
v 0.045177 0.122789 -0.121716
v 0.056238 0.132368 -0.120278
v 0.057720 0.115109 -0.122361
v -0.119649 0.182157 -0.110298
v -0.127782 0.191415 -0.107464
v -0.110354 0.193849 -0.109708
v 0.137590 0.104240 -0.085594
v 0.135542 0.114032 -0.090560
v 0.147949 0.115106 -0.082253
v -0.181110 0.110384 -0.038906
v -0.175339 0.105703 -0.046878
v -0.173635 0.099326 -0.045255
v -0.020508 -0.176268 0.167376
v -0.012109 -0.192869 0.167309
v -0.004170 -0.175913 0.168865
v -0.226854 0.134408 -0.026884
v -0.215089 0.130655 -0.020157
v -0.096837 -0.216942 -0.105684
v -0.083883 -0.208506 -0.107844
v -0.084187 -0.225829 -0.112575
v 0.017509 0.291748 -0.073976
v 0.030090 0.278371 -0.069027
v 0.064643 0.291726 -0.040346
v 0.051963 0.296868 -0.039338
v 0.064295 0.291018 -0.027452
v 0.163237 -0.102691 0.056120
v 0.159564 -0.098748 0.065311
v 0.159326 -0.111321 0.062199
v 0.040634 0.199832 0.073072
v 0.051896 0.194965 0.074960
v 0.051762 0.206211 0.067219
v -0.176451 0.120324 -0.058466
v -0.175548 0.131836 -0.062818
v -0.169253 0.118584 -0.066555
v 0.093747 0.241719 0.031224
v 0.079608 0.244274 0.033599
v 0.091045 0.233581 0.039378
v 0.164239 -0.219731 -0.051873
v 0.161721 -0.208017 -0.051477
v 0.172754 -0.212769 -0.035410
v -0.185745 0.068779 -0.012321
v -0.183120 0.069046 -0.022209
v -0.183075 0.056907 -0.020069
v -0.120206 0.120226 -0.105001
v -0.128746 0.115564 -0.098729
v -0.128642 0.127546 -0.100986
v 0.322767 0.117279 -0.014176
v 0.314104 0.119362 -0.015100
v 0.217793 0.210749 -0.075546
v 0.230681 0.212315 -0.074800
v 0.229858 0.196127 -0.076325
v 0.047595 0.088685 -0.122573
v 0.036545 0.079842 -0.123120
v 0.036201 0.096748 -0.126383
v -0.154867 0.082436 0.073092
v -0.149711 0.079305 0.083671
v -0.151167 0.094374 0.081240
v 0.308372 0.250318 -0.039499
v 0.308866 0.251267 -0.033454
v -0.180109 0.088692 0.012171
v -0.185000 0.093191 0.002808
v -0.182543 0.080961 0.005094
v -0.215934 0.145966 -0.053051
v -0.220180 0.142040 -0.046511
v -0.277215 0.144923 -0.039378
v -0.290467 0.146470 -0.043270
v -0.274719 0.148101 -0.043362
v 0.011557 -0.209458 -0.112165
v 0.012061 -0.199337 -0.108262
v 0.028710 -0.200665 -0.108011
v -0.096015 -0.108309 -0.097844
v -0.106311 -0.099479 -0.089105
v -0.182279 0.195905 -0.078405
v -0.177133 0.189926 -0.088145
v -0.186007 0.178484 -0.077403
v 0.050787 -0.051491 -0.078975
v 0.042195 -0.056911 -0.079281
v 0.042380 -0.043257 -0.077666
v 0.129954 -0.073563 0.104662
v -0.054265 0.267809 0.019742
v -0.048887 0.270791 0.024415
v -0.056895 0.278278 0.010511
v 0.250671 0.243893 -0.057246
v 0.241302 0.239082 -0.063578
v 0.289104 0.234436 -0.061443
v 0.303692 0.230804 -0.063597
v 0.286873 0.224735 -0.067803
v 0.125117 -0.170986 0.113839
v 0.122159 -0.181327 0.118087
v 0.135050 -0.177579 0.105994
v -0.011779 0.251459 0.060477
v -0.021647 0.238322 0.060878
v -0.053259 0.258784 -0.087667
v -0.050193 0.268243 -0.081430
v -0.037130 0.257859 -0.087149
v -0.166216 0.087326 -0.051717
v -0.169134 0.101244 -0.054679
v -0.158053 0.091861 -0.064152
v 0.060680 0.263794 -0.085974
v 0.055121 0.271885 -0.079343
v 0.066375 0.270044 -0.074341
v -0.119181 0.084270 -0.096487
v -0.110305 0.083538 -0.101557
v -0.117663 0.074266 -0.093847
v -0.080115 0.248190 0.022484
v -0.084123 0.238882 0.034554
v 0.003526 -0.178605 -0.101141
v 0.011869 -0.172351 -0.099955
v 0.012470 -0.189231 -0.104433
v -0.079176 0.174084 0.093763
v -0.068517 0.171729 0.089010
v -0.079491 0.186431 0.082280
v -0.149242 0.272001 0.016630
v -0.183346 0.091652 -0.026031
v -0.178659 0.097253 -0.036166
v -0.178326 0.083339 -0.033579
v -0.115697 0.040090 -0.084414
v -0.115638 0.028435 -0.082426
v -0.125202 0.040255 -0.079884
v -0.332324 0.146704 0.003323
v -0.328786 0.137213 0.000468
v 0.009175 0.172066 0.097692
v 0.009362 0.162404 0.102512
v 0.019260 0.174646 0.091577
v 0.040928 -0.003203 0.152702
v 0.031222 -0.007111 0.153267
v 0.031191 -0.016293 0.153900
v 0.029438 0.193207 0.078617
v 0.026599 0.202979 0.072618
v 0.315459 0.231700 0.014176
v 0.324050 0.240045 0.005571
v 0.304850 0.238114 0.009380
v 0.142080 -0.009363 0.053291
v 0.145288 -0.015600 0.042573
v 0.147532 -0.003256 0.046709
v -0.304548 0.248519 -0.037672
v -0.311079 0.244034 -0.048965
v -0.319606 0.248057 -0.038087
v 0.186075 0.075555 -0.005597
v 0.184782 0.064672 -0.003288
v 0.181764 0.065256 -0.020594
v -0.070716 -0.234625 -0.118443
v -0.053430 -0.226752 -0.117199
v -0.054146 -0.235445 -0.119605
v 0.170329 -0.020712 0.007727
v 0.168412 -0.033077 0.001026
v 0.175245 -0.019907 -0.006300
v 0.191605 0.116424 0.020906
v 0.186288 0.110712 0.032802
v -0.016789 0.292545 -0.078680
v -0.015249 0.283352 -0.082122
v -0.027276 0.290981 -0.067955
v 0.099339 -0.066122 -0.070108
v 0.100443 -0.056996 -0.086475
v 0.106433 -0.057841 -0.071383
v -0.334402 0.166519 -0.064046
v -0.342014 0.175807 -0.069729
v -0.324440 0.177121 -0.071741
v -0.000519 0.176519 0.101168
v -0.000502 0.163591 0.106765
v 0.158887 -0.031263 0.012443
v -0.121809 -0.042558 -0.057695
v -0.108733 -0.037157 -0.069744
v -0.106577 -0.051857 -0.061972
v -0.055471 -0.166560 -0.104356
v -0.064182 -0.162531 -0.108577
v -0.056150 -0.153890 -0.116466
v 0.029753 -0.235423 -0.118624
v 0.012830 -0.235990 -0.119250
v 0.012384 -0.227312 -0.116836
v 0.139594 -0.069759 -0.003060
v 0.140055 -0.062705 0.003000
v 0.084289 0.045675 -0.096950
v 0.094320 0.044049 -0.091399
v 0.084243 0.034892 -0.095800
v -0.122227 -0.004669 -0.067130
v -0.124204 0.004943 -0.071322
v -0.114974 -0.001124 -0.076775
v -0.122545 -0.124746 -0.052722
v -0.121380 -0.116725 -0.059317
v -0.118858 -0.130374 -0.058714
v -0.287174 0.205694 -0.077158
v -0.277143 0.206538 -0.077197
v -0.275655 0.190576 -0.077618
v -0.107271 0.053024 -0.092489
v -0.097607 0.043197 -0.094207
v -0.026501 -0.099483 -0.089840
v -0.036689 -0.103558 -0.093673
v -0.035077 -0.098132 -0.083900
v 0.126429 0.243141 0.053283
v 0.116823 0.238834 0.051030
v 0.174171 0.041339 0.015728
v 0.180100 0.030139 0.006951
v 0.179324 0.044978 0.008154
v -0.299183 0.133597 0.004562
v -0.293372 0.145806 0.010243
v 0.109843 -0.181664 0.127222
v 0.102825 -0.186904 0.132641
v 0.118318 -0.191639 0.121152
v 0.053709 -0.211970 0.155895
v 0.055133 -0.196815 0.158858
v 0.038216 -0.201186 0.163554
v 0.065425 0.261303 0.020170
v 0.055630 0.266162 0.022578
v 0.058330 0.255868 0.027625
v 0.021020 -0.103628 0.161309
v 0.012177 -0.114181 0.162824
v 0.021244 -0.120886 0.162795
v 0.128288 0.160106 0.083167
v 0.132711 0.149885 0.086272
v 0.139617 0.158039 0.077955
v -0.040193 -0.108157 0.156374
v -0.032955 -0.115179 0.158606
v -0.030239 -0.095852 0.157957
v 0.077790 0.067933 0.153032
v 0.066601 0.072254 0.151723
v 0.071325 0.058000 0.152085
v -0.302587 0.171178 0.016513
v -0.291970 0.185661 0.023095
v -0.306743 0.183511 0.018712
v 0.144017 -0.190526 0.099650
v 0.147122 -0.173675 0.092972
v -0.132875 0.011281 -0.065330
v -0.134112 0.021180 -0.069169
v 0.152219 0.284185 -0.030504
v 0.144761 0.288372 -0.024145
v -0.148066 -0.070192 0.006772
v -0.150396 -0.078128 0.013806
v -0.155391 -0.069874 0.025126
v -0.211515 0.222647 0.039045
v -0.212268 0.207710 0.039131
v -0.201032 0.209506 0.045346
v 0.150888 -0.110222 0.006843
v 0.146041 -0.107908 -0.006403
v 0.145317 -0.094763 0.006931
v -0.118107 -0.164385 -0.091061
v -0.107282 -0.163483 -0.097556
v -0.105062 -0.173093 -0.089787
v -0.072843 0.195699 -0.108508
v -0.061473 0.187284 -0.112275
v -0.078727 0.181085 -0.111859
v -0.154408 -0.096574 0.064870
v -0.160268 -0.088775 0.061998
v -0.164811 -0.097557 0.053120
v 0.021593 -0.192433 0.167374
v 0.012652 -0.175692 0.169065
v 0.004234 -0.192647 0.169383
v 0.068450 -0.047377 -0.084346
v 0.075120 -0.033772 -0.077312
v -0.022515 0.124350 0.129604
v -0.033759 0.126143 0.127314
v -0.034162 0.119149 0.133254
v 0.306174 0.241902 -0.054145
v -0.221262 0.128452 -0.006774
v -0.204317 0.127594 0.001902
v -0.220880 0.131651 0.007947
v -0.062388 0.286947 -0.015296
v -0.054047 0.295225 -0.031941
v 0.029848 -0.093063 0.159773
v 0.020825 -0.086326 0.159938
v 0.168590 -0.206327 0.073909
v 0.175536 -0.214976 0.060157
v 0.173179 -0.197813 0.060238
v -0.154637 -0.112920 0.055335
v -0.165082 -0.114202 0.044033
v 0.271042 0.211095 -0.072881
v 0.062513 0.192408 0.080197
v 0.062483 0.203795 0.072572
v 0.317447 0.171390 0.016156
v 0.316444 0.184568 0.018562
v 0.307532 0.172660 0.018284
v -0.124403 0.185926 0.073861
v -0.133765 0.176616 0.071810
v -0.121512 0.177520 0.079916
v 0.289928 0.173482 -0.071650
v -0.140239 -0.110886 -0.035796
v -0.140609 -0.114328 -0.026315
v -0.147581 -0.106807 -0.030389
v -0.146169 -0.110743 -0.020075
v 0.312538 0.235711 -0.059382
v 0.318259 0.226761 -0.065435
v 0.060068 0.249079 0.040116
v 0.052307 0.242465 0.042546
v 0.061673 0.238541 0.051425
v -0.031141 0.074919 -0.124288
v -0.030821 0.092022 -0.126177
v 0.051678 0.280882 -0.070515
v 0.061758 0.277600 -0.066300
v 0.224862 0.220915 -0.070327
v -0.016805 -0.069528 0.157256
v -0.005031 -0.073154 0.158266
v -0.010987 -0.060729 0.156836
v -0.190521 0.210177 -0.076607
v -0.176051 0.210034 -0.077891
v -0.182477 0.100750 0.009694
v 0.237772 0.189346 0.039980
v 0.246159 0.182763 0.039788
v 0.250289 0.196958 0.038950
v -0.020393 -0.142332 0.164813
v -0.037195 -0.140873 0.161150
v -0.029779 -0.157578 0.165292
v -0.350452 0.214862 -0.071965
v -0.352883 0.228134 -0.065236
v -0.342692 0.219607 -0.070402
v 0.095020 0.288559 -0.060381
v 0.090196 0.287642 -0.043486
v 0.104517 0.278953 -0.050032
v 0.129777 -0.139192 0.101265
v 0.139127 -0.152241 0.095553
v 0.040766 0.188311 0.080743
v -0.003563 0.129706 -0.132424
v 0.001896 0.138313 -0.132880
v 0.002046 0.122855 -0.133308
v 0.276142 0.150644 0.018488
v 0.266679 0.146921 0.018757
v 0.278991 0.144697 0.015276
v -0.156733 0.206157 -0.083092
v -0.165034 0.194969 -0.082532
v -0.168880 0.207749 -0.079342
v -0.126376 0.248142 0.035341
v -0.123667 0.234969 0.047205
v -0.109980 0.243085 0.036301
v 0.090705 -0.147464 -0.098062
v 0.095792 -0.152825 -0.089874
v 0.088467 -0.156830 -0.089619
v -0.151892 0.205690 0.048826
v -0.156625 0.215845 0.044176
v -0.167648 0.209280 0.044444
v 0.179908 -0.206193 0.046357
v 0.156144 0.218981 -0.074743
v 0.163809 0.207132 -0.075337
v 0.152653 0.216072 -0.077322
v -0.016004 -0.056045 -0.080044
v -0.016121 -0.044162 -0.086475
v -0.006430 -0.047290 -0.083057
v 0.129742 0.245241 -0.071442
v 0.118431 0.258769 -0.067711
v 0.135267 0.253439 -0.060699
v 0.138060 0.125193 -0.091945
v 0.127222 0.138982 -0.098915
v 0.142629 0.136024 -0.091131
v 0.119364 -0.209033 0.121500
v -0.279543 0.123048 -0.013173
v 0.030987 -0.044624 0.156188
v 0.040819 -0.040071 0.155262
v 0.031216 -0.034717 0.155337
v 0.237854 0.146169 -0.043505
v 0.246408 0.150527 -0.050429
v 0.241237 0.142613 -0.034243
v -0.121134 0.256368 0.019749
v -0.123399 0.252673 0.026738
v -0.105685 0.250411 0.022423
v -0.110230 -0.224854 -0.103449
v -0.108152 -0.208472 -0.098259
v -0.083924 0.128864 -0.118264
v -0.094102 0.126312 -0.115812
v -0.094242 0.137651 -0.116242
v 0.111784 0.267636 -0.078307
v 0.115691 0.250694 -0.073682
v 0.166787 0.094842 -0.054300
v 0.169125 0.104723 -0.053419
v 0.175277 0.092106 -0.049035
v 0.102819 -0.171588 -0.086844
v 0.088716 -0.168878 -0.089637
v 0.101338 -0.159655 -0.083276
v 0.055671 -0.116927 -0.095291
v 0.051647 -0.124474 -0.105179
v 0.041570 -0.113525 -0.100802
v -0.164466 -0.163654 -0.037749
v -0.155820 -0.160347 -0.049439
v -0.158972 -0.176332 -0.050277
v 0.139847 0.268685 0.034032
v 0.153417 0.270504 0.030474
v 0.138918 0.274437 0.024911
v -0.158553 0.168345 0.057284
v -0.172661 0.159523 0.047192
v 0.132843 -0.225847 0.109910
v 0.139078 -0.216894 0.104962
v 0.132408 -0.217235 0.110429
v -0.178059 -0.174286 0.003202
v -0.176555 -0.168595 0.012625
v -0.175383 -0.165299 -0.001802
v 0.257503 0.182126 -0.073277
v 0.137497 0.140244 0.090310
v 0.141176 0.131518 0.092547
v 0.152960 0.139452 0.078850
v -0.083875 0.218443 -0.098608
v -0.092623 0.213963 -0.100172
v -0.094229 0.222817 -0.096545
v -0.195076 0.136608 -0.051535
v -0.189691 0.124278 -0.041618
v 0.105949 -0.151014 0.126750
v 0.110029 -0.134047 0.120780
v 0.154457 0.260316 0.031968
v 0.154245 0.250353 0.033883
v 0.147371 0.264147 0.020950
v -0.160657 -0.228755 0.083041
v -0.150724 -0.229106 0.093470
v -0.150554 -0.220470 0.093194
v 0.003755 -0.158751 0.168254
v 0.012492 -0.167243 0.169078
v 0.017396 -0.156759 0.168180
v 0.100829 0.277313 -0.037119
v 0.040281 -0.050676 0.156045
v 0.030451 -0.055221 0.157106
v -0.059103 0.248938 0.028935
v -0.069475 0.248741 0.026218
v 0.013138 0.125089 -0.129663
v 0.013300 0.113894 -0.131202
v 0.063318 0.169167 0.095328
v 0.052776 0.161327 0.101190
v 0.063853 0.157550 0.104786
v 0.324344 0.137280 0.003483
v 0.064116 0.144935 0.114447
v 0.053110 0.149006 0.110690
v 0.053728 0.137064 0.119854
v 0.174676 -0.208423 -0.029095
v 0.178016 -0.215973 -0.022295
v 0.173452 -0.224744 -0.034644
v 0.137913 0.280917 0.011814
v 0.129373 0.270844 0.020929
v -0.180170 0.068870 0.007254
v -0.175194 0.062775 0.016320
v -0.177739 0.076678 0.014449
v 0.157230 0.201551 -0.079193
v 0.029665 -0.075729 0.158676
v -0.153859 0.271435 -0.046599
v -0.154446 0.261475 -0.046004
v -0.155037 0.264295 -0.059626
v 0.314759 0.210864 -0.071653
v 0.322707 0.200924 -0.075316
v 0.304920 0.201889 -0.073287
v 0.015891 0.209602 -0.103220
v 0.010802 0.221729 -0.103915
v 0.021470 0.220819 -0.097633
v -0.341605 0.196029 0.014747
v -0.334815 0.179657 0.012675
v 0.213690 0.265387 -0.033412
v 0.205146 0.265709 -0.041644
v 0.205754 0.265095 -0.028082
v 0.192546 0.107944 0.013970
v -0.261583 0.244091 -0.055190
v -0.263358 0.250276 -0.045139
v -0.248616 0.247881 -0.052578
v 0.145277 0.271603 -0.026077
v 0.154636 0.267392 -0.029727
v 0.149708 0.263148 -0.040588
v 0.116443 0.053744 0.135313
v 0.117958 0.069478 0.134233
v 0.108732 0.067825 0.139539
v -0.152980 -0.085403 -0.018239
v -0.154642 -0.077549 -0.024953
v -0.154733 -0.093147 -0.030911
v 0.104757 0.042287 -0.086684
v 0.115647 0.040718 -0.082932
v 0.107128 0.026546 -0.089703
v -0.028195 0.009362 -0.106941
v -0.017739 0.004775 -0.106338
v 0.152502 0.081373 0.092328
v 0.160102 0.084842 0.080587
v 0.151311 0.096103 0.088516
v -0.307914 0.157259 0.011178
v -0.317829 0.156022 0.009038
v 0.118123 0.099996 0.127464
v 0.121332 0.107592 0.120447
v 0.107955 0.112868 0.126679
v -0.039906 0.116252 -0.119388
v -0.041279 0.099411 -0.122940
v -0.051215 0.115596 -0.120069
v 0.045347 0.098314 0.144075
v 0.034284 0.095721 0.145267
v 0.050532 0.084178 0.149022
v 0.161177 -0.190087 -0.052767
v 0.165133 -0.183474 -0.044747
v 0.165931 -0.195477 -0.044122
v 0.175412 0.142043 -0.067276
v 0.167586 0.155734 -0.072122
v 0.182910 0.150467 -0.061890
v -0.274350 0.138511 0.010105
v -0.264680 0.135450 0.008968
v -0.261305 0.146099 0.015347
v 0.231708 0.137236 -0.023884
v 0.226273 0.141438 -0.036846
v 0.024025 -0.010632 -0.097499
v 0.013490 -0.016396 -0.096419
v 0.013811 0.001928 -0.104324
v 0.122442 -0.039060 -0.071119
v 0.123115 -0.030334 -0.079755
v 0.133855 -0.024269 -0.067987
v -0.202476 0.265023 -0.019625
v -0.219781 0.262549 -0.011282
v 0.169087 -0.156951 0.044740
v 0.163935 -0.156757 0.059100
v 0.171384 -0.172946 0.053180
v 0.147481 -0.051335 -0.033429
v 0.158039 -0.065058 -0.035625
v 0.143270 -0.062610 -0.039527
v -0.182215 0.158510 0.038931
v -0.171641 0.148996 0.047829
v 0.036307 -0.099334 -0.109095
v 0.029028 -0.091040 -0.112648
v 0.183635 -0.206306 0.024838
v 0.187154 -0.222627 0.032690
v 0.185440 -0.223132 0.018023
v -0.038864 -0.162483 -0.108089
v -0.047444 -0.158258 -0.112432
v -0.039193 -0.149083 -0.119385
v 0.130379 -0.166440 -0.070846
v 0.124394 -0.172613 -0.077386
v 0.114431 -0.162846 -0.077640
v -0.153797 0.263737 0.014286
v 0.011292 0.123673 0.132524
v 0.011512 0.115571 0.136746
v 0.022048 0.125361 0.130015
v 0.152737 0.138242 -0.085373
v 0.147093 0.146866 -0.090180
v 0.162087 0.144009 -0.080004
v 0.106481 -0.063352 0.126563
v 0.073954 0.172960 0.097359
v 0.084903 0.176222 0.098402
v 0.073081 0.185028 0.090730
v 0.108546 0.028384 0.136842
v 0.098435 0.017782 0.140935
v 0.111723 0.013304 0.133427
v -0.196420 0.265536 -0.002819
v -0.203505 0.259576 0.003715
v -0.190616 0.266858 0.004776
v -0.149154 0.026097 0.060345
v -0.144535 0.016358 0.068994
v -0.142730 0.021928 0.076583
v -0.017543 -0.011458 0.152792
v -0.007960 0.003131 0.152392
v -0.017925 0.006869 0.151893
v 0.030027 -0.110358 0.160698
v 0.038961 -0.117097 0.159431
v 0.038787 -0.099816 0.158793
v -0.080224 -0.148975 -0.110490
v -0.076096 -0.136401 -0.111689
v -0.070337 -0.146617 -0.115736
v 0.096014 -0.026623 0.137792
v 0.088930 -0.020670 0.142368
v 0.088488 -0.032962 0.142065
v 0.284506 0.126306 -0.011050
v -0.062370 0.123524 -0.120121
v -0.053786 0.132496 -0.118194
v 0.012469 -0.131313 0.165217
v 0.115699 0.179873 -0.102234
v 0.121680 0.191617 -0.098553
v 0.130154 0.179132 -0.097321
v 0.184237 0.075730 -0.023057
v 0.146180 -0.045635 0.009506
v 0.112595 0.216072 0.070301
v 0.098306 0.209872 0.063084
v 0.099893 0.203458 0.071449
v 0.083680 0.208539 0.073299
v -0.152650 0.014647 0.045253
v -0.156521 0.006687 0.030530
v -0.149473 0.003066 0.046483
v 0.067270 0.141953 -0.118477
v 0.078198 0.151542 -0.116067
v 0.075924 0.135592 -0.117608
v 0.134266 -0.008893 0.111585
v 0.136903 -0.020798 0.108277
v 0.137758 -0.009466 0.101668
v -0.175653 -0.134974 0.000631
v -0.174903 -0.125355 0.003550
v -0.172976 -0.137900 -0.011114
v -0.121482 0.205470 0.066583
v -0.130153 0.211922 0.064482
v -0.130964 0.195422 0.065771
v -0.156912 0.278591 -0.025418
v -0.171606 0.268552 -0.018567
v -0.159471 0.278996 -0.013016
v -0.317387 0.113138 -0.017901
v -0.322268 0.123638 -0.029745
v -0.313751 0.127079 -0.031557
v -0.091040 -0.002849 -0.087788
v -0.095371 -0.016899 -0.083169
v -0.103427 -0.002191 -0.083162
v 0.148283 -0.021870 0.031822
v 0.147956 -0.031183 0.024358
v -0.030214 0.239177 0.048588
v -0.023406 0.253826 0.051093
v 0.008417 0.250804 0.058263
v -0.001356 0.252379 0.062193
v 0.004065 0.235240 0.070136
v 0.056119 0.085571 0.148640
v -0.120370 -0.033718 0.116105
v -0.114244 -0.042663 0.120439
v -0.110746 -0.025255 0.125234
v -0.091413 0.259915 -0.077454
v -0.083432 0.275903 -0.070025
v -0.076866 0.262287 -0.083902
v 0.047708 -0.134177 0.159043
v 0.030383 -0.127528 0.162293
v 0.039430 -0.144520 0.163358
v -0.270816 0.149720 0.015346
v -0.135595 0.086324 -0.084436
v -0.143270 0.087580 -0.077788
v -0.137077 0.097767 -0.088719
v 0.117336 -0.094477 -0.073444
v 0.122010 -0.103282 -0.079801
v 0.110102 -0.100873 -0.081251
v -0.151412 0.224040 -0.077092
v -0.167516 0.216646 -0.076655
v 0.030054 -0.065479 0.157908
v 0.020641 -0.069020 0.158531
v -0.155763 0.047081 0.054662
v -0.152305 0.039431 0.059221
v -0.136497 0.266048 -0.036872
v -0.139407 0.271726 -0.039270
v -0.136436 0.261873 -0.046485
v -0.122211 0.277735 -0.036572
v -0.129275 0.282113 -0.020072
v -0.182955 -0.203787 0.004063
v -0.181514 -0.194451 -0.006153
v -0.103333 0.139239 -0.113944
v -0.112044 0.129596 -0.110264
v -0.098150 0.273695 -0.038668
v -0.095682 0.288130 -0.039338
v 0.062741 0.183727 0.085956
v 0.072562 0.193880 0.085392
v 0.056718 -0.151153 0.158237
v 0.043965 -0.153040 0.162634
v 0.059953 -0.161518 0.158134
v -0.077518 -0.153375 0.144942
v -0.073623 -0.163657 0.148573
v 0.152594 0.272337 -0.017580
v 0.171175 0.169815 0.053187
v 0.176429 0.154623 0.051029
v 0.184280 0.170257 0.045794
v -0.115897 0.237324 0.050266
v -0.109903 0.238509 0.059445
v -0.107310 0.246397 0.047278
v 0.007935 0.234703 0.067451
v 0.179454 0.079537 -0.042630
v 0.173186 0.082151 -0.050387
v 0.157197 -0.173260 0.079811
v 0.154991 -0.190012 0.086924
v 0.022195 0.226375 0.059937
v 0.019823 0.236075 0.056006
v 0.012809 0.240502 0.060242
v -0.173304 0.131493 0.045259
v -0.170650 0.122375 0.048914
v -0.166623 0.129864 0.055658
v 0.294905 0.192989 -0.074173
v 0.279457 0.194037 -0.073939
v 0.294108 0.205902 -0.073685
v -0.012931 0.227163 0.076933
v 0.046204 0.054139 -0.114277
v 0.054235 0.061998 -0.114391
v 0.056342 0.051612 -0.111703
v -0.070654 -0.217884 -0.112503
v 0.180585 -0.207268 -0.009384
v 0.181246 -0.198668 0.003839
v 0.183030 -0.215024 0.004362
v 0.126557 0.199004 0.074672
v 0.118444 0.194619 0.081463
v 0.123858 0.184264 0.080182
v -0.138240 0.254443 -0.062503
v -0.136289 0.240763 -0.071028
v -0.142878 0.167275 0.069293
v -0.136140 0.153521 0.079626
v -0.126992 0.166354 0.080939
v -0.143941 0.153924 0.073506
v -0.145520 0.137627 0.079025
v -0.138850 0.258895 0.038561
v 0.127850 -0.034947 -0.043908
v 0.134028 -0.024186 -0.049805
v 0.134806 -0.023418 -0.042177
v -0.104435 -0.091407 -0.079842
v -0.116276 -0.091137 -0.079605
v -0.334435 0.215292 0.014969
v 0.294816 0.149222 -0.042286
v 0.305133 0.149363 -0.041060
v -0.280768 0.200599 0.026954
v -0.295691 0.198329 0.023313
v 0.165731 0.034448 -0.046611
v 0.170837 0.044656 -0.041044
v 0.167264 0.035727 -0.029097
v -0.106682 -0.191094 -0.094080
v -0.101830 -0.204160 -0.099667
v 0.083915 0.105641 -0.113673
v 0.073417 0.096461 -0.115834
v 0.068870 0.106960 -0.118858
v -0.266946 0.126882 -0.002550
v -0.257219 0.127129 -0.006052
v -0.254965 0.132746 0.007354
v -0.143822 0.272712 -0.011982
v -0.026345 0.257603 -0.084705
v -0.025199 0.248091 -0.088161
v -0.168319 -0.157883 -0.029327
v -0.277265 0.212564 0.024262
v -0.251844 0.247434 0.012348
v -0.243593 0.252356 -0.001373
v -0.259575 0.252317 0.002020
v -0.100119 0.178726 0.095884
v -0.100914 0.165764 0.101204
v -0.089874 0.177105 0.099113
v 0.082546 0.195927 0.082508
v -0.156101 -0.012839 0.016853
v -0.149043 -0.016204 0.032844
v -0.152539 -0.004716 0.031548
v 0.055016 0.227771 -0.099930
v 0.062302 0.236321 -0.098942
v 0.066741 0.226777 -0.102080
v 0.155472 0.187510 0.056518
v 0.165781 0.193194 0.051420
v 0.151081 0.206048 0.051704
v -0.087125 0.291386 -0.031158
v -0.077121 0.291640 -0.027594
v -0.081082 0.292864 -0.040405
v -0.120671 -0.216654 -0.094199
v -0.238456 0.129868 0.000078
v 0.135847 0.287629 -0.018117
v 0.145578 0.287631 -0.008236
v -0.206477 0.153112 0.033238
v -0.200765 0.143204 0.026639
v -0.198557 0.153875 0.035574
v -0.174146 0.189192 0.046395
v 0.003587 0.259811 0.055635
v -0.161824 -0.060260 0.050148
v -0.160930 -0.054879 0.061511
v -0.154481 -0.049539 0.045848
v 0.021630 0.061230 0.151916
v 0.011459 0.057337 0.151912
v 0.021643 0.043472 0.151840
v -0.283892 0.142106 0.010343
v -0.248059 0.175528 0.032198
v -0.252146 0.189234 0.032314
v -0.260311 0.174090 0.029295
v 0.317923 0.158044 0.012135
v 0.306235 0.157431 0.014918
v 0.003236 -0.038621 -0.086139
v -0.006437 -0.041403 -0.086363
v -0.006670 -0.026843 -0.094366
v 0.054013 0.052806 0.151891
v 0.060276 0.062519 0.151908
v 0.044075 0.066617 0.151857
v 0.124280 0.216127 0.069962
v -0.104858 -0.034299 0.129803
v 0.119341 -0.115601 -0.072905
v 0.123254 -0.119323 -0.058767
v 0.123184 -0.129414 -0.075304
v -0.084106 0.203700 -0.103616
v -0.072532 0.210740 -0.104366
v 0.181708 -0.223556 -0.008790
v 0.060185 0.276164 0.012515
v 0.066081 0.268564 0.012195
v 0.065730 0.276214 0.004709
v 0.081035 0.235914 0.044061
v 0.082377 0.227120 0.054118
v 0.088331 0.226042 0.047549
v 0.235525 0.247162 -0.057336
v 0.244159 0.249836 -0.052043
v 0.161215 0.022708 -0.040327
v 0.159243 0.026975 -0.056896
v 0.159951 0.011131 -0.021869
v 0.169077 0.008770 -0.013410
v 0.159237 -0.002198 -0.018866
v -0.077745 0.284702 -0.055767
v -0.097415 0.204192 0.084158
v -0.100477 0.213652 0.078305
v -0.106376 0.201693 0.080220
v -0.035700 -0.215311 0.159800
v -0.026195 -0.210668 0.162757
v -0.043439 -0.202554 0.160961
v 0.104679 0.283244 -0.068286
v 0.076709 -0.171814 0.149644
v 0.089231 -0.171745 0.141613
v -0.170989 0.199452 0.046545
v -0.186356 0.204669 0.049926
v 0.156440 0.010164 0.039494
v 0.146701 0.006060 0.054145
v -0.141883 0.165251 -0.097714
v -0.130116 0.163605 -0.105379
v -0.137945 0.155624 -0.096252
v 0.208268 0.245488 0.027434
v 0.200463 0.236634 0.041465
v -0.040224 0.290241 -0.054631
v -0.048812 0.287977 -0.062513
v -0.043338 0.291633 -0.050315
v -0.020377 -0.209931 -0.112356
v -0.021252 -0.199838 -0.108557
v -0.004679 -0.200794 -0.109413
v 0.132819 0.102956 -0.088834
v 0.009256 0.276185 -0.094928
v 0.008044 0.287455 -0.099606
v 0.141185 -0.028980 0.076414
v 0.139537 -0.019811 0.083841
v -0.123942 0.068640 0.124528
v -0.115088 0.082203 0.130254
v -0.124738 0.083762 0.121529
v -0.018904 0.050997 -0.118857
v -0.008592 0.061172 -0.121990
v -0.008006 0.045414 -0.117523
v -0.091072 -0.200894 -0.103179
v -0.264534 0.187508 0.030616
v -0.356505 0.247254 -0.019173
v -0.347352 0.248598 -0.028339
v 0.023924 0.261461 -0.083393
v 0.032833 0.267894 -0.077401
v 0.130909 0.228364 0.059294
v -0.113028 0.271137 -0.034739
v -0.097542 0.273842 -0.030764
v -0.099201 0.191711 0.090584
v -0.137471 -0.075333 -0.060930
v -0.144201 -0.085090 -0.062942
v -0.149020 -0.071706 -0.055584
v -0.105381 -0.123610 -0.078411
v -0.105898 -0.111495 -0.092101
v -0.098388 -0.127245 -0.087895
v -0.099558 0.064033 -0.100743
v -0.090745 0.063862 -0.105059
v -0.098522 0.054439 -0.097913
v -0.053567 -0.139435 0.155691
v -0.057825 -0.129199 0.152288
v -0.069895 -0.136157 0.147390
v -0.273443 0.223134 0.018090
v -0.259949 0.216086 0.021714
v -0.151011 -0.046579 0.002097
v -0.159125 -0.041901 -0.006375
v -0.151191 -0.058144 -0.005318
v -0.144434 -0.161554 0.089100
v -0.141890 -0.178230 0.095835
v -0.134904 -0.161736 0.098504
v -0.324185 0.222384 -0.069349
v -0.137733 0.245034 0.048827
v -0.135708 0.190833 0.064808
v -0.146918 0.184066 0.060611
v -0.127447 -0.060356 -0.048768
v -0.145179 -0.056673 -0.044858
v -0.131704 -0.043170 -0.049732
v 0.047515 -0.131833 -0.115110
v 0.039541 -0.140765 -0.119331
v 0.030912 -0.138937 -0.121542
v 0.162227 0.170890 -0.078002
v 0.168582 0.181352 -0.075610
v 0.178967 0.169472 -0.068877
v -0.172478 0.188228 -0.080246
v -0.046881 0.008585 0.149870
v -0.333260 0.243225 -0.048982
v -0.326916 0.236094 -0.058880
v -0.176308 0.109890 0.035613
v -0.181332 0.114014 0.025721
v -0.176008 0.103329 0.027098
v -0.022956 0.152634 0.113258
v 0.185304 0.088912 -0.031329
v 0.187792 0.100449 -0.029719
v 0.187735 0.086338 -0.016818
v 0.145930 0.015336 0.061666
v 0.155421 0.019502 0.046904
v 0.002003 -0.000598 0.152798
v -0.007658 -0.015191 0.153400
v -0.070627 -0.200646 -0.107046
v -0.053868 -0.209800 -0.111326
v -0.299141 0.224795 -0.069344
v -0.299152 0.233900 -0.062170
v -0.284968 0.230937 -0.065799
v 0.141182 0.164675 -0.095111
v 0.144930 0.178629 -0.093686
v 0.154843 0.174738 -0.087384
v -0.006110 -0.062791 -0.076176
v 0.003243 -0.050528 -0.079731
v 0.003606 -0.063439 -0.075716
v -0.320281 0.194785 0.017042
v -0.310625 0.196115 0.019658
v -0.134345 0.075508 -0.081201
v -0.142309 0.076260 -0.074429
v -0.037222 -0.208388 -0.111716
v -0.037750 -0.198118 -0.108191
v 0.078607 0.225465 -0.102976
v 0.082359 0.234643 -0.100118
v 0.095496 0.230987 -0.101667
v 0.313297 0.252658 -0.024209
v 0.323889 0.250694 -0.034000
v -0.136250 0.124618 -0.094258
v 0.162182 0.207405 0.050193
v 0.159937 0.216201 0.049992
v -0.206909 0.140928 -0.047264
v 0.038639 -0.082488 0.158147
v -0.072205 0.057121 0.149638
v -0.064851 0.047502 0.149518
v -0.060289 0.061701 0.152525
v 0.078216 0.216605 0.068690
v 0.072631 0.213748 0.071845
v 0.159577 -0.081657 0.060398
v 0.157214 -0.073268 0.066199
v 0.156163 -0.090480 0.072804
v 0.000885 0.088302 0.148356
v 0.017287 0.084187 0.149335
v 0.011875 0.099102 0.144189
v 0.068255 -0.040034 0.150252
v 0.077684 -0.035636 0.147141
v 0.068922 -0.029422 0.149991
v 0.299681 0.136581 -0.027066
v 0.310353 0.128003 -0.028060
v 0.301706 0.127797 -0.021951
v 0.164077 0.261052 0.022717
v 0.166755 0.256455 0.030619
v 0.170556 0.265291 0.018770
v -0.304830 0.243895 -0.004366
v -0.308792 0.246720 -0.014428
v -0.306334 0.156691 -0.057074
v -0.308640 0.150134 -0.049869
v -0.318843 0.150240 -0.050743
v 0.119615 0.214851 -0.092281
v 0.112136 0.209822 -0.097575
v 0.105901 0.218911 -0.095807
v -0.086405 0.210753 0.074296
v -0.082469 0.208531 0.065034
v -0.086024 0.220353 0.065283
v -0.001968 0.267615 0.051196
v -0.007019 0.260040 0.056545
v 0.130970 -0.124283 0.095006
v 0.141631 -0.132514 0.083160
v 0.140274 -0.115614 0.083334
v 0.125552 0.267625 -0.058409
v 0.270493 0.188562 0.033993
v 0.253859 0.176734 0.035575
v 0.272291 0.178753 0.028363
v -0.140876 0.017910 -0.058772
v -0.139445 -0.128584 0.084754
v -0.145467 -0.129029 0.072641
v -0.146936 -0.144907 0.081704
v -0.087200 0.251789 -0.081652
v -0.098551 0.245930 -0.089130
v -0.044851 0.151797 0.107017
v -0.056577 0.153122 0.105521
v -0.056790 0.141529 0.114861
v -0.157394 -0.194489 0.081944
v -0.159154 -0.211653 0.082631
v -0.149601 -0.203218 0.093127
v -0.172893 -0.151450 0.006917
v -0.175574 -0.144640 -0.002063
v -0.175399 -0.155796 -0.006899
v -0.288514 0.166743 -0.069455
v -0.109277 0.271179 -0.027628
v -0.096083 0.269919 -0.015535
v -0.050843 0.260131 0.025288
v -0.042701 0.262842 0.031633
v -0.037756 0.270388 -0.079045
v -0.033421 0.282579 -0.075913
v -0.027371 0.267003 -0.080894
v 0.108915 0.242240 0.031628
v 0.096355 0.248583 0.023080
v 0.209163 0.172683 0.043377
v 0.217287 0.177542 0.042019
v -0.102639 0.168393 -0.113533
v -0.111161 0.175239 -0.111877
v -0.102046 0.185857 -0.110954
v -0.007388 -0.033568 0.154712
v -0.017184 -0.029851 0.153979
v -0.007259 -0.042761 0.155453
v -0.100437 -0.016749 0.133431
v -0.093480 -0.010443 0.137469
v -0.102476 0.000346 0.132606
v 0.157770 0.232380 0.049175
v 0.167944 0.227682 0.049418
v 0.162474 0.244583 0.047107
v -0.184684 0.148111 0.034998
v -0.177325 0.143836 0.041494
v 0.078675 0.295293 -0.042455
v 0.078361 0.290503 -0.028881
v -0.066020 -0.123685 -0.114428
v -0.067279 -0.134226 -0.116244
v -0.075714 -0.125743 -0.111865
v 0.183861 0.208995 -0.071761
v 0.143683 -0.090561 0.087319
v 0.140945 -0.073794 0.095092
v 0.133031 -0.090404 0.097288
v -0.115553 -0.229852 0.117834
v -0.101551 -0.221061 0.127303
v -0.116559 -0.212534 0.118842
v 0.224905 0.141715 0.023100
v 0.242537 0.137938 0.016402
v 0.236915 0.152386 0.027996
v -0.086001 0.142363 0.117282
v -0.091540 0.150262 0.112110
v -0.101373 0.137074 0.110551
v -0.023262 -0.123265 -0.121926
v -0.031483 -0.136272 -0.123457
v -0.040477 -0.127753 -0.120958
v 0.108635 -0.057455 -0.061864
v 0.117036 -0.046798 -0.060540
v 0.118694 -0.046450 -0.053072
v 0.125708 -0.036302 -0.059096
v -0.174630 -0.162739 0.021792
v -0.169840 -0.154338 0.032292
v -0.168688 -0.147001 0.020156
v -0.085679 0.229890 0.056132
v -0.083415 0.229430 0.042071
v -0.087805 0.239387 0.052861
v -0.143148 0.231348 0.042362
v -0.160711 0.226349 0.039985
v 0.107569 0.233268 -0.089021
v -0.095727 0.287445 -0.035565
v 0.064838 -0.066666 -0.101731
v 0.054633 -0.069305 -0.103393
v 0.057943 -0.056302 -0.090922
v 0.146198 0.040743 0.079091
v 0.144122 0.051932 0.091577
v 0.139305 0.037183 0.090194
v -0.039274 -0.111360 -0.106900
v -0.028710 -0.106180 -0.101277
v -0.031577 -0.116472 -0.115386
v 0.045392 -0.199901 -0.106978
v 0.037031 -0.208895 -0.110637
v 0.037037 -0.194495 -0.105276
v -0.249353 0.229753 0.018713
v -0.244360 0.243924 0.018460
v -0.257006 0.234461 0.014995
v 0.304905 0.120935 -0.014731
v 0.291789 0.130604 -0.019910
v 0.113753 -0.016112 0.128245
v 0.119203 -0.007927 0.126025
v 0.122492 -0.090351 0.107318
v -0.018998 0.043079 0.151622
v -0.025909 0.052665 0.151761
v -0.028994 0.037861 0.151369
v -0.147514 -0.010585 0.080694
v -0.143753 0.006391 0.078499
v -0.147947 -0.011565 0.072959
v -0.140551 0.018609 0.087526
v -0.140152 0.034202 0.085776
v -0.187440 0.107268 -0.018870
v -0.186891 0.093304 -0.017242
v -0.187901 0.099525 -0.008421
v 0.012231 -0.157855 -0.109966
v 0.183520 -0.206527 0.017450
v 0.179134 0.134272 -0.062396
v 0.150913 0.020117 -0.066206
v 0.140325 0.029858 -0.075360
v 0.151000 0.036303 -0.068444
v 0.014878 -0.090936 -0.110310
v 0.005342 -0.098699 -0.113061
v 0.008024 -0.089119 -0.101086
v 0.167266 0.183372 0.052679
v 0.178541 0.190053 0.048761
v -0.016896 0.116344 0.136300
v -0.011059 0.107234 0.140994
v 0.000461 0.121266 0.133928
v 0.165123 -0.189466 0.073404
v -0.263196 0.191148 -0.078401
v -0.267173 0.207520 -0.077950
v -0.155701 -0.045941 -0.042100
v -0.143606 -0.044648 -0.045589
v -0.053435 -0.080135 0.151498
v -0.045925 -0.071189 0.153276
v -0.059259 -0.067761 0.149459
v 0.127565 0.123080 -0.096999
v -0.136134 -0.108602 -0.052151
v -0.133136 -0.115485 -0.041016
v -0.143210 -0.103836 -0.046776
v -0.076968 -0.098512 -0.083555
v -0.072109 -0.102332 -0.091592
v -0.083298 -0.100698 -0.090775
v -0.113557 -0.129633 -0.062308
v 0.164576 -0.173096 0.067106
v -0.050444 -0.211624 0.157629
v -0.144932 -0.095636 -0.057200
v -0.153723 -0.082555 -0.053969
v 0.327175 0.203620 0.018407
v 0.334966 0.194947 0.016736
v 0.337483 0.209563 0.017433
v -0.084356 0.189045 -0.108875
v 0.107258 -0.200635 0.129405
v 0.140368 -0.227662 -0.081260
v 0.146375 -0.221304 -0.074310
v 0.153398 -0.226804 -0.066952
v 0.109897 0.190187 0.087740
v 0.274628 0.226195 -0.067495
v 0.283289 0.209766 -0.072811
v -0.289114 0.125736 -0.002580
v -0.278091 0.126599 -0.002819
v -0.280361 0.134194 0.006561
v 0.191717 0.128900 -0.035561
v -0.098701 0.255509 0.043883
v -0.103328 0.253834 0.033234
v 0.289863 0.167467 0.019864
v 0.294011 0.180630 0.020979
v 0.276849 0.175125 0.024993
v -0.083330 0.272115 0.013887
v -0.085815 0.266880 0.024563
v -0.079600 0.262651 0.013315
v 0.302337 0.253284 -0.020098
v 0.137836 -0.163933 0.100511
v 0.012786 -0.148331 0.167223
v 0.003537 -0.141597 0.167776
v 0.132218 -0.036843 0.111871
v 0.123654 -0.040730 0.117366
v 0.133728 -0.044830 0.109152
v 0.164827 0.084927 -0.055741
v 0.011538 0.170151 -0.122739
v 0.001517 0.168876 -0.129616
v -0.275035 0.214417 -0.075163
v -0.258432 0.223573 -0.072177
v 0.086367 0.292334 -0.051887
v 0.120897 0.023850 0.127839
v 0.121362 0.039783 0.127512
v 0.114050 0.037962 0.134238
v -0.083124 -0.136684 0.138847
v -0.073846 -0.125940 0.143858
v -0.088563 -0.124454 0.135624
v 0.217605 0.152540 -0.055764
v 0.215938 0.165121 -0.064472
v 0.225958 0.158464 -0.061728
v -0.016834 -0.013979 -0.100279
v -0.016678 -0.031937 -0.092973
v 0.212427 0.155248 0.036423
v -0.051308 -0.084620 -0.072679
v -0.042592 -0.079710 -0.073499
v -0.047674 -0.094727 -0.076410
v -0.162421 -0.203850 -0.050640
v -0.154365 -0.209780 -0.062918
v -0.165286 -0.217280 -0.051710
v -0.099460 0.263286 -0.000903
v 0.090010 -0.180474 -0.094724
v 0.105668 -0.187804 -0.091716
v 0.092709 -0.196326 -0.100169
v 0.190756 0.179326 0.041947
v 0.325776 0.189674 0.017910
v 0.315096 0.197890 0.018851
v 0.109064 0.052324 -0.085014
v 0.099333 0.053892 -0.091030
v -0.068557 0.186846 0.076210
v -0.062294 0.179085 0.083836
v 0.126445 0.273324 -0.010651
v 0.123056 0.273114 -0.021369
v 0.113495 0.273023 -0.011912
v 0.002691 0.288087 -0.104602
v 0.002148 0.277818 -0.107521
v -0.330763 0.187642 -0.074676
v 0.042714 0.293408 -0.051273
v 0.038174 0.291693 -0.055744
v 0.322682 0.246435 -0.044882
v -0.173191 0.085496 -0.042573
v -0.119768 -0.141278 0.111834
v -0.121897 -0.151666 0.109219
v -0.110402 -0.149648 0.118881
v -0.158356 -0.080244 0.067941
v 0.319198 0.212812 0.018659
v 0.330181 0.218801 0.017475
v -0.122039 -0.153596 -0.076812
v -0.128528 -0.163296 -0.081861
v -0.134341 -0.155032 -0.068856
v 0.294164 0.131466 0.004184
v -0.053042 0.051981 0.151574
v -0.045122 0.042023 0.151073
v -0.043020 0.057117 0.151742
v 0.166589 -0.106639 0.046818
v -0.046891 -0.106809 -0.098072
v -0.234371 0.128522 -0.008253
v -0.247517 0.128069 -0.009640
v 0.327197 0.170258 0.013440
v 0.331194 0.182475 0.015487
v 0.072802 0.244973 0.045776
v 0.075603 0.235913 0.052969
v -0.054062 0.036434 0.149809
v 0.100567 -0.218172 0.131922
v 0.093592 -0.226992 0.134613
v -0.329015 0.243734 -0.006913
v -0.328329 0.236269 0.002312
v -0.319238 0.237349 0.001688
v 0.094782 -0.213089 -0.104604
v 0.078402 -0.205960 -0.105914
v -0.084383 -0.234193 -0.115200
v -0.098031 -0.233555 -0.111759
v -0.179576 -0.178643 0.022835
v -0.335806 0.156349 0.006006
v -0.328560 0.161025 0.008724
v 0.192659 0.264378 0.012984
v 0.200113 0.265037 0.006002
v 0.184509 0.270004 0.007538
v -0.145878 -0.190731 0.094664
v -0.136245 -0.199627 0.103902
v -0.080838 0.277355 0.003274
v 0.108137 -0.048214 -0.084270
v 0.100182 -0.041213 -0.087542
v 0.103741 -0.036795 -0.085985
v 0.067907 -0.049951 0.150551
v 0.067270 -0.060549 0.150855
v 0.076999 -0.046232 0.147340
v -0.159608 0.192534 0.049927
v -0.163259 0.198381 0.048348
v -0.025190 -0.166976 0.166907
v -0.012429 -0.159135 0.167384
v -0.086878 0.018754 -0.092518
v -0.076781 0.005720 -0.094145
v -0.086372 0.003868 -0.090539
v 0.181505 0.180153 0.046990
v -0.012091 0.266860 -0.100521
v -0.005867 0.277865 -0.106141
v 0.087682 0.194834 -0.109915
v 0.088191 0.183632 -0.111541
v 0.076016 0.198793 -0.109761
v -0.341706 0.233321 0.004371
v -0.356061 0.238022 -0.001952
v -0.354288 0.222456 0.009763
v -0.090767 -0.130616 -0.096919
v -0.094694 -0.120573 -0.098990
v 0.151325 -0.215026 -0.066675
v 0.087215 0.206070 -0.108292
v 0.097758 0.213182 -0.104539
v 0.096434 0.199929 -0.107140
v -0.139852 0.182560 -0.103228
v -0.131643 0.173572 -0.105884
v 0.169055 0.073488 0.038375
v 0.167650 0.067402 0.029064
v 0.175306 0.083754 0.027764
v -0.082532 0.073617 -0.111159
v -0.119596 -0.077143 0.109639
v -0.116047 -0.090183 0.116204
v -0.112419 -0.072947 0.120831
v 0.241031 0.176721 0.039928
v 0.248433 0.164415 0.030852
v 0.248837 0.211439 0.034906
v -0.160817 -0.001675 0.016147
v -0.171655 0.098931 0.037072
v -0.104767 -0.147855 -0.078691
v -0.108243 -0.146107 -0.073474
v -0.102810 -0.135736 -0.076846
v -0.194313 0.217948 0.046058
v -0.199291 0.224216 0.042180
v -0.187201 0.262117 -0.055180
v -0.172081 0.259986 -0.064245
v -0.183416 0.245145 -0.062309
v -0.146156 -0.112451 0.066149
v 0.261787 0.132121 -0.012666
v 0.252593 0.131514 -0.006971
v 0.248676 0.135123 -0.016126
v 0.158520 0.168996 0.061444
v -0.177531 0.045449 -0.026737
v -0.177425 0.057488 -0.028671
v -0.170491 0.046217 -0.034275
v 0.162111 -0.089982 0.054571
v -0.202220 0.168886 -0.070824
v -0.193612 0.161878 -0.068094
v -0.208913 0.155175 -0.064922
v -0.119755 0.228857 0.063523
v 0.070005 0.077977 -0.113258
v 0.077804 0.086034 -0.112359
v 0.079794 0.075685 -0.109402
v 0.017656 -0.083151 -0.099735
v 0.011815 -0.081634 -0.088030
v -0.102229 0.256614 0.010660
v -0.219647 0.174964 0.034075
v -0.210966 0.165212 0.035511
v -0.214085 0.181427 0.032546
v -0.121960 0.126685 0.103081
v -0.122784 0.112591 0.110410
v -0.112191 0.124828 0.110757
v 0.324651 0.252434 -0.020483
v 0.333891 0.251131 -0.016878
v 0.333676 0.250693 -0.032659
v 0.167279 0.072152 -0.055382
v 0.174286 0.069363 -0.048376
v 0.168702 0.059291 -0.053857
v -0.149070 0.232252 -0.072578
v 0.176246 -0.223405 0.060252
v 0.182375 -0.223102 0.046831
v -0.038653 0.191845 0.078824
v -0.050429 0.193982 0.073103
v -0.044181 0.183075 0.082385
v -0.219806 0.254701 0.006733
v -0.228023 0.257926 -0.002261
v -0.235732 0.251173 0.009605
v 0.258593 0.189965 0.038152
v 0.267811 0.200246 0.036189
v 0.012869 0.258432 0.051307
v 0.020282 0.250297 0.050008
v 0.018464 0.266014 0.048245
v -0.014748 0.217409 0.081748
v -0.024073 0.212291 0.077017
v 0.098682 0.104412 -0.107667
v 0.088322 0.095185 -0.110215
v -0.172341 -0.194390 -0.034268
v -0.168842 -0.209694 -0.042678
v -0.176286 -0.206966 -0.024620
v -0.288597 0.245888 -0.048236
v -0.287044 0.240033 -0.058784
v -0.298992 0.241927 -0.053478
v -0.056737 0.199816 0.067958
v -0.044716 0.202045 0.068519
v -0.056991 0.207766 0.061993
v -0.101301 0.210039 -0.103155
v -0.113252 0.215873 -0.104809
v -0.103891 0.228725 -0.098214
v -0.175210 -0.214539 -0.034536
v -0.180762 -0.225426 -0.025192
v 0.119834 0.093413 -0.094094
v 0.127409 0.093273 -0.089012
v -0.115829 -0.052912 -0.055799
v -0.047336 -0.009656 -0.098848
v -0.042981 0.006917 -0.104131
v 0.187542 0.159815 0.042742
v 0.133614 -0.025232 -0.057383
v 0.141597 -0.014199 -0.055511
v -0.153902 0.241637 0.032855
v -0.143536 0.247729 0.033042
v 0.138489 -0.015919 0.060663
v 0.138088 -0.022715 0.068629
v 0.138554 -0.029310 0.061882
v 0.011069 0.130087 0.126046
v 0.120290 -0.135756 0.110349
v 0.125743 -0.130021 0.102750
v 0.116977 -0.126387 0.112438
v -0.251573 0.253983 -0.012399
v -0.259248 0.255797 -0.023467
v -0.266798 0.255048 -0.022617
v -0.056822 0.130007 0.124259
v -0.068580 0.132342 0.123783
v -0.068615 0.118904 0.132052
v -0.185453 0.133771 -0.056067
v -0.182080 0.124842 -0.053594
v 0.062738 0.087366 -0.117584
v 0.128755 -0.084514 -0.061607
v 0.140146 -0.090726 -0.059209
v 0.129367 -0.099954 -0.072229
v 0.300771 0.217859 -0.070137
v 0.129702 0.266715 0.030530
v 0.122020 0.257440 0.034269
v -0.062228 -0.118902 0.149263
v -0.045519 -0.122165 0.156198
v -0.054837 -0.110050 0.151757
v -0.156229 0.035725 -0.047132
v -0.154606 0.024223 -0.043509
v -0.162572 0.035219 -0.038951
v -0.330688 0.205152 -0.074893
v 0.160980 -0.056398 -0.013466
v 0.278872 0.222255 0.021496
v -0.038190 -0.187885 -0.104282
v -0.021983 -0.189484 -0.105221
v 0.172707 0.209363 0.047929
v -0.100105 -0.229702 0.126431
v -0.084739 -0.229375 0.134834
v -0.091001 0.030321 0.140086
v -0.080949 0.019374 0.143017
v -0.083774 0.036619 0.143516
v -0.132487 -0.069091 -0.053281
v -0.141325 -0.066923 -0.051835
v 0.146003 0.061817 -0.067501
v 0.136363 0.050474 -0.073367
v 0.129410 0.061933 -0.074895
v 0.012979 0.136273 -0.128147
v 0.012509 0.151448 -0.126150
v 0.094833 -0.065610 -0.082321
v 0.083369 -0.070416 -0.089927
v -0.317456 0.135778 -0.038748
v -0.307226 0.135981 -0.037321
v -0.145775 0.106146 0.087820
v -0.152352 0.109426 0.078176
v -0.185047 0.112718 0.007126
v -0.190475 0.118368 -0.002072
v -0.187525 0.105626 0.000248
v -0.166518 0.090993 0.046362
v -0.171147 0.105838 0.045381
v 0.178763 -0.173293 0.023819
v 0.176253 -0.172973 0.038354
v 0.181149 -0.189265 0.031858
v -0.297991 0.158466 0.013421
v 0.125745 -0.204425 0.116276
v 0.131957 -0.199828 0.110838
v 0.161484 0.271768 0.000721
v 0.160683 0.271998 -0.009751
v 0.153005 0.272321 0.006603
v -0.104874 -0.016015 -0.078872
v 0.111865 -0.124120 -0.094599
v 0.110797 -0.134164 -0.094780
v 0.102096 -0.130326 -0.099633
v 0.076404 -0.189700 -0.100390
v 0.061548 -0.186959 -0.101374
v 0.075396 -0.178026 -0.095848
v -0.029419 0.108881 -0.122682
v -0.136071 0.231314 0.058068
v -0.030330 -0.167295 -0.104186
v -0.021947 -0.158169 -0.111079
v -0.228184 0.184722 0.032089
v 0.335509 0.148332 -0.047144
v 0.331703 0.138808 -0.039157
v 0.331421 0.150378 -0.047671
v 0.165280 -0.140510 0.044353
v 0.161503 -0.144756 0.054653
v 0.036701 -0.122703 -0.108642
v 0.030093 -0.128840 -0.117481
v 0.179863 0.100757 0.044427
v 0.170238 0.100375 0.061106
v 0.177485 0.089267 0.046939
v 0.155651 0.154011 0.069639
v 0.146966 0.160959 0.072071
v 0.141426 0.148586 0.082437
v -0.173660 -0.194261 0.054481
v -0.179065 -0.194444 0.039168
v -0.180346 -0.202997 0.039544
v 0.168581 0.211184 -0.078055
v 0.177141 0.201308 -0.085348
v 0.174803 0.193086 -0.073031
v -0.268931 0.135988 -0.028321
v -0.263911 0.142965 -0.035706
v 0.291344 0.142438 0.011953
v -0.259067 0.199638 -0.079664
v -0.250848 0.191692 -0.079432
v -0.026877 -0.018937 -0.098500
v -0.036915 -0.023792 -0.096339
v -0.028689 0.121532 -0.120268
v -0.061172 0.227827 0.049197
v -0.059203 0.217748 0.055697
v -0.049180 0.227530 0.052320
v -0.139254 0.268591 -0.053124
v 0.145169 0.095435 -0.073001
v 0.136523 0.094244 -0.081246
v 0.146563 0.105253 -0.077662
v -0.134348 0.052262 -0.076748
v -0.125424 0.057633 -0.083383
v -0.327729 0.135840 -0.039818
v -0.169703 -0.080651 0.047358
v -0.165023 -0.071992 0.058413
v -0.164080 -0.063780 0.054219
v 0.290154 0.217276 0.027702
v 0.292253 0.229925 0.017923
v 0.161060 0.250701 -0.072036
v 0.149285 0.250861 -0.070635
v 0.159701 0.251601 -0.062514
v 0.189389 0.137028 -0.050781
v 0.086756 0.115539 -0.113794
v 0.089442 0.125488 -0.113540
v 0.094264 0.114878 -0.111137
v 0.151039 0.274476 -0.036031
v 0.146348 0.283856 -0.040651
v -0.138405 0.280243 -0.032139
v -0.064906 -0.036587 -0.087372
v -0.065719 -0.023104 -0.091084
v 0.140191 -0.004727 -0.071137
v 0.141242 0.013638 -0.074354
v 0.148056 0.002244 -0.061623
v -0.196742 0.185940 -0.076425
v -0.194042 0.173803 -0.073511
v -0.210626 0.176117 -0.073386
v 0.167647 0.132331 -0.073253
v -0.199736 0.257353 -0.044746
v -0.017917 0.179186 -0.115759
v -0.010588 0.191571 -0.123705
v 0.176121 0.054777 -0.035367
v 0.180532 0.065134 -0.029297
v 0.179013 0.054956 -0.017993
v -0.167641 0.105901 -0.061821
v -0.178462 0.115425 -0.051648
v -0.062835 0.012367 -0.100213
v -0.057511 0.004839 -0.100023
v -0.066951 0.000297 -0.096419
v 0.236226 0.161423 -0.065485
v 0.232022 0.168709 -0.068723
v 0.246455 0.165470 -0.067618
v 0.149622 -0.013279 -0.024619
v -0.178712 0.020450 -0.003970
v -0.175399 0.008765 -0.001858
v -0.170593 0.009125 0.007203
v 0.125602 0.262997 0.016023
v 0.150781 -0.095924 0.019363
v 0.145234 -0.080544 0.019730
v -0.129539 0.139982 0.090660
v 0.031762 0.139951 0.116797
v 0.042448 0.141397 0.116351
v 0.030979 0.151584 0.107003
v -0.167359 -0.177888 0.060408
v -0.166790 -0.194256 0.068902
v -0.159601 -0.177943 0.074222
v -0.023148 0.190607 0.092760
v -0.033259 0.195584 0.079692
v -0.033302 0.182518 0.090289
v -0.243963 0.186193 -0.078461
v -0.240942 0.195918 -0.078927
v -0.230493 0.183160 -0.078346
v 0.153056 0.223817 0.045950
v -0.138432 -0.112223 0.077506
v -0.145656 -0.095772 0.074196
v -0.153877 -0.057071 0.030566
v -0.161978 -0.065860 0.038893
v -0.160388 -0.068425 -0.049572
v -0.113925 -0.154046 -0.083132
v 0.077370 0.114967 0.135119
v 0.253049 0.220993 -0.071524
v 0.247118 0.230026 -0.068389
v -0.063268 0.087639 -0.120026
v -0.073665 0.090464 -0.117727
v 0.074278 -0.088488 0.147688
v 0.065239 -0.092255 0.151079
v 0.073607 -0.099024 0.147708
v -0.165289 -0.174553 -0.040210
v -0.086945 0.076487 0.147218
v -0.079461 0.066799 0.148065
v -0.074459 0.080892 0.148444
v 0.094150 0.171761 0.100348
v 0.085583 0.164328 0.105403
v 0.125966 -0.228253 -0.094309
v 0.110912 -0.229499 -0.101562
v 0.110348 -0.220873 -0.099846
v -0.148446 -0.058715 0.014009
v 0.135071 0.002343 0.104783
v 0.104774 0.204805 -0.103052
v 0.034033 0.124584 -0.121500
v 0.044767 0.133721 -0.118784
v 0.045314 -0.214149 0.158141
v 0.052053 -0.227164 0.152628
v -0.056719 -0.113021 -0.108370
v 0.062773 0.023697 0.150614
v 0.068991 0.033497 0.150232
v 0.058473 0.038391 0.151323
v -0.060428 0.282572 -0.063916
v -0.053918 0.290242 -0.053234
v -0.004171 -0.236164 -0.119793
v -0.004428 -0.218563 -0.114903
v 0.086522 0.136118 -0.114783
v 0.078974 0.124963 -0.116865
v -0.322627 0.214437 -0.073547
v -0.129119 -0.174448 0.106839
v 0.166745 0.194291 -0.076383
v 0.089441 0.217089 0.057469
v -0.300745 0.144792 -0.043166
v -0.290672 0.152462 -0.050574
v -0.306647 0.121212 -0.024553
v 0.173971 -0.157646 0.015919
v 0.178757 -0.173585 0.016455
v 0.176582 -0.170461 0.002875
v 0.262720 0.169977 0.028001
v 0.031757 0.047427 0.151878
v -0.151266 0.161084 0.065289
v 0.205003 0.164104 -0.061490
v 0.197955 0.172525 -0.067061
v 0.202276 0.181101 -0.068228
v -0.177708 0.069475 -0.030958
v -0.171995 0.071107 -0.041019
v -0.171011 0.058093 -0.036760
v -0.247436 0.210679 0.024969
v -0.252301 0.203211 0.027327
v -0.184079 0.068765 -0.002241
v -0.151629 -0.029566 0.067181
v -0.151360 -0.027618 0.082679
v 0.134842 0.104204 0.107920
v 0.127086 0.102161 0.118253
v 0.136829 0.090667 0.111098
v -0.195611 0.235705 0.037113
v -0.187233 0.225986 0.044749
v -0.186912 0.240626 0.037614
v 0.241247 0.254292 0.013616
v 0.226357 0.254854 0.018414
v 0.241261 0.246936 0.021099
v 0.114749 0.127187 0.111515
v 0.111358 0.119980 0.119049
v 0.124650 0.115184 0.113867
v 0.286780 0.201746 0.030744
v 0.101433 -0.171637 0.133240
v 0.098493 -0.181880 0.135485
v -0.036413 -0.040925 0.153302
v -0.027010 -0.026159 0.153139
v -0.174947 0.197819 -0.089649
v -0.251676 0.171993 -0.073069
v -0.260594 0.181234 -0.076660
v -0.246833 0.176852 -0.075475
v 0.192340 0.180158 -0.075289
v -0.144538 0.120202 -0.087474
v -0.153070 0.115850 -0.080887
v -0.150358 0.129363 -0.081066
v -0.048837 -0.119870 -0.115547
v 0.139689 -0.176260 -0.068908
v 0.134002 -0.182456 -0.075588
v 0.014053 -0.106180 -0.119362
v 0.004596 -0.114158 -0.121801
v -0.004225 -0.106315 -0.116051
v -0.063317 0.272919 0.005661
v 0.010187 0.214829 0.075782
v 0.005411 0.209126 0.083578
v 0.018627 0.198892 0.078103
v 0.063555 -0.164002 -0.094717
v 0.052834 -0.161665 -0.098825
v 0.063239 -0.154390 -0.104391
v -0.156229 -0.129534 0.047200
v -0.163057 -0.129795 0.033783
v 0.277091 0.236349 -0.061755
v 0.264948 0.243199 -0.054672
v 0.004725 -0.228276 0.164184
v 0.008845 -0.219286 0.165737
v 0.115053 0.208545 0.077501
v 0.146504 -0.133323 -0.033274
v 0.137596 -0.133251 -0.046649
v 0.132354 -0.127301 -0.045704
v 0.148458 -0.157082 0.085346
v 0.157173 -0.156770 0.072694
v -0.266194 0.251863 -0.035571
v -0.276581 0.248007 -0.047884
v -0.277762 0.252171 -0.037113
v -0.116707 0.225347 -0.102378
v -0.289988 0.247357 -0.011516
v 0.134058 0.249561 0.044298
v 0.115486 0.244121 0.043403
v 0.024611 -0.086743 -0.110311
v 0.308726 0.189703 0.019419
v -0.126884 0.275640 -0.005943
v -0.128774 0.273249 0.007974
v -0.150907 -0.094070 0.008145
v -0.154072 -0.102318 0.014345
v -0.153521 -0.086171 0.020404
v -0.121164 -0.111307 -0.073229
v -0.113518 -0.120289 -0.068943
v -0.165946 0.265298 0.013114
v -0.168239 0.254899 0.023324
v -0.066159 -0.166764 -0.102492
v 0.130706 0.272087 0.013852
v 0.129450 0.271049 0.000924
v 0.181664 -0.189864 0.016908
v -0.219625 0.140302 0.019676
v -0.142564 0.028734 -0.063418
v 0.028321 -0.217831 -0.113785
v -0.258015 0.167693 0.027797
v -0.163518 -0.107364 0.014494
v -0.161451 -0.092870 0.023247
v -0.289586 0.241168 0.003368
v -0.296000 0.234533 0.008664
v -0.287233 0.229375 0.014094
v -0.125264 -0.144898 -0.062422
v -0.112356 -0.143528 -0.069766
v -0.136998 -0.145528 -0.054030
v -0.182254 -0.194934 0.023460
v 0.258945 0.236856 0.017766
v 0.250739 0.238423 0.023066
v 0.262107 0.225759 0.023157
v 0.052209 0.172858 0.091524
v 0.117851 0.027725 -0.085718
v 0.074736 0.033558 -0.099391
v 0.085075 0.024165 -0.096933
v -0.308174 0.231124 -0.064425
v 0.158832 0.099615 0.076711
v 0.169552 0.088914 0.064466
v -0.117929 -0.130874 0.114730
v -0.124372 -0.121009 0.108986
v -0.127435 -0.134723 0.105152
v -0.130467 -0.103302 0.091062
v -0.136853 -0.095100 0.083444
v 0.136031 0.289677 -0.037104
v 0.121018 0.281812 -0.044032
v 0.134337 0.289791 -0.034045
v 0.099232 0.193668 -0.107255
v 0.112737 0.274952 -0.027863
v 0.120193 0.277428 -0.035905
v 0.110380 0.276410 -0.037765
v -0.339275 0.166099 0.008713
v -0.345324 0.184701 0.013308
v -0.152764 0.102640 -0.077249
v -0.160544 0.104132 -0.069843
v -0.161384 0.117139 -0.074005
v 0.082076 0.250313 0.024532
v 0.069609 0.256402 0.035106
v 0.097428 0.124473 0.122774
v 0.100941 0.131461 0.115206
v 0.095703 0.137022 0.113019
v 0.172443 -0.165097 0.041632
v 0.172281 -0.157394 0.030077
v 0.056256 -0.113308 0.154411
v 0.051798 -0.123817 0.156142
v 0.068541 -0.120046 0.149471
v 0.227018 0.172249 -0.069813
v 0.296761 0.123255 -0.006541
v -0.188953 0.112934 -0.010706
v -0.161930 -0.025030 0.001174
v -0.164802 -0.031252 -0.006643
v -0.156264 -0.035727 0.001448
v -0.129642 -0.020019 -0.055393
v -0.121108 -0.014700 -0.063725
v -0.126809 -0.031541 -0.058270
v -0.175137 -0.013777 -0.027301
v -0.168398 -0.012447 -0.035017
v -0.170466 -0.024476 -0.034747
v -0.136272 -0.098424 -0.066876
v -0.134128 -0.107268 -0.058962
v 0.172838 -0.154084 0.002772
v 0.149071 0.084773 -0.064787
v 0.157980 0.096338 -0.060107
v 0.085420 0.146077 0.112485
v 0.086567 0.135084 0.117437
v 0.076489 0.127852 0.125694
v 0.065075 0.132788 0.123133
v -0.054217 -0.189349 -0.104090
v -0.062238 -0.183167 -0.101114
v -0.048534 -0.176195 -0.099121
v 0.354488 0.218606 -0.067857
v 0.346573 0.223217 -0.065910
v 0.331037 0.239616 -0.054673
v 0.332443 0.246081 -0.045083
v 0.179811 -0.197709 0.040965
v 0.181619 -0.206319 0.035557
v 0.168624 -0.124345 0.016054
v 0.172567 -0.140809 0.015847
v -0.044815 -0.100747 -0.086260
v 0.045743 0.036712 -0.110669
v 0.055816 0.034270 -0.107834
v 0.040338 0.028607 -0.109902
v -0.092723 0.108241 0.133855
v -0.081626 0.106086 0.138680
v -0.086158 0.120788 0.126997
v -0.099053 -0.043407 0.134425
v -0.100034 -0.057969 0.133711
v -0.085344 -0.047542 0.141289
v -0.132219 -0.209561 -0.083922
v -0.134172 -0.221154 -0.086533
v -0.144608 -0.215595 -0.074108
v -0.107047 0.259723 -0.068143
v -0.105965 0.259942 -0.084586
v -0.114360 0.253437 -0.077641
v -0.135561 0.135076 -0.095054
v -0.135152 0.145515 -0.096193
v -0.128465 0.138000 -0.102333
v 0.020380 -0.166577 -0.102160
v -0.110480 -0.063574 -0.054843
v -0.038558 0.198704 -0.103550
v -0.025876 0.204451 -0.101248
v -0.026251 0.189490 -0.105035
v 0.165409 0.230149 -0.080149
v 0.155884 0.230158 -0.077185
v 0.163983 0.241241 -0.077141
v 0.126621 0.039304 -0.079334
v 0.119282 0.057099 -0.080048
v 0.297258 0.190345 0.022407
v 0.281712 0.187697 0.028223
v 0.062734 -0.171860 0.156707
v 0.106574 0.155276 0.098432
v 0.111225 0.145152 0.099561
v 0.118377 0.152347 0.092088
v 0.132860 0.285925 -0.047254
v 0.118775 0.283809 -0.059307
v -0.329409 0.247888 -0.036664
v -0.275682 0.162499 -0.068443
v -0.270416 0.171174 -0.072909
v -0.260236 0.159236 -0.065745
v -0.123425 -0.042750 0.111757
v -0.116992 -0.059912 0.114913
v 0.101648 0.216231 0.056896
v -0.347526 0.201596 -0.077379
v 0.089059 0.109584 0.136509
v 0.098756 0.111400 0.132037
v 0.088010 0.122707 0.127332
v -0.121640 -0.178491 0.114047
v -0.107030 -0.184935 0.126018
v -0.111802 -0.168256 0.120774
v 0.260332 0.169725 -0.069620
v -0.040873 -0.132486 0.158941
v -0.088802 0.283255 -0.002827
v -0.097646 0.273898 0.010204
v -0.037536 -0.235974 -0.120566
v -0.001431 -0.095355 -0.102332
v -0.011408 -0.102670 -0.106467
v -0.007775 -0.093736 -0.091661
v -0.110367 0.209094 0.071738
v -0.114038 0.198243 0.074529
v -0.040740 0.237306 0.047393
v -0.043987 0.244700 0.038730
v 0.112403 -0.171342 0.124492
v 0.013691 0.096514 -0.129856
v 0.002506 0.088123 -0.129024
v 0.002298 0.105339 -0.132101
v -0.030515 -0.153734 -0.115422
v -0.022110 -0.144596 -0.122149
v -0.118248 0.263089 -0.052963
v 0.056858 0.297475 -0.024968
v 0.065303 0.288760 -0.018456
v 0.277433 0.231366 0.016729
v -0.012043 0.185188 0.100184
v -0.011647 0.171993 0.106393
v 0.126495 -0.056620 0.111786
v 0.110590 0.179675 0.090561
v 0.098309 0.178793 0.096655
v 0.062525 0.215167 0.065091
v 0.072840 0.224788 0.064051
v 0.057095 0.222047 0.058901
v -0.148458 -0.231862 -0.078342
v -0.151051 -0.221167 -0.070073
v -0.140993 -0.223986 -0.082065
v 0.040568 0.223299 0.059955
v 0.291231 0.178165 -0.073591
v 0.172932 0.029795 0.017085
v 0.294857 0.123981 -0.012724
v -0.097507 0.264163 0.030642
v -0.010215 0.153649 -0.128716
v -0.014561 0.136356 -0.127810
v -0.088827 0.188511 0.091096
v -0.087312 0.196330 0.084703
v 0.095253 0.032863 0.144376
v 0.101426 0.042495 0.143025
v 0.092383 0.047806 0.148558
v -0.146247 0.121155 0.084063
v -0.153030 0.124641 0.075006
v 0.089546 -0.124305 -0.101191
v 0.077961 -0.133773 -0.109168
v 0.076575 -0.120418 -0.097398
v -0.191439 0.259332 0.018365
v -0.176462 0.259477 0.013254
v 0.306631 0.222999 0.022125
v -0.139033 0.206208 0.061789
v 0.068410 0.124471 -0.119795
v -0.131786 -0.031948 -0.054484
v -0.168242 0.241544 0.039523
v -0.173184 0.229587 0.042160
v 0.070938 -0.215006 -0.110609
v 0.082925 -0.214059 -0.107806
v 0.080012 -0.231160 -0.114703
v -0.164130 -0.035119 -0.040617
v -0.165919 -0.047059 -0.040874
v -0.171344 -0.036667 -0.033416
v -0.142504 0.064599 -0.072349
v -0.134160 0.063937 -0.078681
v 0.173670 -0.005565 -0.011322
v 0.178612 0.006267 -0.005514
v 0.177407 -0.007888 0.001700
v 0.147684 -0.155882 -0.061538
v 0.138828 -0.155014 -0.070341
v 0.146002 -0.147763 -0.062254
v 0.155000 0.253106 -0.053728
v 0.146878 0.266109 -0.042003
v -0.296096 0.211061 -0.075325
v -0.282820 0.221076 -0.071748
v 0.027711 0.070733 0.151580
v 0.011383 0.066169 0.151904
v 0.351720 0.205319 -0.072457
v 0.334691 0.209268 -0.071819
v 0.119582 0.081714 0.132042
v 0.114641 0.092194 0.133802
v -0.123524 0.277228 -0.040420
v -0.021522 0.274553 -0.081772
v 0.239950 0.206685 0.033422
v 0.072000 0.067649 -0.110293
v 0.062182 0.069943 -0.114088
v -0.105418 -0.194358 0.128062
v -0.103015 -0.203793 0.129046
v -0.098511 -0.189922 0.132917
v 0.027646 0.242521 0.049537
v -0.304504 0.122962 -0.004082
v -0.291812 0.121534 -0.008004
v -0.292689 0.139002 -0.036517
v -0.120378 0.130664 -0.106778
v 0.153265 -0.072093 -0.042366
v 0.150254 -0.081504 -0.041992
v 0.205897 0.225562 -0.074471
v 0.212428 0.235030 -0.066829
v 0.218496 0.227657 -0.068248
v -0.033901 -0.074383 -0.073934
v -0.043479 -0.070799 -0.075835
v 0.221934 0.187463 -0.074518
v 0.214005 0.193235 -0.072221
v -0.053743 -0.046264 0.150428
v -0.037330 -0.051589 0.153861
v -0.046112 -0.037309 0.151595
v 0.130264 -0.107734 -0.038443
v 0.141032 -0.097392 -0.047785
v 0.132555 -0.222064 -0.087722
v 0.239530 0.131313 -0.005400
v -0.127669 0.085184 -0.090833
v -0.088609 0.044745 -0.099176
v -0.087412 0.028591 -0.094396
v -0.184616 -0.211537 0.024150
v -0.185282 -0.215732 0.014313
v -0.185664 -0.228192 0.024455
v -0.065307 -0.030153 0.147123
v -0.074813 -0.026616 0.144500
v -0.316492 0.182403 0.015947
v -0.165960 -0.000521 -0.034877
v -0.173584 0.004334 -0.029444
v -0.163854 0.011393 -0.035295
v 0.227741 0.177482 0.042304
v 0.337254 0.148433 0.004562
v 0.318303 0.145299 0.007246
v 0.173157 0.045399 -0.023617
v 0.153768 -0.140572 0.067859
v 0.158841 -0.148705 0.063584
v -0.143611 0.269332 -0.022078
v -0.139593 0.282632 -0.016382
v -0.125578 0.039879 0.115775
v -0.128324 0.055025 0.114568
v -0.132183 0.042988 0.105168
v 0.120628 0.139790 0.099121
v -0.318989 0.134788 0.001423
v -0.325114 0.128058 -0.003154
v 0.224558 0.261569 0.006979
v -0.115460 0.238066 -0.097816
v -0.106570 0.242409 -0.094698
v 0.083716 -0.062672 0.143379
v 0.088894 -0.073268 0.140137
v 0.047745 0.043113 0.151739
v 0.037901 0.057027 0.151967
v -0.134661 0.031394 -0.072257
v -0.125521 0.024555 -0.076806
v -0.026646 -0.044590 0.154471
v 0.003309 -0.021654 -0.095494
v -0.006745 -0.017874 -0.098066
v -0.006803 -0.008893 -0.101739
v -0.242673 0.163110 -0.068727
v -0.039500 0.031101 -0.111493
v -0.048868 0.019113 -0.106120
v -0.049843 0.036019 -0.110920
v -0.162380 0.277735 -0.002328
v -0.127664 0.153034 0.085856
v -0.118174 0.166034 0.087640
v -0.317037 0.236935 -0.058755
v -0.314239 0.223060 -0.069424
v -0.062596 0.077738 -0.118334
v -0.051631 0.062751 -0.117656
v -0.061781 0.060542 -0.114600
v 0.142568 0.221012 0.048037
v -0.057030 -0.143212 -0.118833
v 0.125132 0.123393 0.108639
v 0.134658 0.118902 0.104207
v 0.133434 0.131978 0.098314
v 0.279060 0.244924 -0.053377
v 0.274774 0.251868 -0.043269
v -0.086670 -0.146171 0.137928
v -0.096174 -0.137048 0.130053
v -0.000719 0.219518 0.081308
v -0.273928 0.237197 -0.061996
v 0.190226 0.104818 -0.019388
v -0.125862 0.267872 -0.061829
v -0.129949 0.273743 -0.055004
v 0.163006 0.266413 -0.033636
v -0.175871 -0.211441 0.055130
v -0.182196 -0.219874 0.040188
v -0.177796 -0.228292 0.055832
v -0.076186 0.260089 0.008631
v -0.171044 0.138805 0.049231
v -0.159634 0.148126 0.061526
v -0.276628 0.185986 0.027292
v 0.006109 0.224724 -0.115080
v 0.009185 0.212017 -0.113432
v 0.158048 0.129795 -0.079944
v 0.158572 0.123435 -0.077154
v 0.153275 -0.122623 -0.007459
v -0.263660 0.125730 -0.011369
v -0.120322 0.162425 -0.110662
v -0.310911 0.142765 -0.043472
v -0.142929 0.195080 0.060915
v -0.150843 0.193560 0.054815
v 0.339042 0.157883 -0.055406
v 0.330729 0.161679 -0.056505
v 0.342296 0.167565 -0.063688
v 0.144644 -0.170334 -0.061582
v -0.152838 -0.161558 0.077693
v -0.151503 -0.178043 0.085589
v 0.062745 -0.203426 0.155085
v 0.069813 -0.209848 0.150150
v 0.071320 -0.192372 0.152137
v 0.011979 -0.096927 0.161070
v 0.166993 0.220334 -0.081338
v -0.082951 -0.044435 -0.077963
v -0.081855 -0.058952 -0.072019
v -0.094843 -0.048181 -0.070059
v 0.195400 0.148224 -0.054734
v 0.182185 0.077550 -0.032948
v -0.150190 -0.172969 -0.061674
v -0.140465 -0.169618 -0.072273
v -0.151641 -0.182070 -0.062674
v -0.057543 0.106720 -0.121707
v -0.063746 0.097645 -0.121177
v -0.062510 0.114932 -0.120842
v 0.034949 0.013417 -0.106387
v 0.045209 0.009591 -0.103641
v 0.034708 0.004021 -0.102662
v -0.264579 0.238876 0.008813
v -0.269069 0.230955 0.014137
v -0.062522 0.159861 0.099654
v -0.068447 0.166355 0.093444
v -0.068089 0.154567 0.103982
v 0.021739 -0.137912 0.165278
v -0.168104 -0.202751 0.069360
v 0.157957 -0.092147 0.032438
v 0.163888 -0.108020 0.024203
v 0.147264 -0.140518 0.079489
v 0.148860 -0.132454 0.072224
v 0.176941 0.181158 -0.071591
v 0.183436 0.174301 -0.073694
v -0.165340 -0.185504 -0.042224
v -0.171589 -0.180928 -0.029399
v 0.150431 0.276479 -0.047260
v 0.149522 0.264455 -0.060383
v -0.081146 0.090460 0.145477
v -0.075487 0.230993 -0.093430
v -0.091533 0.231502 -0.092261
v -0.083052 0.243519 -0.085718
v 0.137053 0.178117 0.071455
v 0.127469 0.172269 0.079966
v 0.138196 0.167916 0.074307
v -0.083040 0.288225 -0.015158
v 0.160145 0.186227 -0.079664
v 0.294407 0.156995 0.017197
v 0.301001 0.164792 0.017846
v 0.030431 0.163166 0.098268
v 0.019789 0.162050 0.099362
v -0.073132 -0.045116 -0.081539
v -0.063582 -0.049918 -0.082726
v -0.073053 -0.158713 -0.112797
v -0.000144 0.151062 0.113060
v 0.261912 0.254840 -0.038439
v 0.158503 -0.173703 -0.051793
v 0.154426 -0.179853 -0.059369
v -0.011069 0.098958 0.144518
v 0.000659 0.105069 0.141949
v 0.008995 0.266377 0.050048
v 0.053552 -0.193461 -0.104388
v 0.045011 -0.182287 -0.100599
v 0.141875 -0.012429 -0.043513
v 0.049101 0.254473 -0.089190
v -0.005918 -0.085407 -0.081317
v -0.020227 -0.092439 -0.082059
v -0.015097 -0.082359 -0.077326
v -0.163696 0.046898 -0.042060
v -0.158053 0.047688 -0.052142
v -0.249532 0.141320 -0.036498
v -0.230200 0.138497 -0.036615
v 0.134585 0.022203 0.089596
v 0.132044 0.017701 0.103456
v 0.134224 0.006522 0.090583
v -0.175240 0.084325 0.021665
v -0.172806 0.070530 0.023668
v -0.131124 0.269566 0.021806
v 0.294886 0.254044 -0.019875
v 0.294795 0.250693 -0.007562
v 0.309706 0.249563 -0.007691
v 0.100932 0.278097 -0.043775
v -0.144342 -0.079061 0.083083
v -0.131688 -0.086270 0.091716
v -0.139322 -0.070176 0.090948
v -0.164745 0.179300 -0.083073
v -0.173741 0.176344 -0.078457
v -0.148204 -0.040521 0.090045
v -0.146596 -0.022644 0.092891
v 0.072753 0.277560 -0.063698
v 0.077188 0.269126 -0.075872
v 0.065241 0.010889 -0.100306
v 0.064767 0.001723 -0.095838
v -0.133834 -0.128092 0.097317
v -0.130752 0.127015 0.096030
v -0.138972 0.124258 0.090612
v -0.131776 0.114027 0.101459
v -0.216045 0.248247 -0.061578
v -0.229974 0.238448 -0.065633
v -0.170262 0.270141 -0.037172
v -0.187584 0.272158 -0.028421
v 0.003115 -0.107504 0.162111
v 0.076480 0.187646 -0.111492
v 0.064751 0.191419 -0.110177
v -0.108765 -0.051736 0.125427
v 0.170396 -0.007954 0.013613
v -0.173051 -0.112105 0.014139
v -0.166435 -0.118939 0.002668
v -0.169868 0.034383 -0.031645
v 0.195754 0.119653 0.001758
v 0.075249 0.286813 -0.015358
v 0.075313 0.284318 -0.009592
v 0.113524 0.243086 -0.080362
v 0.117444 0.226213 -0.088561
v -0.106198 0.017662 -0.085071
v -0.096500 0.021943 -0.089268
v -0.117475 0.038079 0.124648
v -0.120425 0.053492 0.124185
v 0.102614 0.273899 -0.019076
v 0.058553 0.291007 -0.003388
v 0.021566 0.025486 0.151952
v 0.011593 0.030585 0.151886
v -0.068621 0.231344 0.043471
v -0.052920 0.234690 0.046072
v 0.136541 0.000812 0.076555
v 0.137046 0.010944 0.076709
v 0.135467 -0.001386 0.083550
v -0.126361 -0.051752 0.107297
v -0.125766 -0.068930 0.103104
v -0.294819 0.130927 -0.030438
v -0.243020 0.226048 -0.072558
v -0.227637 0.229178 -0.072965
v 0.170540 0.253608 0.037062
v -0.128244 -0.203727 0.110747
v -0.124882 -0.191143 0.112370
v 0.290996 0.242778 -0.053167
v 0.012456 0.295183 -0.089308
v 0.132227 0.033374 0.102641
v 0.128293 0.028743 0.116130
v -0.018300 0.264742 -0.087047
v -0.016493 0.255609 -0.093945
v -0.154820 0.012477 -0.040267
v -0.143909 0.015720 -0.052954
v -0.147492 0.001585 -0.044104
v -0.055178 -0.202889 0.156720
v -0.065048 -0.203115 0.152560
v -0.064423 -0.216035 0.149510
v 0.079630 0.290012 -0.059635
v 0.066899 0.291673 -0.046996
v 0.196257 0.216890 0.049216
v 0.205360 0.225480 0.045397
v 0.192554 0.226597 0.042083
v -0.139881 0.213892 -0.095245
v -0.132841 0.227340 -0.097959
v 0.032688 -0.061935 -0.079012
v 0.039638 -0.066534 -0.089678
v 0.080635 -0.005847 0.146628
v 0.070431 -0.009888 0.149519
v 0.078419 -0.025030 0.146990
v -0.354754 0.240268 -0.054176
v -0.102419 0.123237 0.118340
v -0.091107 0.128482 0.119898
v -0.042230 0.082245 -0.123900
v -0.046966 0.072460 -0.120966
v -0.053081 0.089871 -0.122728
v -0.218482 0.139460 -0.041876
v 0.104242 0.105157 0.133473
v -0.021800 -0.172607 -0.101026
v -0.038597 -0.177607 -0.100324
v -0.076919 -0.167165 -0.100676
v -0.082032 -0.179891 -0.096804
v -0.088236 -0.169377 -0.096452
v 0.155987 0.158898 -0.085575
v -0.237741 0.169352 0.032984
v -0.227849 0.174079 0.033735
v -0.240151 0.186951 0.032277
v 0.109224 -0.099907 0.120477
v 0.117703 -0.103612 0.110593
v 0.113556 -0.086581 0.116806
v 0.013297 -0.058343 -0.075969
v 0.013519 -0.071806 -0.078654
v -0.047387 -0.101153 0.153988
v -0.040035 -0.083588 0.155158
v -0.010949 0.236459 0.071238
v 0.141218 0.208698 0.055784
v 0.180965 0.110430 -0.045206
v -0.173717 -0.114883 0.031095
v 0.160581 -0.109540 0.017347
v -0.135590 0.200603 -0.103977
v -0.125956 0.214982 -0.104634
v 0.049770 -0.046872 0.154501
v -0.120550 0.141140 -0.108539
v -0.128641 0.153681 -0.104700
v 0.057473 -0.010378 -0.088447
v 0.054458 -0.003280 -0.094858
v 0.063899 -0.006351 -0.089632
v 0.062116 -0.198642 -0.105993
v 0.065344 0.032225 -0.103289
v 0.065532 0.021406 -0.102728
v 0.055708 0.025576 -0.106015
v -0.117855 0.259353 -0.063526
v -0.103695 0.110004 0.127210
v -0.094970 0.115542 0.127516
v -0.099547 -0.066589 0.133779
v -0.089371 -0.064217 0.139255
v -0.227304 0.163307 0.033440
v -0.215781 0.151257 0.030206
v -0.270610 0.222283 -0.072235
v -0.268029 0.237780 -0.062759
v 0.141083 0.000004 0.060577
v 0.046527 -0.066760 -0.097431
v -0.134076 -0.034925 0.105664
v 0.003990 -0.175725 0.168976
v 0.028829 -0.188920 -0.103642
v -0.116074 0.051585 -0.087162
v -0.094044 -0.182836 -0.094754
v -0.155807 0.191522 -0.085881
v -0.155721 0.181983 -0.089354
v -0.046671 0.097845 0.144780
v -0.057972 0.108624 0.139313
v -0.063921 0.094334 0.145917
v -0.095850 0.282057 -0.012018
v -0.099562 0.271771 -0.006896
v 0.115024 0.265000 0.006022
v 0.107068 0.261120 0.010863
v -0.012440 -0.125130 0.163207
v -0.004722 -0.107711 0.161833
v -0.020328 -0.108132 0.160318
v -0.076319 -0.004156 -0.092537
v 0.180004 0.183371 -0.078505
v 0.190093 0.195904 -0.081679
v -0.180480 0.168769 -0.080733
v 0.056175 -0.096043 0.154404
v 0.047497 -0.089263 0.156704
v 0.047583 -0.106575 0.156906
v 0.206753 0.267684 -0.014870
v 0.219364 0.266820 -0.012840
v 0.222493 0.265903 -0.025388
v 0.194341 0.122240 -0.017958
v 0.190628 0.111909 -0.028553
v 0.138504 -0.215917 -0.080602
v 0.123028 -0.211781 -0.090267
v 0.134285 -0.201944 -0.082951
v 0.111209 0.279671 -0.043994
v 0.115020 0.275736 -0.072504
v 0.249173 0.204729 -0.075032
v 0.243530 0.213994 -0.072888
v -0.322239 0.168664 0.011762
v -0.312377 0.169985 0.013925
v -0.137104 -0.044035 0.101282
v -0.144643 -0.053550 0.092281
v -0.133917 -0.061198 0.098436
v 0.108482 -0.203879 -0.097000
v 0.121375 -0.194664 -0.088225
v -0.071200 -0.220463 0.144578
v 0.151620 -0.123875 0.067892
v 0.132093 0.271331 -0.050667
v 0.138895 0.275342 -0.043290
v 0.141214 0.260530 -0.049517
v 0.121910 0.083662 -0.089002
v 0.135510 0.084242 -0.076897
v 0.108162 0.015844 -0.090110
v 0.096626 0.009287 -0.091862
v 0.096343 0.025369 -0.093494
v 0.170615 -0.200912 -0.035447
v 0.175260 -0.191978 -0.023354
v -0.083629 -0.128383 -0.105899
v -0.327158 0.227641 0.009757
v -0.128967 0.224552 0.063303
v -0.134250 0.215473 0.063296
v -0.012128 0.197857 0.093794
v -0.023676 0.202851 0.083878
v -0.129677 -0.175828 -0.080980
v -0.116606 -0.182085 -0.085648
v -0.130807 -0.194105 -0.082014
v -0.091517 -0.079107 -0.065769
v -0.086803 -0.069065 -0.069030
v -0.081081 -0.086259 -0.069060
v 0.186524 0.097893 0.025834
v 0.051561 0.001015 0.151864
v 0.062171 0.005206 0.150699
v 0.051743 0.010251 0.151583
v -0.273066 0.180601 -0.076408
v -0.008912 0.121088 -0.131429
v -0.291083 0.189258 -0.077070
v 0.084167 0.256558 0.015341
v 0.075914 0.261217 0.026762
v 0.231761 0.263834 -0.010890
v 0.238772 0.262824 -0.022843
v -0.147610 0.218551 0.045596
v 0.320224 0.129378 -0.031241
v 0.322338 0.121981 -0.024021
v -0.259144 0.146181 -0.045442
v -0.259864 0.151068 -0.056630
v -0.248323 0.144975 -0.046962
v -0.129927 0.257889 -0.078468
v -0.138480 0.250531 -0.073037
v -0.137023 0.263806 -0.066271
v 0.153484 -0.082120 0.078539
v -0.104900 0.007714 -0.084316
v 0.143220 -0.025288 -0.028071
v -0.120434 0.151762 -0.109639
v -0.107450 0.150339 -0.113226
v -0.145058 0.240941 -0.067164
v 0.155519 0.073319 -0.061714
v 0.139327 0.073302 -0.069930
v 0.051957 -0.216507 -0.112597
v 0.045614 -0.225580 -0.115455
v 0.072965 -0.109542 0.147735
v 0.085080 -0.104318 0.141219
v 0.104711 -0.082843 0.126361
v 0.095873 -0.085723 0.134398
v -0.066621 -0.076717 0.147124
v -0.065479 -0.087286 0.147569
v -0.151794 0.237128 0.035377
v -0.127662 -0.111357 0.100728
v -0.120690 -0.107270 0.112115
v -0.122623 -0.094370 0.104656
v 0.141381 0.025940 0.077767
v -0.155140 0.275906 -0.036316
v -0.150857 0.270941 -0.028499
v -0.147390 0.263636 -0.036905
v 0.237668 0.223278 -0.070523
v -0.045984 0.113898 0.136439
v -0.034396 0.111544 0.138125
v -0.093098 0.194825 -0.107351
v -0.047659 0.294035 -0.044819
v 0.152569 -0.148608 0.076589
v -0.101620 -0.099176 0.130679
v -0.107717 -0.086040 0.126574
v -0.111966 -0.103297 0.122285
v -0.068898 0.245530 -0.092927
v -0.130502 0.256511 0.033156
v -0.170385 0.077219 0.030939
v -0.165345 0.068340 0.039968
v 0.137866 -0.056924 0.102675
v -0.236725 0.239902 0.024024
v -0.225488 0.238796 0.026509
v -0.227888 0.248014 0.015105
v 0.346875 0.250421 -0.034252
v 0.340471 0.251733 -0.025810
v 0.353837 0.251642 -0.026098
v 0.024389 0.007633 -0.105502
v 0.019000 0.015565 -0.108458
v -0.294593 0.246778 -0.045969
v -0.099137 0.086693 0.140109
v -0.104520 0.072539 0.140312
v 0.316956 0.245287 -0.000368
v 0.324725 0.249117 -0.008204
v -0.309012 0.178327 -0.074295
v -0.296369 0.178887 -0.077162
v 0.012671 -0.145073 -0.121896
v 0.002945 -0.090244 0.160311
v 0.011797 -0.079641 0.159452
v -0.153768 0.268190 0.011465
v -0.021618 0.265247 0.045777
v -0.032037 0.252227 0.043014
v 0.048600 -0.172199 -0.096502
v 0.040725 -0.169309 -0.097779
v -0.015808 0.274168 -0.086258
v -0.142690 -0.006912 0.096774
v -0.139889 -0.017659 0.101974
v -0.139460 0.000062 0.101218
v 0.139653 -0.140724 0.090329
v -0.172559 -0.097932 0.039429
v 0.074945 -0.077939 0.147627
v 0.088779 -0.073709 -0.077766
v 0.076910 -0.086118 -0.077196
v 0.079163 -0.078037 -0.086818
v 0.177001 -0.189212 0.046153
v 0.171548 -0.189354 0.060064
v -0.028251 0.016665 -0.108953
v 0.149618 0.263388 0.039728
v 0.148359 0.168463 0.067943
v -0.035856 0.065103 -0.121275
v -0.051176 0.054218 -0.115598
v -0.126229 0.074802 -0.087805
v -0.056345 0.186475 0.078114
v -0.056213 0.173289 0.088668
v 0.133558 0.059279 0.116771
v 0.129118 0.044416 0.115667
v 0.137073 0.048243 0.103568
v 0.023270 -0.027588 -0.087034
v 0.032874 -0.028298 -0.083791
v 0.022938 -0.040003 -0.080619
v -0.092082 0.078467 -0.108718
v -0.083272 0.083459 -0.113202
v -0.186912 0.222147 -0.073005
v -0.172075 0.228955 -0.076658
v 0.237957 0.227339 0.026628
v 0.225523 0.235491 0.029937
v 0.174678 -0.181032 0.049427
v 0.088636 0.172407 -0.112559
v 0.102561 0.170566 -0.108335
v 0.132254 -0.049646 -0.035421
v 0.123636 -0.047320 -0.042714
v -0.162166 -0.048219 -0.014013
v -0.169798 -0.043433 -0.022829
v -0.161913 -0.059647 -0.021768
v -0.019159 0.231169 0.067396
v -0.221614 0.207373 0.030198
v -0.232051 0.205515 0.028045
v -0.224539 0.195562 0.028827
v -0.161443 0.083115 0.055630
v -0.156360 0.075312 0.064865
v -0.160114 0.090238 0.063796
v -0.167986 0.083752 0.038387
v -0.022742 -0.057083 0.155779
v -0.151209 -0.035252 0.009861
v -0.147845 -0.047406 0.021515
v -0.160629 -0.161388 0.065942
v -0.153174 -0.145076 0.069408
v -0.054084 -0.199566 -0.107906
v -0.181645 -0.184253 0.013281
v -0.078686 0.035070 -0.100332
v -0.178858 0.009216 -0.021717
v -0.178273 -0.002801 -0.019269
v -0.056343 -0.015214 0.148943
v -0.063587 -0.003413 0.147264
v -0.071396 -0.009633 0.145355
v -0.272726 0.194024 0.028933
v -0.040442 0.048089 -0.115966
v -0.124236 0.232774 -0.098110
v -0.121791 0.250399 -0.088537
v 0.184083 0.117580 -0.043133
v 0.186192 0.131117 -0.049664
v -0.178170 0.021260 -0.023742
v -0.170800 0.022304 -0.030890
v -0.162087 0.023365 -0.036388
v -0.171741 0.016315 -0.030422
v 0.139187 -0.106098 -0.018887
v 0.146617 -0.120810 -0.019827
v 0.130617 -0.072660 -0.046645
v 0.063938 -0.144589 -0.111344
v 0.048087 -0.142557 -0.116745
v 0.062769 -0.132686 -0.112378
v 0.145320 0.269652 0.010603
v 0.153375 0.280595 0.016919
v -0.080751 0.054183 -0.106242
v -0.163096 0.075823 0.047642
v -0.158109 0.068004 0.056840
v -0.183285 0.044484 -0.007722
v -0.181846 0.035439 -0.006186
v -0.179751 0.044624 0.001920
v 0.091356 0.218632 -0.105425
v 0.075386 0.207510 -0.107740
v 0.300281 0.182830 -0.073733
v 0.322457 0.191145 -0.074544
v 0.334338 0.190033 -0.072952
v 0.320128 0.181242 -0.073320
v 0.255446 0.261981 -0.020976
v -0.070397 0.256178 0.016760
v -0.148033 -0.113632 -0.011650
v -0.148771 -0.125753 -0.021129
v -0.177183 0.180515 -0.085592
v -0.185435 -0.228074 0.004653
v 0.157270 0.060585 0.063564
v 0.150279 0.055726 0.079847
v 0.153596 0.045482 0.063246
v 0.208641 0.128294 -0.009729
v 0.220178 0.132788 -0.016865
v 0.226422 0.130813 -0.003668
v 0.157208 -0.136533 0.059377
v 0.231865 0.232135 -0.066605
v -0.254824 0.207909 -0.077739
v -0.243225 0.212544 -0.077559
v 0.186925 0.264759 0.021052
v 0.190072 0.259449 0.027830
v 0.214719 0.179694 -0.069013
v 0.248987 0.229432 0.028050
v -0.339326 0.194335 -0.075920
v -0.325669 0.196904 -0.075521
v 0.049729 0.251646 0.034553
v 0.038622 0.258805 0.037635
v 0.144625 -0.124050 0.076849
v -0.034799 0.095326 0.145768
v -0.022909 0.092866 0.146648
v -0.028787 0.102389 0.142943
v 0.072516 0.202512 0.079602
v 0.076317 -0.056815 0.147511
v -0.039121 0.153972 -0.114125
v -0.050410 0.151690 -0.116345
v -0.050232 0.166823 -0.113794
v -0.155774 0.148702 -0.081597
v -0.151556 0.139537 -0.079604
v -0.162732 0.139083 -0.072586
v 0.232967 0.164750 0.036807
v 0.129663 -0.132352 -0.060715
v -0.139316 -0.229491 0.102080
v -0.128008 -0.229725 0.110851
v -0.128024 -0.221077 0.110640
v 0.129653 0.280120 -0.019742
v 0.128674 0.281687 -0.027270
v -0.258845 0.130696 -0.019714
v 0.172460 0.071784 0.019237
v 0.169422 0.054308 0.021772
v 0.176884 0.064253 0.012140
v 0.056337 0.101044 0.142839
v 0.067305 0.088537 0.148087
v -0.199858 0.245919 -0.067067
v -0.104920 0.095877 0.134102
v -0.174008 0.020773 0.005191
v -0.178488 0.038632 0.002836
v -0.300244 0.118238 -0.015412
v -0.157864 -0.045862 0.068694
v -0.154464 -0.043702 0.056921
v 0.143822 0.273054 -0.012574
v 0.176160 0.199951 0.049190
v -0.125062 0.014660 -0.074335
v -0.115679 0.013520 -0.080256
v 0.191343 0.108264 0.004130
v 0.190021 0.103990 -0.003383
v -0.151926 -0.129099 0.060092
v 0.097702 -0.040823 0.135526
v 0.087713 -0.043529 0.142081
v -0.175124 -0.114548 0.023477
v -0.172434 -0.131062 0.021800
v 0.180484 -0.186507 0.003048
v 0.110381 -0.089625 -0.063546
v 0.103004 -0.081266 -0.056708
v 0.115912 -0.083991 -0.058045
v -0.151176 0.062868 -0.064901
v -0.159128 0.061376 -0.056630
v -0.158230 0.074835 -0.059416
v 0.003229 -0.003752 -0.103003
v -0.004877 -0.184562 -0.103342
v -0.101396 -0.154166 -0.091990
v 0.005481 0.245714 -0.109625
v 0.001536 0.256892 -0.113195
v 0.006543 0.255271 -0.099683
v 0.001830 0.219089 0.080362
v -0.012679 -0.090649 0.159490
v 0.175971 0.126217 -0.057328
v 0.166724 0.120653 -0.065753
v 0.030733 -0.154917 0.165912
v -0.103375 0.222794 0.071946
v -0.092310 0.218051 0.073323
v -0.092964 0.228299 0.066605
v 0.117598 0.166372 0.088192
v 0.173849 0.144514 0.055572
v 0.181392 0.147325 0.046272
v 0.081805 0.053056 0.150043
v 0.151737 -0.107259 0.073434
v -0.120473 0.139502 0.097157
v -0.111300 0.138994 0.103423
v -0.119197 0.152616 0.092017
v 0.209519 0.129302 0.005327
v 0.217163 0.134359 0.015047
v -0.130676 -0.025777 0.109686
v -0.122088 -0.020602 0.116862
v -0.132008 -0.012562 0.109990
v -0.090825 0.046313 0.142138
v -0.101476 0.057057 0.138739
v -0.099336 0.040570 0.137207
v -0.350690 0.204286 0.013734
v -0.342699 0.210023 0.014380
v -0.096295 -0.162534 -0.103729
v 0.176213 0.250820 -0.069871
v 0.175258 0.251420 -0.058378
v 0.172135 0.238975 -0.060427
v 0.018529 0.210579 0.071099
v 0.010987 0.222699 0.070399
v 0.137271 0.284531 -0.002443
v -0.060933 0.050803 -0.112259
v 0.280484 0.127280 -0.001265
v 0.094944 -0.209616 0.136636
v -0.151283 -0.069622 -0.012713
v 0.145344 -0.207893 0.100138
v 0.350676 0.245260 -0.046148
v 0.180926 0.043526 -0.007812
v 0.183800 0.053770 -0.001138
v 0.182538 0.037289 0.001548
v -0.310851 0.207147 -0.075447
v 0.105111 0.063295 -0.091894
v 0.095554 0.064690 -0.098257
v -0.165519 -0.138507 0.026865
v -0.142103 0.137408 -0.087971
v 0.047621 0.263289 0.030765
v 0.048800 0.276052 0.027454
v 0.032283 0.266950 0.041454
v -0.010569 0.296785 -0.093415
v -0.008487 0.287431 -0.099967
v -0.011685 0.280834 -0.094678
v -0.019278 -0.201827 0.165690
v 0.128324 0.172241 -0.098351
v -0.118571 0.201829 -0.107888
v 0.031039 0.252914 -0.086999
v 0.021092 0.243398 -0.091464
v 0.046937 -0.152129 -0.111660
v -0.201827 0.250302 -0.056056
v -0.234654 0.229948 0.024201
v -0.248807 0.220564 0.022785
v 0.166566 -0.106925 0.035324
v 0.170104 -0.123778 0.027427
v 0.129276 0.023549 -0.081692
v 0.301415 0.240739 0.006364
v 0.291717 0.241940 0.006755
v 0.287291 0.236274 0.012931
v 0.142490 -0.042114 0.062918
v 0.139582 -0.039122 0.051512
v 0.011626 -0.062345 0.157855
v 0.179950 0.123351 0.036586
v 0.086132 -0.088565 0.141327
v 0.092975 -0.100254 0.135980
v 0.148728 0.261224 -0.063368
v 0.130607 0.007442 -0.081275
v 0.119501 0.011737 -0.085899
v -0.055540 0.257534 0.024263
v -0.045197 0.254486 0.031648
v 0.249117 0.174534 -0.072461
v 0.131678 -0.107284 -0.061295
v 0.089648 -0.052258 -0.092000
v 0.171651 -0.158987 -0.010291
v -0.183519 0.160655 -0.073929
v -0.178853 0.147059 -0.067288
v 0.196057 0.205231 -0.079234
v 0.163838 -0.148161 -0.023019
v 0.169551 -0.150868 -0.010091
v 0.169210 -0.163959 -0.023214
v -0.164003 -0.007856 0.008453
v 0.074857 0.038928 -0.100188
v 0.082760 0.055663 -0.101172
v -0.177795 0.002735 -0.010243
v -0.181177 0.020511 -0.013944
v 0.197062 0.248765 0.034651
v 0.200499 0.254994 0.020744
v 0.118900 -0.028483 0.123083
v -0.020678 -0.227515 -0.117997
v 0.143519 -0.202370 -0.076208
v 0.199971 0.185606 -0.069681
v -0.096295 0.158025 0.106731
v -0.090988 0.164794 0.105651
v -0.078027 0.149177 -0.117450
v -0.094183 0.148991 -0.115737
v -0.157889 -0.057242 -0.045562
v -0.166768 -0.059220 -0.040853
v 0.248295 0.263046 -0.010593
v 0.263369 0.256557 -0.011164
v -0.172247 0.033049 0.012754
v 0.125166 0.073033 -0.081324
v -0.174110 -0.025847 -0.025228
v -0.175577 -0.014633 -0.017097
v 0.220980 0.153332 0.032903
v -0.129583 -0.003727 -0.058756
v 0.102162 0.181790 -0.107491
v 0.045024 -0.104146 -0.101250
v 0.049174 -0.095195 -0.102853
v 0.056152 -0.107808 -0.091265
v 0.123655 0.236287 -0.080631
v 0.132820 0.237933 -0.077250
v 0.127441 0.223657 -0.085661
v -0.178778 -0.179839 -0.006448
v -0.004744 -0.122457 -0.123449
v -0.013671 -0.114817 -0.119157
v 0.093107 0.274569 -0.018212
v 0.098021 0.271837 -0.011154
v 0.084906 -0.141253 -0.105047
v 0.070420 -0.150810 -0.105227
v -0.270162 0.209246 0.025518
v -0.262262 0.202890 0.028227
v -0.159167 -0.145275 0.056889
v -0.108994 0.178992 0.089577
v 0.236100 0.154257 -0.056308
v 0.255006 0.155010 -0.057175
v 0.138074 -0.010578 0.091210
v 0.124183 -0.152197 -0.080083
v 0.177940 0.067121 -0.039041
v 0.173282 0.056813 -0.045008
v 0.001093 0.071153 0.151852
v 0.001324 0.053511 0.151893
v 0.300505 0.200102 0.023663
v -0.297181 0.123417 -0.023767
v -0.289995 0.120797 -0.014247
v -0.050086 0.193310 -0.108924
v -0.049520 0.208371 -0.104800
v -0.203261 0.263345 -0.007315
v -0.189136 0.271447 -0.010157
v -0.282315 0.221068 0.019361
v -0.053823 -0.228547 0.149817
v -0.069312 -0.228933 0.142692
v 0.295072 0.166234 -0.064934
v 0.075635 -0.067387 0.147600
v -0.048621 -0.140923 -0.120792
v 0.085695 0.038162 0.148338
v -0.254528 0.137286 -0.027223
v -0.136476 -0.153527 0.095310
v 0.147822 -0.098934 0.080463
v 0.224296 0.263331 0.000452
v 0.207509 0.265768 -0.001125
v 0.041776 0.153155 0.106865
v -0.237958 0.132731 0.007054
v -0.109949 0.249704 -0.092914
v -0.178813 -0.198949 -0.015423
v -0.179319 -0.185079 -0.016340
v -0.186866 0.141487 -0.058799
v -0.108075 0.192030 0.084402
v -0.115888 0.188734 0.078754
v -0.145826 -0.157405 -0.059828
v -0.314888 0.125082 -0.003013
v -0.123471 -0.007398 0.117256
v 0.175334 0.129726 0.051032
v 0.168355 0.125752 0.060371
v 0.173869 0.119134 0.046466
v -0.080282 0.134356 0.122078
v -0.074448 0.126289 0.126573
v 0.141459 -0.092941 -0.006979
v 0.138503 -0.076985 -0.009508
v 0.142598 -0.078664 0.005288
v 0.151285 0.203059 -0.087762
v 0.145308 0.213614 -0.089307
v -0.023031 0.165628 0.107641
v -0.011584 0.159023 0.112038
v -0.137067 0.254954 -0.056303
v 0.041325 0.193614 -0.104626
v 0.029507 0.183800 -0.105544
v 0.028354 0.200958 -0.101366
v 0.102926 -0.118618 -0.095404
v 0.114707 -0.106860 -0.087256
v -0.090874 0.062067 0.144183
v -0.171525 0.207576 -0.090323
v -0.162313 0.272560 -0.042262
v 0.097868 -0.119955 0.131298
v 0.095810 -0.109519 0.133427
v 0.086945 -0.120027 0.139275
v 0.144183 0.122415 0.094007
v 0.237676 0.259694 -0.036070
v 0.254046 0.257419 -0.033196
v 0.238736 0.256892 -0.042228
v 0.022640 0.109707 0.139275
v 0.033546 0.112050 0.137605
v -0.173092 -0.156159 0.009486
v 0.056281 0.283942 0.013672
v -0.220474 0.179588 -0.076018
v -0.214080 0.186417 -0.077314
v -0.142933 0.003445 0.090193
v -0.073985 0.220832 -0.098872
v -0.096108 0.285204 -0.023707
v -0.156823 0.241669 -0.070492
v -0.159304 0.240869 -0.080520
v -0.156604 0.255484 -0.071123
v -0.083931 0.134539 -0.118175
v -0.237270 0.136823 0.013064
v -0.236603 0.172749 -0.074306
v -0.061577 0.171868 -0.115099
v -0.073110 0.173046 -0.114685
v -0.255447 0.161478 0.025411
v -0.243375 0.162316 0.029383
v 0.099191 0.256449 0.015744
v 0.148708 0.190926 -0.091934
v -0.047068 0.026676 0.150038
v -0.038860 0.032582 0.150887
v -0.078822 0.166715 0.101107
v -0.120611 0.216996 0.063532
v -0.110153 0.224536 0.064059
v -0.016928 0.083340 0.149755
v -0.044949 0.140154 0.116235
v -0.033421 0.139012 0.116937
v -0.106935 -0.127528 -0.072213
v 0.028072 0.290676 -0.063303
v 0.038767 0.283445 -0.065347
v 0.122379 -0.132401 -0.087631
v 0.117688 -0.119291 -0.084625
v -0.316490 0.186868 -0.076810
v -0.313699 0.197142 -0.077195
v 0.089044 0.161176 -0.113452
v 0.094880 -0.074024 -0.064698
v -0.068687 0.197710 0.067701
v -0.141995 0.260861 -0.046105
v 0.156396 0.014556 -0.050867
v -0.090389 0.284618 -0.056399
v -0.154810 -0.036734 0.075724
v 0.209158 0.147288 -0.049287
v -0.142274 -0.188048 -0.073453
v -0.092358 -0.089463 -0.070322
v -0.167393 -0.082156 0.036049
v -0.161277 -0.076003 0.030720
v -0.160062 -0.085763 0.027778
v -0.044098 0.175108 0.088678
v 0.168171 0.046615 -0.050764
v -0.165837 0.037282 0.027704
v -0.161154 0.032595 0.035929
v 0.038169 0.257275 -0.083281
v 0.049237 0.267845 -0.081992
v 0.023136 -0.066903 -0.078790
v 0.191426 0.273062 -0.029842
v 0.190863 0.271171 -0.018315
v 0.197946 0.267088 -0.022398
v 0.137981 -0.120099 -0.032808
v -0.172715 -0.014832 -0.007251
v -0.037648 0.228348 -0.094305
v -0.151942 0.151110 0.067715
v -0.027654 0.171196 -0.109252
v -0.165627 0.251881 -0.073948
v -0.143250 -0.201936 -0.073438
v 0.066312 0.282977 -0.006469
v 0.062387 0.284260 0.000176
v -0.152792 0.141317 0.070588
v -0.007509 -0.024367 0.154023
v 0.024594 0.105164 -0.128498
v 0.034813 0.113812 -0.124446
v 0.239649 0.237141 0.024096
v 0.227451 0.245437 0.027801
v -0.081774 0.220155 0.049516
v -0.069648 0.219566 0.052385
v -0.072998 0.227562 0.045392
v -0.075329 0.209017 0.058368
v 0.020745 -0.183115 -0.101947
v 0.028895 -0.176995 -0.099308
v 0.121279 -0.142229 -0.087458
v 0.132245 -0.139807 -0.079115
v 0.046844 0.071440 -0.118339
v 0.035746 0.062714 -0.118369
v 0.106841 0.083818 -0.099199
v 0.092594 0.084803 -0.106406
v 0.102911 0.094040 -0.103754
v 0.013920 0.079536 -0.126218
v 0.002630 0.071256 -0.124749
v -0.102735 0.116691 -0.111945
v -0.170140 -0.219860 0.070360
v -0.193517 0.203431 -0.078226
v -0.007443 0.022204 -0.111468
v -0.310973 0.117106 -0.010431
v -0.321380 0.118524 -0.008593
v 0.013127 -0.210369 0.167257
v -0.173557 0.117306 0.043044
v -0.178866 0.121277 0.033330
v -0.078583 0.002138 0.143304
v -0.086184 -0.004142 0.140806
v -0.211970 0.251667 0.012226
v -0.185208 0.233532 -0.067403
v -0.172716 0.245056 -0.071790
v -0.231740 0.150578 0.025451
v 0.142086 0.107250 0.095847
v -0.169185 0.221559 0.041406
v 0.152787 0.249050 0.047777
v -0.028089 0.077890 0.151231
v -0.147906 0.197595 -0.091854
v 0.182353 -0.214650 0.041171
v -0.095328 -0.144876 -0.086277
v -0.091005 -0.152672 -0.098526
v 0.183883 -0.223157 0.004587
v -0.174659 -0.136576 0.012439
v 0.212510 0.216773 0.037602
v -0.153401 -0.079903 0.074023
v -0.151224 -0.062803 0.082300
v -0.160246 -0.063295 0.069445
v -0.008877 0.112346 -0.131647
v 0.002217 -0.018928 0.153915
v 0.011922 -0.024156 0.154503
v 0.011786 -0.005800 0.153225
v -0.093682 0.103198 -0.113283
v -0.111315 0.106694 -0.106667
v -0.156475 -0.054297 0.076516
v -0.154128 -0.043105 0.079827
v -0.217632 0.197059 -0.079904
v -0.205530 0.200311 -0.079915
v -0.104805 0.017476 0.132106
v -0.098027 0.023919 0.136331
v -0.107447 0.034645 0.131817
v 0.342587 0.240480 0.003353
v 0.351156 0.234762 0.009250
v 0.352089 0.247507 -0.005661
v 0.205735 0.198854 -0.071222
v -0.087998 -0.141089 -0.095641
v -0.034428 0.264997 0.038130
v -0.249072 0.147386 0.018621
v 0.289753 0.153981 -0.051002
v 0.279101 0.147797 -0.043875
v -0.135936 -0.120204 0.087321
v -0.312585 0.249191 -0.025335
v 0.119261 0.279253 -0.039965
v 0.096412 -0.116206 -0.094921
v 0.086247 -0.115809 -0.092138
v 0.271955 0.139603 0.013266
v 0.260154 0.134104 0.010174
v -0.119114 -0.199519 -0.090786
v -0.152762 -0.100935 -0.024081
v 0.295941 0.208663 0.027455
v 0.307394 0.210822 0.022469
v 0.331215 0.156512 0.008269
v 0.184428 0.245818 0.033136
v 0.189309 0.236754 0.036200
v 0.029349 0.254938 0.043834
v 0.345745 0.179532 -0.067674
v 0.331828 0.173812 -0.065529
v 0.133500 0.212728 0.063621
v 0.135005 0.197988 0.066995
v 0.247442 0.133188 0.008445
v -0.013517 -0.149753 -0.118591
v -0.004741 -0.154754 -0.114732
v 0.126156 -0.107309 0.100656
v 0.167440 0.273666 -0.040141
v 0.108926 -0.143958 -0.093546
v 0.111407 -0.152964 -0.084752
v 0.190691 0.269670 -0.006787
v 0.052449 0.201151 -0.105575
v 0.053674 0.183833 -0.109115
v -0.069899 0.291761 -0.034281
v 0.030836 0.215499 -0.097831
v 0.131633 -0.191114 0.110970
v -0.138655 -0.030870 0.101777
v 0.201573 0.238087 -0.066978
v 0.203943 0.248130 -0.060301
v -0.139174 0.006881 -0.053829
v 0.048608 -0.061096 -0.090520
v 0.083365 0.146753 -0.115352
v 0.049213 -0.057473 0.155184
v 0.039737 -0.061284 0.156788
v 0.048660 -0.068073 0.155807
v 0.133400 0.191186 -0.095134
v 0.001704 0.153688 -0.131287
v 0.025340 0.071223 -0.122768
v 0.023958 0.116149 -0.126301
v 0.140800 -0.021205 0.098505
v -0.105988 0.152249 0.102026
v 0.103273 -0.068277 -0.057100
v -0.073615 0.146300 0.115534
v -0.161295 -0.220197 -0.058055
v -0.028429 -0.193263 0.165069
v -0.017511 0.197832 -0.112411
v 0.032058 0.133925 0.121169
v 0.021118 0.138718 0.117256
v 0.274323 0.162330 -0.063583
v 0.274017 0.154487 -0.051311
v 0.264678 0.158733 -0.060312
v -0.106231 -0.128749 0.123925
v -0.100460 -0.120507 0.128766
v -0.109462 -0.116077 0.123571
v -0.055657 0.002747 0.148792
v 0.268667 0.128937 -0.009069
v 0.264031 0.129802 0.000846
v 0.074233 0.167173 0.101101
v -0.246525 0.240315 -0.062186
v -0.252606 0.232416 -0.068049
v 0.138813 -0.081528 -0.055722
v 0.191646 0.110065 -0.013658
v 0.179476 0.261818 0.027117
v -0.138977 0.087942 0.101246
v -0.132617 0.084797 0.111151
v -0.132330 0.099470 0.106605
v -0.150739 -0.197446 -0.065553
v -0.113576 -0.025967 -0.069605
v -0.118047 -0.034493 -0.064288
v 0.205304 0.216784 0.044652
v -0.157141 -0.193036 -0.056757
v 0.030003 0.175707 0.089988
v 0.040838 0.177052 0.088766
v 0.029552 0.181605 0.086092
v 0.205599 0.130490 -0.020784
v -0.108732 0.068268 -0.097056
v 0.059275 -0.033851 0.152396
v 0.060006 -0.013993 0.151488
v 0.050083 -0.027714 0.153364
v 0.328436 0.126421 -0.027852
v 0.205651 0.191235 0.036790
v 0.217283 0.188051 0.036642
v 0.211994 0.199898 0.034779
v 0.038695 -0.192381 0.164077
v -0.032343 0.230425 0.054838
v 0.180818 0.019200 -0.004206
v 0.176935 0.017527 0.012817
v 0.064764 0.283281 -0.053925
v -0.100612 0.073655 -0.103538
v 0.300080 0.156938 -0.053620
v 0.284665 0.160255 -0.058652
v -0.055949 0.242961 0.037615
v 0.181603 0.090267 -0.040980
v -0.025143 -0.065034 -0.076859
v -0.024412 -0.078612 -0.074470
v -0.172072 0.269260 -0.012904
v 0.032709 -0.038038 -0.079630
v 0.348936 0.191966 -0.071497
v 0.341871 0.200703 -0.072482
v -0.287343 0.174631 -0.075508
v 0.099802 0.226204 0.044754
v -0.153829 0.165540 -0.093299
v -0.150959 0.173416 -0.096697
v 0.151910 0.178357 0.061816
v 0.023679 -0.099005 -0.115653
v -0.151681 -0.058637 0.023274
v -0.149405 -0.047765 0.029597
v 0.081751 0.278114 -0.071974
v 0.189069 0.262589 -0.038299
v 0.189807 0.257697 -0.042957
v 0.088043 0.062797 0.149114
v 0.098582 0.065392 0.144816
v 0.086920 0.078686 0.149139
v 0.340827 0.238942 -0.054889
v 0.138340 0.246103 -0.066783
v 0.315357 0.147444 -0.041221
v 0.321206 0.240278 -0.054730
v -0.067346 0.071271 0.150105
v 0.178812 0.237090 0.043476
v 0.181550 0.222812 0.043239
v 0.336594 0.220853 -0.067670
v -0.144789 0.037362 0.075441
v -0.174058 -0.001691 -0.028605
v -0.164389 -0.194606 -0.046676
v -0.323440 0.243249 -0.049392
v 0.086184 -0.087068 -0.067955
v 0.094532 -0.084216 -0.062240
v 0.094824 -0.100616 -0.072619
v -0.085452 -0.117631 -0.105749
v 0.084505 0.093970 0.145389
v 0.075641 0.083024 0.148894
v -0.027448 -0.007746 0.152045
v -0.090720 0.248520 0.049110
v -0.089124 0.259412 0.036754
v -0.070125 -0.177080 -0.097574
v -0.070433 -0.188919 -0.102264
v -0.174597 0.266542 -0.002841
v 0.043146 0.129133 0.124978
v 0.033139 0.119770 0.132875
v 0.044421 0.114492 0.135950
v 0.161608 0.269450 0.011128
v 0.054840 0.079360 -0.118135
v -0.197807 0.223810 -0.075975
v -0.204684 0.211094 -0.079665
v -0.142115 -0.129182 -0.035553
v -0.135733 -0.121489 -0.037337
v -0.130436 -0.132584 -0.051350
v -0.055744 -0.033712 0.149541
v -0.065636 -0.020900 0.146900
v -0.005348 0.128772 0.126845
v -0.052325 -0.090717 0.152091
v 0.072729 0.277307 0.003948
v 0.081746 0.274422 0.001789
v 0.107450 0.006166 -0.086644
v 0.095232 0.000993 -0.085798
v 0.035060 0.208170 0.069080
v -0.171846 -0.002898 0.000081
v 0.102883 -0.032531 0.132820
v 0.254396 0.148396 0.021915
v 0.260288 0.163521 0.026305
v 0.272393 0.162249 0.022638
v 0.022709 0.137989 -0.121405
v 0.055748 0.143455 -0.117857
v 0.165581 -0.225543 -0.052078
v 0.065654 0.169297 -0.113967
v 0.148543 -0.046258 0.084486
v -0.159438 -0.125637 -0.008598
v -0.153064 -0.121825 -0.006580
v -0.153149 -0.132422 -0.019929
v 0.181733 0.086776 0.008144
v 0.179027 0.075621 0.010238
v 0.058415 -0.220267 -0.113469
v 0.063387 -0.232819 -0.116658
v 0.109158 -0.212442 -0.097951
v -0.338294 0.246512 -0.016691
v 0.107811 0.051989 0.141054
v 0.098292 0.057489 0.145763
v 0.001551 0.035674 0.151765
v 0.011578 0.039549 0.151828
v 0.252708 0.251760 -0.046020
v 0.001313 0.246235 -0.115512
v 0.001189 0.235661 -0.118204
v 0.168645 0.004789 0.018684
v 0.160930 0.012428 0.031996
v 0.157491 0.000720 0.032206
v -0.015459 -0.068885 -0.075233
v 0.034414 -0.005154 -0.098446
v 0.044816 0.000293 -0.099369
v 0.023189 0.093201 0.146341
v -0.066652 -0.009292 -0.094228
v -0.056868 -0.014305 -0.095541
v 0.059287 0.218292 -0.103127
v 0.047570 0.219308 -0.100746
v -0.183137 -0.228544 -0.015291
v -0.093500 0.093482 0.140937
v 0.058017 -0.064301 0.153539
v -0.170726 -0.098302 0.024167
v -0.270542 0.157429 -0.063579
v 0.310388 0.160094 -0.055881
v 0.312885 0.154139 -0.048233
v 0.227656 0.149051 -0.049661
v -0.116842 -0.102511 -0.084472
v -0.127193 -0.100815 -0.076288
v 0.005299 0.142763 0.116103
v -0.139570 -0.212142 0.102201
v -0.114260 -0.084017 -0.069586
v -0.122056 -0.089914 -0.076633
v -0.125853 -0.079652 -0.065198
v 0.060106 -0.182181 0.158315
v -0.159038 -0.077019 -0.043712
v 0.095422 -0.192137 0.137568
v 0.020601 0.150208 0.107503
v 0.321010 0.156313 -0.050873
v 0.206322 0.257212 -0.052420
v 0.218718 0.244041 -0.058946
v -0.024970 -0.228191 0.158905
v -0.010154 -0.228162 0.161891
v -0.177733 0.056863 0.009277
v -0.175121 0.044916 0.011120
v -0.189517 0.120828 -0.022079
v 0.043416 0.213164 0.065007
v -0.147582 -0.027997 0.034727
v -0.147145 -0.018299 0.041333
v -0.305046 0.216398 -0.073212
v 0.071369 0.292918 -0.034931
v -0.120406 0.095137 -0.099695
v -0.128949 0.103058 -0.096190
v -0.083796 -0.174318 0.142923
v -0.093756 -0.165144 0.134853
v -0.097339 -0.174574 0.132861
v 0.011309 0.074912 0.151135
v -0.170213 -0.048888 -0.031806
v 0.187782 0.245773 -0.057003
v 0.190437 0.234500 -0.063639
v 0.011666 0.107395 0.140620
v 0.068461 -0.081219 -0.095223
v 0.056416 -0.090787 -0.099045
v 0.062495 -0.075519 -0.101339
v 0.310450 0.192137 -0.074788
v 0.129828 -0.020841 -0.077180
v 0.117215 -0.021397 -0.079474
v 0.149876 0.110801 0.084278
v 0.077953 -0.120044 0.144759
v 0.077130 -0.130535 0.145141
v 0.220494 0.251584 -0.051574
v 0.094964 0.151276 0.106492
v 0.086956 0.261796 0.006098
v 0.082017 0.267742 0.010672
v 0.342990 0.249850 -0.013040
v 0.361050 0.250433 -0.015950
v 0.360834 0.240884 0.001374
v 0.236045 0.217488 0.029221
v 0.223761 0.217090 0.032002
v 0.136250 -0.009328 0.076521
v 0.130354 -0.006716 -0.079165
v 0.118390 0.002532 -0.081409
v -0.073414 0.025618 0.145696
v 0.234597 0.132529 0.006936
v -0.167198 -0.014108 0.000798
v 0.021393 -0.210226 0.166141
v 0.033473 -0.212125 0.162359
v 0.027818 -0.201271 0.165812
v 0.317215 0.250976 -0.014029
v -0.086590 0.248221 0.036961
v -0.147246 -0.019417 0.057729
v -0.148765 -0.032229 0.052052
v -0.180382 0.107908 0.017113
v 0.011687 0.012461 0.152317
v 0.001808 0.017623 0.151996
v -0.276995 0.238966 0.005082
v -0.145104 0.190494 -0.098999
v -0.093332 0.179879 -0.111826
v 0.159912 -0.018928 0.018565
v -0.172690 -0.026456 -0.015097
v 0.069740 0.244493 -0.096836
v 0.065093 0.254418 -0.092048
v -0.011156 0.232707 -0.115369
v -0.027388 0.057999 -0.120257
v 0.172344 0.263885 -0.039558
v 0.027114 -0.219952 0.162671
v 0.020852 -0.227834 0.162645
v 0.036476 -0.227397 0.158054
v -0.069337 -0.173820 0.151555
v -0.036624 -0.218449 -0.115479
v -0.280570 0.157197 -0.059996
v -0.278647 0.252716 -0.023816
v -0.279114 0.250949 -0.010713
v 0.104322 0.138560 0.107718
v -0.017560 0.212967 -0.108907
v 0.041525 0.033399 0.151743
v 0.031642 0.038456 0.151822
v 0.031416 0.020351 0.152027
v -0.050178 0.066708 0.151780
v 0.019866 0.170966 -0.113833
v 0.031909 0.161890 -0.111080
v -0.320871 0.206495 -0.075989
v 0.154228 -0.134707 -0.021095
v -0.072656 0.017773 -0.097945
v -0.033624 0.170510 0.099070
v -0.023220 0.178342 0.100560
v 0.064807 0.048188 0.151500
v -0.099718 -0.030068 0.133929
v -0.137339 0.111010 -0.092384
v -0.145370 0.106707 -0.085205
v -0.069954 -0.075625 -0.072572
v -0.060347 -0.080540 -0.073007
v -0.070025 -0.092849 -0.071948
v 0.161944 0.269618 -0.022327
v -0.233565 0.142757 -0.046272
v -0.185115 -0.219968 0.004440
v -0.179891 0.132833 0.034685
v 0.225848 0.133244 0.011018
v 0.159296 -0.224281 0.087430
v 0.170131 -0.223628 0.073670
v 0.158101 -0.215835 0.087305
v -0.091856 -0.060361 -0.067668
v 0.103788 0.114287 -0.106964
v -0.270385 0.244443 0.000778
v -0.276378 0.251348 -0.006442
v -0.116833 0.062929 -0.090496
v 0.055369 0.014983 -0.103805
v 0.055069 0.005457 -0.100141
v -0.167112 0.131949 -0.067827
v -0.172352 0.139353 -0.067976
v 0.085318 0.013392 -0.096116
v 0.040074 0.210884 -0.101112
v -0.100497 0.244509 0.056662
v -0.094274 -0.030580 -0.079372
v 0.122537 -0.120642 0.104944
v 0.011675 0.021535 0.152025
v -0.170166 0.268815 0.005383
v -0.126448 -0.077463 0.099971
v -0.164672 -0.080527 0.057995
v -0.167310 0.043121 0.026877
v -0.159825 0.041323 0.043021
v -0.164625 0.055761 0.037607
v -0.147549 -0.037694 0.028060
v -0.147853 -0.034990 0.040099
v -0.133516 -0.087327 -0.070548
v -0.133215 0.279477 -0.042216
v 0.029655 0.217213 0.065984
v -0.167801 -0.037544 -0.014398
v 0.102560 0.165778 0.098662
v -0.307515 0.235508 0.004836
v -0.326650 0.157991 -0.057812
v -0.335073 0.155239 -0.055118
v 0.176060 0.033838 -0.014004
v 0.167518 -0.043049 -0.020686
v 0.153128 -0.039713 -0.028257
v 0.158925 -0.028037 -0.023370
v -0.264964 0.150844 -0.054971
v 0.049565 0.279820 -0.072474
v -0.102305 -0.083334 -0.064061
v -0.102050 -0.071258 -0.060921
v -0.101646 0.198083 -0.107451
v 0.175152 0.080325 0.018311
v 0.255379 0.256140 -0.003499
v -0.033775 -0.087804 -0.075533
v 0.151037 -0.203053 -0.067633
v 0.156846 -0.196546 -0.060685
v 0.033729 0.080128 0.150076
v 0.002722 0.054563 -0.119913
v 0.002829 0.039879 -0.115872
v 0.166523 0.257273 -0.069890
v 0.155752 0.011540 -0.033823
v -0.143378 0.039980 -0.067261
v 0.094811 0.008143 0.141555
v 0.089110 0.023138 0.145402
v 0.042593 -0.029324 -0.081266
v 0.043543 -0.016958 -0.088423
v -0.059725 -0.194153 0.155327
v -0.049183 -0.184502 0.160695
v -0.064771 -0.184005 0.154020
v 0.285568 0.154457 0.018075
v 0.054355 0.124565 0.128955
v -0.062301 -0.098594 -0.080107
v -0.054556 -0.102805 -0.089021
v 0.058959 -0.098240 -0.091330
v 0.065462 -0.090726 -0.088458
v 0.069977 -0.101468 -0.081012
v -0.145999 0.064551 0.084578
v -0.007250 0.000412 -0.104976
v -0.136490 0.030793 0.096331
v 0.039195 -0.071888 0.157500
v 0.094400 0.138492 -0.112368
v 0.101566 0.131324 -0.109179
v 0.018640 0.187088 0.084911
v 0.009232 0.194922 0.087634
v 0.009271 0.181998 0.093402
v -0.233425 0.220968 0.026054
v 0.157289 -0.145451 -0.035609
v 0.162670 -0.160433 -0.037634
v 0.150684 -0.073740 0.084192
v 0.144454 -0.065372 0.093591
v 0.078276 0.107088 0.140414
v 0.101366 0.074127 -0.099077
v 0.111707 0.078884 -0.094167
v -0.183426 0.124158 0.024614
v -0.126317 -0.119032 -0.047013
v -0.037995 0.014323 0.150635
v -0.027668 0.001428 0.151614
v -0.028280 0.019732 0.151207
v -0.183686 0.102089 -0.027746
v -0.185383 0.115454 -0.030341
v 0.002433 -0.086516 -0.087570
v -0.134731 0.236947 -0.090971
v 0.103837 -0.109937 0.126199
v 0.100335 -0.096186 0.129995
v -0.183133 -0.228175 0.040112
v 0.062701 -0.109612 -0.087569
v -0.075547 0.161120 -0.116184
v -0.061774 0.149325 -0.118007
v -0.162815 0.267045 -0.056525
v -0.171418 0.268249 -0.051723
v -0.139661 -0.133966 -0.042082
v 0.338903 0.232370 -0.061026
v 0.149210 0.066432 0.092679
v 0.108122 0.103863 -0.103301
v 0.112122 0.093595 -0.098916
v 0.113549 -0.049487 -0.072533
v 0.143539 0.196921 0.059430
v 0.127804 -0.188586 -0.081950
v 0.118167 -0.178726 -0.083370
v -0.200317 0.253645 0.013995
v 0.155475 -0.156924 -0.051729
v 0.148427 -0.141939 -0.050797
v -0.071263 -0.057740 -0.075800
v -0.152256 -0.091030 -0.047819
v 0.263351 0.149475 -0.043487
v 0.254021 0.144103 -0.034404
v -0.165546 0.098043 0.054565
v -0.149009 -0.146059 -0.045756
v -0.082500 0.198895 0.078839
v 0.102514 0.265784 0.001283
v 0.107978 0.251888 0.021903
v 0.117605 0.251779 0.023773
v 0.052233 0.028621 0.151417
v 0.163254 0.024357 0.031387
v -0.016982 0.241883 -0.099650
v 0.177525 -0.199685 -0.016292
v -0.080643 -0.163826 0.143995
v 0.137900 0.222596 -0.085891
v 0.130701 0.208813 -0.090857
v -0.116967 -0.195163 0.119236
v 0.173653 0.081211 0.037840
v -0.132286 0.012197 0.109784
v -0.123910 0.008603 0.118114
v -0.124496 0.024426 0.117706
v -0.093487 -0.184731 0.136130
v -0.079596 -0.184410 0.145816
v 0.021180 -0.076740 -0.088468
v -0.108045 -0.068895 0.125914
v 0.173417 0.253099 -0.047644
v 0.103204 -0.108339 -0.088281
v -0.008691 0.039381 0.151687
v -0.008302 0.021339 0.151787
v -0.293455 0.157174 -0.058421
v 0.163309 -0.115294 0.053239
v 0.164935 -0.123696 0.049336
v 0.003101 0.010593 -0.107878
v 0.002604 -0.055689 0.156986
v 0.003591 -0.162529 -0.106145
v 0.052753 -0.082474 -0.105227
v 0.087172 0.075083 -0.106359
v -0.249758 0.254839 -0.038551
v -0.233060 0.256148 -0.041348
v -0.234208 0.253307 -0.047430
v 0.161787 -0.198235 0.080680
v 0.001800 0.267425 -0.110479
v 0.133657 -0.092769 -0.023570
v -0.258297 0.153923 0.020114
v 0.089583 -0.009487 -0.078733
v 0.100622 0.033830 -0.090172
v -0.169866 0.151337 -0.076319
v 0.173000 -0.140568 0.022972
v 0.171669 -0.132031 0.030950
v 0.168882 -0.148960 0.037273
v 0.067287 0.231762 0.057874
v -0.007381 0.014889 -0.109454
v -0.033214 -0.184066 0.165027
v 0.027406 0.233193 -0.096643
v 0.014974 0.232006 -0.095772
v 0.275961 0.241059 0.010806
v -0.132886 -0.187062 0.105634
v 0.137449 -0.018395 -0.067013
v -0.055157 0.020670 0.148963
v -0.063876 0.031099 0.148124
v -0.063105 0.014573 0.147507
v 0.138421 0.040198 -0.074473
v 0.148821 0.049154 -0.068476
v -0.103581 -0.060973 -0.059739
v -0.035742 0.222216 0.060504
v -0.025704 0.225031 0.061912
v -0.137850 0.015599 0.099277
v 0.051367 0.229428 0.053746
v 0.017469 0.192755 -0.108439
v -0.038259 -0.062257 0.154388
v -0.028543 -0.065905 0.155852
v 0.244808 0.138882 -0.025137
v -0.151484 0.048788 -0.061611
v -0.143239 0.050401 -0.069572
v -0.081030 -0.094568 0.141367
v -0.085260 -0.079412 0.140437
v -0.095177 -0.090380 0.135345
v 0.035248 0.037983 -0.112700
v 0.029899 0.046077 -0.115147
v 0.035410 0.054104 -0.116123
v 0.088422 0.284598 -0.067347
v 0.044354 0.144627 -0.115752
v 0.032827 0.146250 -0.115485
v -0.053033 -0.067328 -0.077940
v 0.217819 0.246214 0.028518
v 0.178217 0.004851 0.007017
v -0.145065 0.091160 0.091223
v -0.138933 0.095315 0.099115
v 0.149286 -0.186253 -0.066148
v 0.098778 0.154924 0.103220
v -0.095591 0.006721 0.136721
v 0.155997 -0.074100 0.052852
v -0.063254 -0.108376 0.148584
v 0.137347 0.075717 0.114321
v 0.145022 0.078539 0.103390
v 0.073370 0.271192 0.013281
v 0.064261 -0.130527 0.151504
v 0.141997 -0.194176 -0.074670
v -0.246529 0.256693 -0.026130
v 0.137075 -0.037379 -0.031817
v -0.018184 -0.100319 -0.096199
v -0.021473 -0.109658 -0.110863
v -0.176914 0.218257 0.047345
v -0.211713 0.260820 -0.003622
v 0.169632 -0.123592 0.038886
v 0.166933 0.157009 0.059220
v 0.107481 -0.123673 0.122474
v 0.002417 -0.037308 0.155351
v 0.168670 -0.176702 -0.036742
v -0.326248 0.180900 0.013892
v 0.217921 0.208494 0.033409
v -0.079747 0.279400 -0.002582
v -0.004728 0.063566 0.151869
v -0.010863 0.073552 0.151665
v -0.015714 0.057789 0.151862
v -0.010632 0.206638 -0.121123
v 0.001185 0.214243 -0.122671
v 0.001252 0.199146 -0.125283
v -0.004842 -0.140050 -0.124108
v 0.031191 -0.025510 0.154596
v -0.025808 -0.046886 -0.086447
v -0.026310 -0.037539 -0.090972
v 0.150784 0.030128 0.062979
v 0.087072 0.271080 -0.080210
v 0.051983 0.183832 0.083091
v 0.045447 0.019335 -0.106801
v -0.076392 0.042768 0.146890
v -0.202194 0.243788 0.023024
v -0.212001 0.239422 0.024063
v -0.152634 -0.101505 -0.004332
v -0.230429 0.230615 0.029492
v 0.090266 0.267199 -0.002814
v 0.107805 -0.006703 0.133046
v 0.111159 0.005337 0.132748
v -0.062296 -0.062723 -0.077173
v 0.020506 -0.195018 -0.106158
v -0.062514 0.147918 0.109312
v 0.155797 0.070106 0.080737
v -0.108158 -0.139201 0.121218
v 0.257411 0.245908 0.010686
v 0.140192 -0.026253 0.047275
v 0.139993 -0.038339 0.039580
v 0.332625 0.233372 0.010752
v 0.333799 0.245347 -0.001704
v -0.148437 0.024647 -0.051830
v -0.064343 -0.097839 0.148058
v 0.055086 0.117004 0.134057
v 0.124100 0.055334 0.128297
v -0.156357 -0.116732 0.005410
v 0.192676 0.223504 -0.069701
v 0.200356 0.212257 -0.077658
v 0.091283 -0.140876 0.136550
v 0.091542 -0.151200 0.137619
v 0.098651 -0.145969 0.131800
v 0.024235 0.022084 -0.109999
v -0.201360 0.147095 -0.057092
v -0.011215 0.222001 -0.117771
v 0.067272 -0.223833 -0.113972
v -0.157957 -0.231620 -0.065136
v -0.058460 -0.174378 -0.098618
v 0.059501 -0.046263 -0.078395
v 0.150693 -0.198903 0.093904
v -0.301032 0.198142 -0.076617
v -0.014743 -0.080095 0.158337
v 0.066182 0.049316 -0.108009
v 0.073766 0.057463 -0.106760
v 0.024572 0.054128 -0.117799
v -0.170188 0.056831 0.025391
v -0.111060 0.051715 0.132117
v 0.153570 0.285379 0.000494
v 0.277185 0.132744 0.007146
v -0.065067 0.259981 -0.085298
v 0.113330 -0.036620 0.125211
v 0.108249 -0.024312 0.130406
v -0.157088 0.097588 0.071198
v -0.082048 0.051703 0.147127
v 0.175565 0.052846 0.014157
v 0.181256 0.064506 0.004760
v -0.250277 0.253022 -0.042014
v 0.041264 0.165170 0.097915
v 0.129346 0.088607 0.121644
v 0.124505 0.071615 0.130250
v 0.153793 -0.074794 -0.031420
v 0.156313 -0.067442 -0.020988
v -0.074766 -0.194540 0.147608
v 0.025136 0.088016 -0.126830
v 0.021509 0.007291 0.152567
v 0.100187 -0.092673 -0.065606
v 0.162954 -0.054172 -0.028110
v -0.018947 0.119220 -0.126559
v 0.051823 0.209798 -0.103719
v 0.063582 0.208720 -0.106036
v -0.111947 -0.011996 0.125356
v -0.114319 0.005013 0.124994
v 0.091104 -0.035494 -0.084624
v 0.104439 -0.022355 -0.078188
v -0.018441 0.025085 0.151523
v 0.102440 0.234688 0.037520
v 0.048096 -0.171869 0.162339
v 0.001133 0.224940 -0.120321
v -0.131715 0.027746 0.107787
v -0.102249 0.093217 -0.107984
v -0.083938 0.093355 -0.115078
v 0.143721 0.273779 -0.000651
v 0.147757 0.277366 0.007757
v 0.069350 -0.019483 0.149756
v -0.046355 -0.028066 0.151132
v 0.055315 0.069397 0.151688
v -0.288620 0.175617 0.021494
v 0.003969 -0.195058 -0.106899
v -0.165365 0.059657 -0.046884
v -0.039804 0.124709 -0.117847
v 0.158428 -0.123780 0.058779
v 0.064639 -0.102805 0.151271
v 0.021590 -0.029413 0.155023
v 0.021518 -0.011032 0.153605
v -0.036845 0.243617 -0.091348
v -0.048703 0.238069 -0.095291
v -0.107304 0.155677 -0.113328
v -0.156536 0.000497 -0.039110
v -0.187028 0.179432 0.044393
v -0.194493 0.167297 0.035157
v -0.042228 -0.165551 0.162634
v -0.021898 0.067859 0.151784
v -0.032900 0.062199 0.151839
v 0.189550 0.097403 -0.010521
v 0.051698 -0.184358 0.160881
v 0.145596 -0.060344 0.047980
v 0.140933 -0.051159 0.043888
v 0.208439 0.258991 0.015551
v 0.165291 0.053761 0.029961
v 0.163516 0.059902 0.038244
v 0.069844 -0.151254 0.151562
v 0.073470 -0.140915 0.148261
v 0.060753 -0.140830 0.155118
v -0.158926 0.241292 -0.061988
v -0.071511 -0.106723 0.145024
v -0.078533 -0.115572 0.141579
v -0.149256 0.156563 -0.090467
v -0.144600 0.147569 -0.087777
v -0.000435 0.189579 0.095690
v -0.033831 0.151834 0.109556
v -0.033793 0.158228 0.106629
v -0.022797 0.109464 0.139898
v 0.224977 0.193770 0.035072
v -0.260478 0.169960 -0.071777
v -0.044892 -0.219935 0.156213
v -0.064402 -0.107084 -0.100313
v 0.164894 -0.007313 0.018939
v 0.153226 -0.010706 0.032109
v 0.138557 0.247479 0.041641
v 0.141530 0.258234 0.036419
v 0.131125 0.261291 0.039452
v 0.114329 0.162713 -0.103741
v -0.136218 0.246426 -0.083417
v 0.103750 -0.161267 0.129978
v 0.264496 0.155015 -0.054106
v 0.021705 0.038481 -0.114215
v -0.306511 0.188225 -0.077657
v -0.030325 -0.183557 -0.102838
v -0.074503 0.193451 0.071307
v 0.160142 0.047709 -0.061419
v 0.158244 0.060588 -0.062139
v -0.002304 0.031013 -0.113745
v 0.122726 0.251860 0.045279
v 0.116661 0.248342 0.032197
v -0.014174 -0.131546 -0.124637
v 0.013090 -0.039313 -0.083390
v 0.013068 -0.051793 -0.077608
v 0.074788 0.154786 0.110199
v -0.182070 0.056655 -0.000056
v -0.184736 0.056603 -0.009954
v -0.008647 0.077877 -0.126670
v -0.039654 -0.228451 0.155176
v -0.084831 0.113381 -0.117674
v -0.079263 0.122405 -0.119015
v -0.074391 0.105467 -0.119788
v 0.186502 0.092155 -0.000879
v 0.185702 0.097864 0.006163
v 0.171458 0.017210 0.018221
v 0.143650 0.092663 0.100308
v 0.129538 0.013053 0.117241
v 0.120258 0.007915 0.127337
v 0.268466 0.143634 -0.035354
v 0.098958 0.151522 -0.110280
v -0.243070 0.257922 -0.020395
v -0.177494 0.244209 0.036759
v -0.176319 0.251120 0.027587
v 0.001377 0.184018 -0.127471
v -0.095867 -0.040813 -0.073925
v -0.033456 0.213941 0.065470
v -0.129670 -0.145125 0.102591
v -0.044966 0.128294 0.125158
v 0.141931 0.240020 -0.074142
v 0.126407 0.154999 -0.099779
v -0.242318 0.203990 0.026315
v 0.037936 0.270845 -0.076954
v 0.282179 0.243135 0.007002
v 0.135934 -0.107196 0.089891
v -0.044452 -0.058498 -0.082491
v -0.327256 0.147092 -0.048525
v 0.018871 0.181943 -0.111378
v 0.141611 -0.050359 0.032238
v 0.142456 -0.063715 0.018100
v 0.200913 0.178494 0.039757
v 0.216707 0.255300 0.018861
v 0.164325 0.029184 -0.034716
v 0.326490 0.218302 -0.069152
v 0.222240 0.259260 -0.044567
v -0.073889 -0.085662 0.144445
v 0.148553 -0.079092 -0.049172
v -0.134479 0.041847 -0.074426
v 0.073523 -0.017857 -0.078557
v 0.089003 -0.019648 -0.076663
v -0.096303 0.011977 -0.088243
v 0.026178 -0.165309 0.167526
v 0.050419 -0.017803 0.152775
v -0.120343 0.107654 -0.102417
v -0.219986 0.243789 0.019711
v -0.215749 0.234319 0.030510
v 0.009705 0.203490 -0.115927
v 0.006587 0.190323 -0.123592
v -0.020862 -0.236246 -0.120258
v -0.164872 -0.145608 0.042944
v -0.163145 -0.153418 0.054442
v -0.131730 0.069931 0.114184
v -0.267451 0.254525 -0.009148
v -0.070912 0.008395 0.145638
v 0.084085 0.188132 0.091558
v -0.142318 0.218775 0.052604
v 0.175890 0.275128 0.001437
v -0.234135 0.258944 -0.027962
v -0.056705 0.123763 0.128981
v -0.178028 0.233982 0.042296
v -0.104413 -0.028566 -0.075276
v -0.075650 -0.020369 -0.088996
v -0.138844 -0.145022 0.092617
v 0.060888 -0.175244 -0.096501
v -0.183171 0.081191 -0.024426
v -0.098413 0.158677 -0.114623
v -0.061053 0.251995 -0.089945
v -0.147954 -0.136053 -0.033665
v -0.155988 -0.141389 -0.033674
v 0.011314 0.181411 -0.121033
v 0.101707 0.002759 0.137520
v -0.175423 -0.121508 0.018168
v 0.208611 0.212122 -0.072538
v -0.150296 -0.108951 0.002164
v -0.149874 -0.098897 -0.041050
v -0.109766 0.206322 -0.106780
v -0.054214 -0.054493 -0.083523
v 0.013601 0.023593 -0.111138
v 0.075501 0.017323 -0.099748
v -0.016343 -0.133757 0.164079
v -0.028107 -0.125521 0.161172
v -0.162037 0.233848 -0.068376
v 0.089679 0.055336 -0.097218
v 0.081544 0.065492 -0.105845
v 0.271308 0.253716 -0.006062
v 0.276898 0.249159 0.001030
v 0.283025 0.254481 -0.013025
v -0.061438 0.202569 -0.108651
v 0.067649 -0.052415 -0.090567
v 0.002962 0.025168 -0.112075
v -0.145773 0.010790 0.061298
v -0.145207 -0.000583 0.067073
v -0.232335 0.247176 -0.057612
v -0.088404 0.013075 0.140205
v -0.073491 0.131420 -0.119175
v -0.067645 0.140392 -0.118754
v 0.167497 0.267264 -0.056136
v -0.184380 -0.207553 0.014115
v -0.082186 -0.138713 -0.103801
v 0.148169 0.127455 -0.086153
v 0.340547 0.158279 0.006466
v 0.091868 -0.136455 -0.104192
v 0.100536 -0.140272 -0.099113
v -0.102267 -0.079642 0.131492
v 0.003305 -0.124693 0.164385
v 0.034908 -0.173747 0.166134
v 0.039692 -0.163338 0.165023
v 0.021401 -0.175652 0.168313
v 0.340742 0.225364 0.014255
v 0.348317 0.215703 0.016107
v 0.195796 0.194950 0.042385
v 0.187274 0.196955 0.050301
v -0.041378 0.286484 -0.070006
v -0.047191 0.277875 -0.075388
v 0.147057 -0.042541 0.077028
v 0.133514 -0.107122 -0.029099
v 0.114359 0.062014 -0.085056
v -0.071255 0.262880 0.009366
v -0.062780 0.265441 0.013037
v -0.084847 -0.161510 -0.109062
v 0.135216 -0.085428 -0.017993
v 0.147065 -0.073774 -0.018230
v 0.209896 0.128208 -0.001240
v 0.146747 -0.225105 0.099516
v -0.169075 0.021201 0.014273
v -0.151447 -0.023965 0.017740
v 0.359109 0.224648 0.012337
v -0.013384 -0.178801 -0.101459
v -0.005010 -0.167383 -0.102524
v -0.140813 0.061451 0.095119
v -0.135442 0.058236 0.105406
v -0.139073 0.073115 0.104833
v -0.082481 -0.191791 -0.101278
v 0.044237 -0.008486 -0.094125
v -0.061261 -0.055235 0.148652
v -0.045247 0.141404 -0.115950
v 0.328626 0.230022 -0.063579
v 0.075439 0.140478 0.117130
v -0.097475 0.269072 0.020420
v -0.082706 0.255920 0.025512
v -0.114883 0.067171 0.133810
v -0.124454 0.098403 0.116841
v -0.115319 0.097283 0.126138
v -0.144410 0.076191 0.094233
v 0.258496 0.139313 -0.025787
v -0.004435 -0.141903 0.166910
v 0.161468 -0.090478 0.043165
v -0.178131 -0.229162 -0.034794
v 0.157593 0.114384 0.072672
v 0.153245 0.125808 0.083331
v 0.166871 0.113228 -0.058681
v -0.204682 0.126612 -0.004725
v -0.203500 0.126668 -0.013316
v -0.097901 -0.193366 -0.097770
v 0.021253 -0.116323 -0.115216
v -0.029609 0.042169 -0.115667
v 0.152120 -0.056498 0.077634
v 0.146998 -0.056783 0.091304
v -0.112139 -0.076606 -0.058265
v 0.154943 0.106567 -0.069168
v 0.160023 0.037274 -0.059463
v -0.070158 0.103612 0.141973
v 0.010031 0.150223 0.109585
v 0.186560 0.165704 -0.067833
v 0.285973 0.250680 -0.003114
v -0.191845 0.247140 0.031513
v -0.034340 -0.074732 0.155793
v -0.029394 -0.080880 0.156965
v 0.142921 -0.040568 0.027787
v 0.141345 -0.051786 0.016980
v -0.316499 0.157140 -0.057757
v -0.026785 -0.027974 -0.095002
v -0.036255 -0.036859 -0.091793
v -0.060646 0.271689 -0.074173
v -0.072159 0.272058 -0.070876
v 0.238049 0.180266 -0.073123
v 0.246434 0.187690 -0.074208
v -0.045420 -0.045718 -0.088023
v 0.228965 0.133341 -0.014005
v 0.236747 0.205111 -0.075005
v 0.100111 -0.130384 0.129350
v 0.003897 -0.149911 -0.118403
v 0.163319 0.107193 0.066481
v -0.053915 -0.174331 0.158626
v -0.102065 -0.157861 0.127326
v -0.116900 -0.159921 0.115031
v 0.146006 0.228245 -0.081523
v 0.064232 0.059592 -0.111235
v 0.180467 0.112191 0.040877
v 0.173171 -0.179999 -0.023748
v 0.177318 -0.183235 -0.010514
v -0.052703 0.245118 -0.093713
v -0.044860 0.251853 -0.091219
v 0.060497 -0.017553 -0.082185
v 0.066600 0.154411 -0.116514
v 0.095733 -0.230415 -0.108705
v 0.011965 -0.218371 -0.114456
v 0.076274 0.115010 -0.117154
v -0.036697 0.290916 -0.060042
v 0.098251 0.278728 -0.075148
v -0.044527 0.163421 0.097767
v -0.050269 0.164132 0.096888
v -0.217720 0.161652 -0.069276
v 0.058035 -0.207470 -0.109266
v -0.038574 0.014163 -0.106796
v 0.181915 0.093656 0.016802
v 0.076586 0.260598 -0.084143
v 0.104006 0.268345 -0.002909
v -0.186839 0.269184 -0.042062
v -0.201392 0.263262 -0.032659
v -0.170935 -0.228343 0.070750
v 0.172480 0.021331 -0.013595
v 0.164094 0.023513 -0.022930
v -0.123643 -0.071571 -0.054343
v 0.229879 0.255515 -0.048114
v 0.017323 -0.201364 0.167443
v 0.033391 -0.022234 -0.087676
v -0.078056 -0.070467 0.143342
v -0.068663 -0.064213 0.146486
v -0.080155 -0.057966 0.142889
v 0.088914 -0.130454 0.137658
v -0.159097 -0.018954 0.009077
v 0.178326 0.241482 -0.073630
v 0.322473 0.227539 0.015078
v 0.009522 0.244043 -0.095738
v -0.140124 -0.136573 0.089387
v 0.023175 0.127000 -0.123508
v 0.033228 0.135276 -0.118263
v -0.061662 0.160634 -0.116903
v -0.065207 0.286723 -0.056740
v 0.137027 0.150895 -0.095646
v 0.046614 -0.234254 -0.117876
v -0.149045 -0.035635 0.019470
v -0.168225 0.113246 0.052721
v -0.162668 0.105417 0.061961
v -0.164262 0.120701 0.059487
v 0.076339 -0.156178 -0.097915
v 0.074301 -0.166366 -0.090802
v 0.198453 0.197232 -0.076911
v 0.278707 0.195117 0.032498
v -0.079164 0.154457 0.111110
v 0.058352 0.097769 -0.121043
v -0.174604 -0.176388 -0.020548
v -0.340301 0.241475 -0.004494
v -0.351882 0.245608 -0.014150
v 0.029410 -0.108964 -0.109217
v 0.120746 0.175310 0.084173
v -0.074170 -0.115689 -0.108700
v -0.084433 -0.106722 -0.099882
v -0.150869 0.089651 -0.071171
v -0.158514 0.082083 -0.059916
v -0.167023 -0.230774 -0.051854
v -0.171339 -0.219907 -0.043387
v -0.150070 0.077084 -0.067448
v -0.247032 0.149796 -0.056973
v -0.342539 0.222095 0.011273
v -0.154491 0.033697 0.051708
v -0.057500 -0.132217 -0.118540
v 0.039039 0.227836 -0.096625
v 0.128109 0.278880 -0.057426
v 0.081371 0.253288 -0.092004
v -0.132396 -0.003691 0.110166
v 0.164789 -0.016342 -0.018567
v 0.171664 -0.031626 -0.013431
v 0.165060 -0.044917 -0.006111
v -0.160448 -0.070549 -0.030169
v -0.193633 0.256242 -0.058498
v -0.092607 -0.073009 0.137518
v -0.012892 0.266383 0.049732
v 0.046852 0.295228 -0.046906
v 0.074311 -0.114375 -0.088403
v -0.055227 -0.041278 -0.088139
v 0.240840 0.262019 -0.000414
v 0.048087 -0.078670 0.156304
v -0.161075 0.156649 -0.085560
v 0.014045 0.062822 -0.121623
v 0.008240 -0.030549 -0.089591
v 0.230787 0.202210 0.032567
v -0.038216 0.213423 -0.098642
v 0.072822 -0.083764 -0.086309
v 0.106042 -0.097344 -0.073247
v 0.165156 0.149430 0.063085
v -0.173869 -0.177955 0.046015
v 0.117443 -0.007227 -0.078281
v 0.091336 -0.001512 0.142420
v -0.159180 -0.011355 -0.039676
v -0.038885 0.183907 -0.108097
v 0.339568 0.181469 0.013077
v 0.343883 0.168164 0.008402
v 0.349914 0.186829 0.011800
v -0.109613 0.165913 0.094552
v 0.333857 0.138719 0.002437
v -0.077891 0.025377 -0.097869
v 0.136133 0.188536 0.069093
v 0.145402 0.187785 0.062233
v -0.008102 0.012271 0.152023
v -0.016877 -0.048287 0.155417
v -0.226910 0.261027 -0.019748
v -0.331466 0.145524 -0.047369
v 0.197095 0.251058 -0.054466
v 0.190607 0.157005 -0.060931
v 0.011802 -0.043236 0.156115
v -0.165820 0.158847 0.053127
v 0.138683 -0.136567 -0.057645
v 0.058459 -0.030830 -0.079525
v 0.030729 0.172897 -0.108519
v 0.142091 0.203566 -0.092295
v 0.110416 -0.030167 -0.082725
v -0.203862 0.235651 0.028435
v -0.059379 0.286072 -0.004966
v 0.046870 0.105812 -0.124569
v 0.242353 0.195511 -0.076219
v -0.224136 0.221050 0.034167
v 0.177647 -0.224110 -0.021733
v -0.183657 -0.199307 0.013777
v 0.003095 0.298460 -0.102028
v 0.251018 0.246260 0.016020
v -0.139284 0.110183 0.095130
v -0.079673 0.044648 -0.103225
v 0.076958 0.176527 -0.113266
v -0.051781 -0.058798 0.151330
v -0.153568 -0.093453 -0.011290
v -0.150539 -0.077853 -0.005843
v 0.355626 0.205486 0.016523
v 0.345269 0.200358 0.015808
v -0.158441 0.130570 -0.074054
v 0.184620 0.102292 -0.039278
v -0.193978 0.190317 0.045212
v -0.226411 0.168600 -0.072949
v 0.002783 -0.072969 0.158571
v -0.103644 -0.107804 0.128366
v -0.094596 -0.112228 0.133421
v -0.039101 0.168829 -0.110581
v 0.167854 0.114869 0.056352
v 0.174735 0.108066 0.050966
v -0.163444 -0.148934 -0.032487
v -0.159615 -0.154685 -0.040929
v -0.175596 -0.189782 -0.025192
v -0.338600 0.165224 -0.062679
v 0.043565 -0.182153 0.163768
v -0.151202 -0.085914 0.001161
v 0.307512 0.142173 -0.034043
v -0.181967 -0.190081 0.003592
v -0.098866 -0.147525 0.128449
v -0.165910 0.072807 -0.050855
v 0.155636 0.194492 -0.083825
v 0.082102 -0.101884 -0.075866
v 0.084582 -0.107773 -0.080278
v -0.005739 -0.072972 -0.075948
v 0.201451 0.205280 0.044986
v 0.178992 -0.195261 -0.009997
v -0.084430 0.103351 -0.116490
v -0.163347 0.139001 0.058727
v 0.214761 0.136589 -0.030181
v -0.045747 0.219329 0.058860
v 0.089414 -0.222134 -0.108847
v 0.161798 0.129194 0.072258
v -0.080013 0.201700 0.068480
v 0.151871 -0.061654 0.060579
v 0.264424 0.250697 0.003102
v 0.175133 -0.170991 -0.010546
v -0.142906 -0.032995 -0.048858
v 0.003841 -0.076615 -0.078588
v -0.344987 0.187956 -0.075285
v 0.032634 -0.048020 -0.076111
v 0.071087 0.217152 -0.104852
v -0.167907 0.236408 -0.081851
v -0.156887 -0.085249 -0.037542
v -0.147087 0.215276 -0.082812
v -0.147446 0.206201 -0.086458
v 0.051727 0.218031 0.060633
v -0.090234 -0.155641 0.136689
v -0.058976 0.024290 -0.104693
v -0.136952 0.281053 0.010437
v 0.082531 -0.140893 0.142584
v 0.031257 0.002069 0.152739
v 0.142288 0.062798 0.104445
v 0.160602 0.138200 0.071553
v 0.167859 0.136843 0.063843
v -0.037770 -0.174829 0.164045
v 0.058607 -0.053701 0.153070
v 0.028337 -0.183118 0.167219
v -0.162527 -0.136154 -0.021394
v -0.066229 -0.145443 0.150692
v 0.154571 -0.064916 0.071922
v -0.087969 -0.103432 0.137742
v 0.247673 0.254200 0.004837
v 0.207014 0.155412 -0.055768
v -0.199934 0.178609 0.034143
v -0.208974 0.194563 0.032906
v -0.028361 0.134069 -0.117376
v 0.126229 -0.121578 -0.047739
v 0.033909 -0.013752 -0.093160
v 0.041170 0.015162 0.151973
v 0.008137 0.039084 -0.115406
v -0.158565 0.112820 0.068667
v 0.162374 -0.132156 0.051824
v -0.101637 0.234227 0.065276
v -0.156471 0.027933 0.044189
v -0.019890 0.067919 -0.123585
v -0.115107 0.020993 0.125541
v 0.042478 0.176410 -0.108636
v 0.182327 0.093474 0.036486
v -0.113668 0.111512 0.119382
v 0.148034 -0.048979 0.070128
v 0.089211 -0.200944 0.140825
v -0.137502 0.046385 0.095226
v -0.141739 0.055521 0.090037
v -0.145245 0.051058 0.079918
v 0.099059 -0.016345 0.137003
v -0.096629 -0.020273 0.135784
v 0.158636 0.259873 -0.043510
v -0.193910 0.149009 -0.060685
v -0.185946 0.154062 -0.067814
v 0.016343 0.046582 -0.116747
v -0.013464 -0.162666 -0.106691
v -0.033603 0.205014 0.072899
v -0.112133 -0.113858 -0.082396
v -0.033797 0.143848 -0.114889
v 0.121322 0.272104 -0.005204
v 0.123270 -0.077791 -0.052853
v 0.000250 0.134575 0.121376
v 0.359997 0.250349 -0.037299
v 0.176802 0.118453 -0.050876
v -0.013406 -0.195304 -0.107085
v 0.066901 -0.124458 -0.103134
v -0.113567 -0.015563 -0.071893
v 0.152113 -0.068847 0.050346
v -0.087339 -0.035017 0.140478
v 0.156909 -0.202858 0.087399
v 0.067614 -0.227189 0.146942
v 0.060695 -0.219545 0.151333
v -0.038737 -0.188895 0.162939
v 0.040788 -0.021651 0.153780
v -0.125337 -0.161764 0.107917
v -0.096556 0.276780 -0.022088
v 0.086132 0.243618 -0.096764
v 0.110487 0.192423 -0.103444
v 0.121688 0.203507 -0.095800
v 0.075332 0.043289 0.150050
v -0.152961 -0.166689 -0.055506
v 0.183365 0.274444 -0.012754
v 0.106649 0.157134 -0.107039
v -0.110739 -0.233290 -0.105711
v 0.143917 -0.051303 0.055504
v 0.170183 -0.188827 -0.036327
v -0.159106 0.054734 0.049943
v 0.093983 -0.108318 -0.084037
v -0.159346 0.180261 0.053476
v 0.102890 -0.140738 0.127969
v -0.050159 0.177985 -0.111963
v -0.206168 0.201293 0.040688
v 0.124194 -0.144957 0.108769
v -0.171319 -0.089623 0.035795
v -0.060634 -0.088926 -0.072065
v 0.021137 -0.049206 0.156762
v 0.184177 0.213523 0.049121
v 0.186681 0.208378 0.052164
v 0.132478 -0.108386 -0.049766
v 0.177673 0.269753 0.015088
v 0.066785 -0.161560 0.154218
v 0.065218 0.180346 -0.112037
v 0.082391 -0.209731 0.143462
v 0.076859 -0.201051 0.147772
v -0.235339 0.194375 0.029339
v 0.139141 -0.140522 -0.068486
v -0.159574 0.128100 0.065800
v 0.077396 0.165337 -0.114453
v -0.084327 -0.018505 0.141506
v 0.317839 0.138449 -0.036246
v -0.150429 0.036486 -0.057139
v -0.071835 0.276723 -0.064952
v -0.073103 0.289815 -0.048620
v -0.125717 0.260574 -0.073732
v 0.256506 0.222117 0.026310
v 0.022974 -0.053201 -0.075979
v -0.116135 -0.120446 0.117638
v -0.100746 0.260496 0.020254
v 0.105182 -0.012043 -0.078091
v 0.106037 -0.002019 -0.080461
v -0.101481 0.083410 -0.105867
v 0.148477 0.247416 0.038670
v -0.235389 0.257684 -0.011620
v -0.177546 0.096186 0.019303
v -0.172954 0.091785 0.029088
v 0.007488 0.234364 -0.105320
v -0.173582 -0.031832 -0.024465
v 0.115762 -0.039385 -0.082091
v 0.056820 -0.085472 0.154258
v 0.114165 -0.116946 0.114948
v 0.072715 0.009337 0.149045
v -0.073197 -0.107861 -0.101025
v 0.050497 -0.023272 -0.082307
v -0.035965 0.047497 0.151528
f 1 2 3
f 4 5 6
f 7 8 9
f 10 11 12
f 13 14 15
f 16 17 18
f 19 20 21
f 22 23 24
f 25 26 27
f 28 29 30
f 31 32 33
f 34 35 36
f 37 38 39
f 40 41 42
f 43 44 45
f 46 47 48
f 49 50 51
f 52 53 54
f 55 56 57
f 58 59 60
f 61 62 63
f 64 65 66
f 67 68 69
f 70 71 72
f 73 74 75
f 76 77 78
f 79 80 81
f 82 83 84
f 85 86 87
f 88 89 90
f 91 92 93
f 94 95 96
f 97 98 99
f 100 101 102
f 103 97 99
f 104 105 106
f 107 108 109
f 110 111 112
f 113 114 115
f 116 117 118
f 119 120 121
f 122 123 124
f 125 126 127
f 128 129 130
f 131 132 133
f 134 135 136
f 137 138 139
f 140 141 142
f 143 144 145
f 146 147 148
f 149 150 151
f 152 153 154
f 155 156 157
f 158 159 160
f 161 162 163
f 164 165 166
f 167 168 169
f 170 171 172
f 173 174 175
f 176 177 178
f 179 180 181
f 182 183 184
f 185 186 187
f 188 189 190
f 191 192 193
f 194 195 196
f 197 198 199
f 123 200 201
f 202 203 204
f 205 206 207
f 208 209 210
f 211 212 213
f 214 215 216
f 217 218 219
f 220 221 222
f 223 224 225
f 226 227 228
f 229 230 231
f 232 233 234
f 235 236 226
f 237 238 201
f 239 240 241
f 242 243 244
f 245 246 247
f 248 249 250
f 251 252 253
f 254 255 256
f 257 258 259
f 260 261 262
f 263 264 265
f 266 267 186
f 268 269 270
f 271 272 273
f 274 115 275
f 276 262 261
f 277 278 279
f 236 280 281
f 282 283 284
f 285 286 287
f 288 289 290
f 291 292 293
f 294 241 295
f 296 297 298
f 299 300 301
f 294 295 136
f 302 303 304
f 305 306 199
f 307 308 309
f 310 311 312
f 313 314 315
f 316 317 318
f 319 231 320
f 321 322 323
f 324 325 326
f 327 328 329
f 330 331 332
f 187 333 334
f 335 336 337
f 338 339 340
f 341 342 343
f 344 345 346
f 347 348 349
f 329 350 351
f 352 353 354
f 224 355 356
f 357 358 359
f 360 361 362
f 363 364 365
f 366 367 368
f 369 370 371
f 372 120 373
f 374 375 376
f 377 378 379
f 380 376 375
f 381 382 383
f 384 385 386
f 199 387 388
f 389 390 391
f 392 393 394
f 395 396 397
f 398 399 400
f 401 402 403
f 404 405 406
f 407 408 83
f 409 410 411
f 412 413 414
f 415 416 417
f 418 419 420
f 421 422 423
f 424 425 426
f 408 407 291
f 427 428 429
f 430 431 222
f 432 433 434
f 274 435 436
f 437 438 439
f 440 441 442
f 443 444 445
f 446 447 448
f 449 450 451
f 452 453 454
f 455 456 457
f 458 459 460
f 461 136 462
f 463 464 465
f 466 467 468
f 469 470 471
f 472 36 473
f 474 475 476
f 156 477 478
f 479 480 481
f 482 483 484
f 368 485 486
f 487 488 489
f 490 491 492
f 186 267 493
f 494 495 496
f 497 4 498
f 499 500 501
f 502 503 504
f 505 506 234
f 507 508 509
f 510 511 512
f 513 514 515
f 516 517 518
f 371 519 520
f 521 522 523
f 524 525 526
f 90 527 88
f 528 529 530
f 531 532 533
f 534 535 25
f 536 537 538
f 539 540 541
f 542 443 543
f 544 545 546
f 547 548 549
f 550 551 552
f 553 554 555
f 556 557 558
f 559 560 561
f 562 388 563
f 564 565 566
f 567 568 569
f 570 571 572
f 573 574 536
f 69 575 67
f 576 577 578
f 579 580 581
f 582 583 584
f 585 101 586
f 587 588 589
f 590 591 592
f 593 594 595
f 596 597 598
f 63 599 600
f 601 602 603
f 604 605 372
f 606 607 608
f 609 610 27
f 611 612 613
f 614 615 616
f 617 618 619
f 620 621 622
f 623 624 625
f 626 627 628
f 629 630 631
f 632 633 634
f 635 636 504
f 637 638 591
f 330 639 640
f 641 642 643
f 644 645 646
f 647 648 649
f 650 651 652
f 653 654 655
f 656 657 658
f 659 660 661
f 290 662 663
f 664 665 666
f 34 472 667
f 668 669 670
f 260 671 672
f 673 674 620
f 675 676 677
f 678 658 679
f 680 362 361
f 681 682 444
f 683 684 685
f 686 687 688
f 689 2 1
f 690 691 692
f 693 692 691
f 500 694 695
f 696 697 698
f 661 429 428
f 163 699 700
f 701 702 515
f 464 463 703
f 704 705 706
f 707 708 487
f 475 474 709
f 710 711 712
f 713 714 715
f 716 717 718
f 719 720 721
f 722 304 723
f 443 724 444
f 725 726 727
f 728 729 730
f 731 732 733
f 734 735 736
f 737 738 739
f 740 741 742
f 743 677 676
f 744 745 746
f 747 748 749
f 750 751 752
f 753 754 755
f 756 326 325
f 757 337 336
f 758 759 760
f 761 762 763
f 764 765 766
f 432 767 768
f 295 462 136
f 769 770 771
f 118 772 773
f 774 775 776
f 777 778 779
f 780 781 782
f 783 784 785
f 786 787 788
f 789 160 790
f 159 790 160
f 791 792 793
f 794 795 796
f 797 360 362
f 798 799 800
f 801 802 803
f 402 804 805
f 806 302 807
f 808 809 810
f 811 812 813
f 814 815 816
f 399 817 400
f 818 759 819
f 820 821 370
f 822 823 727
f 824 825 826
f 550 312 311
f 135 827 136
f 828 829 830
f 831 832 833
f 788 834 835
f 836 837 838
f 839 746 745
f 674 673 840
f 841 842 843
f 844 845 846
f 847 848 849
f 281 850 851
f 852 853 854
f 855 562 563
f 856 857 858
f 859 860 861
f 862 863 864
f 865 866 867
f 868 869 870
f 871 872 20
f 873 874 875
f 876 877 25
f 878 879 880
f 881 882 883
f 884 885 886
f 887 888 889
f 890 891 892
f 893 894 895
f 896 897 763
f 898 899 900
f 901 902 903
f 904 254 905
f 906 907 908
f 909 910 911
f 790 912 913
f 166 914 915
f 916 917 918
f 919 920 921
f 922 923 924
f 925 107 109
f 926 927 928
f 929 930 931
f 932 185 187
f 933 934 935
f 936 937 938
f 939 940 941
f 942 943 944
f 945 946 947
f 948 949 950
f 951 952 953
f 954 955 956
f 957 320 231
f 958 959 883
f 622 621 960
f 961 962 963
f 555 964 553
f 100 102 965
f 966 967 968
f 969 968 967
f 605 121 372
f 970 971 972
f 973 974 975
f 976 977 978
f 979 980 981
f 982 983 984
f 985 986 987
f 988 989 990
f 991 992 993
f 994 995 67
f 996 506 997
f 998 999 1000
f 886 630 1001
f 1002 1003 1004
f 1005 1006 1007
f 1008 1009 1010
f 374 1011 375
f 1012 1013 1014
f 1015 1016 1017
f 383 1018 1019
f 840 1020 1021
f 176 1022 1023
f 1024 1025 1026
f 238 1027 1028
f 1029 1030 170
f 1031 770 1032
f 1033 1034 191
f 681 1035 1036
f 1037 1038 1039
f 1040 1041 284
f 859 1042 860
f 1043 1044 1045
f 1046 1047 1048
f 1049 998 1000
f 1050 1051 776
f 1052 636 1053
f 1054 1055 1056
f 1057 1058 1059
f 1060 1061 1062
f 212 232 1063
f 1064 1065 1066
f 556 1067 557
f 1068 1069 1070
f 1071 1072 1073
f 736 766 765
f 60 1074 1075
f 1076 1077 1078
f 1079 1080 1077
f 1081 88 109
f 1082 1083 1084
f 1085 486 1086
f 236 1087 280
f 1088 1089 230
f 1090 1091 633
f 1092 1093 1094
f 1095 1096 768
f 1097 1098 1099
f 1100 1101 1102
f 1103 73 75
f 1104 1105 509
f 322 1106 783
f 920 581 921
f 1107 227 1090
f 1108 1109 1110
f 1111 1112 1113
f 279 969 1114
f 1115 1116 1117
f 1118 1119 1120
f 1121 1122 1123
f 1124 1125 1126
f 1127 768 767
f 668 670 1128
f 1129 1130 640
f 1131 1132 1133
f 160 1134 158
f 998 1135 999
f 1136 1137 1138
f 1139 1140 1141
f 893 1011 1142
f 1143 1144 1145
f 239 1146 1147
f 1148 1149 1150
f 1151 1152 1153
f 966 1154 373
f 1155 1004 1003
f 1156 1157 1158
f 1159 1160 653
f 832 1068 1161
f 1162 1163 1164
f 1165 1166 1167
f 1168 1169 497
f 1092 1170 1171
f 1172 1173 1174
f 1006 249 1175
f 1176 1177 1178
f 284 1041 282
f 1179 1180 1181
f 719 721 1182
f 1183 1184 252
f 1185 1186 1134
f 549 1187 1188
f 1189 1190 1191
f 214 1192 1193
f 1194 1195 1196
f 1197 1198 1199
f 82 84 1200
f 1201 1202 275
f 1203 1204 31
f 1205 1206 1207
f 1208 1209 1210
f 433 432 1211
f 1212 1145 1144
f 225 1213 1214
f 1215 274 1216
f 604 372 1217
f 1033 1218 1219
f 1220 1111 1113
f 1221 1222 1223
f 1224 1225 1226
f 1227 1228 1229
f 1230 1231 1232
f 1233 1107 1234
f 1235 1236 1237
f 1238 1239 1240
f 355 1241 718
f 1081 1242 734
f 687 1243 1244
f 1245 1246 1247
f 1248 1249 1250
f 1251 1252 1253
f 732 1254 733
f 182 1255 183
f 355 1256 1257
f 1258 1259 1260
f 1261 301 300
f 1262 1263 1264
f 1265 1188 1266
f 1267 946 1268
f 610 1142 374
f 45 44 118
f 1269 1270 1067
f 1271 1272 1273
f 1274 1275 1276
f 1277 1278 1279
f 1280 1281 236
f 1282 1283 1013
f 1284 1285 1198
f 1286 1287 1288
f 473 1289 1290
f 1291 460 459
f 1123 1292 1293
f 477 1294 478
f 1295 840 673
f 1296 1297 1298
f 969 1299 1300
f 1301 1302 1303
f 1304 1305 1306
f 1307 1308 1309
f 1310 1311 1312
f 1313 1314 1315
f 1316 1317 414
f 1318 1319 1320
f 1321 1322 1323
f 1324 1325 1326
f 116 118 44
f 1327 1328 999
f 1329 1330 1331
f 1332 752 751
f 1333 1334 1335
f 746 377 744
f 637 1336 638
f 1068 1070 1161
f 1337 1338 1339
f 1340 1341 1005
f 1342 1343 1344
f 1345 1346 1347
f 1348 1349 1350
f 1351 286 285
f 1352 237 1353
f 1354 1355 495
f 1356 1357 1358
f 449 1359 1360
f 1361 131 1362
f 1363 1364 1365
f 1366 1367 1368
f 1369 1370 1371
f 1372 1373 1374
f 1375 1376 912
f 1377 1378 720
f 1379 1380 1381
f 1382 298 297
f 1383 1384 1385
f 1386 1387 1388
f 1389 1390 1391
f 1392 1393 1394
f 1395 1396 1397
f 1398 1399 1400
f 1399 1401 1400
f 1402 1403 1404
f 1405 1406 1407
f 741 1408 1409
f 1410 1288 43
f 1219 1411 1033
f 1412 1413 1414
f 1415 1416 1417
f 1418 1419 1420
f 1421 1422 1423
f 484 1423 1422
f 91 864 863
f 1424 1425 1426
f 1373 1372 1293
f 1312 1427 1428
f 1429 127 1430
f 1431 493 267
f 1432 1433 1434
f 1435 1436 1437
f 944 1438 1439
f 1440 1441 1442
f 1443 327 329
f 1444 1070 1069
f 890 892 1445
f 1446 1447 1448
f 1046 736 735
f 1449 1450 1451
f 1452 1453 1122
f 1454 1455 1456
f 675 677 1457
f 1458 598 1459
f 1460 269 1461
f 1462 1463 1464
f 754 1465 291
f 1466 1467 1468
f 1469 1470 1471
f 1253 892 891
f 594 1472 595
f 1052 1457 1473
f 1181 1474 1179
f 1222 1475 1476
f 1477 1478 1479
f 1480 653 655
f 1481 756 613
f 1482 1483 1484
f 1485 278 277
f 680 1486 1487
f 1488 1489 1490
f 505 997 506
f 1491 78 77
f 1492 1493 1048
f 1494 1495 1496
f 1497 1498 1499
f 185 932 266
f 473 1500 1289
f 1501 504 636
f 814 1502 1503
f 1504 1505 1506
f 1051 1507 776
f 1508 57 1509
f 1459 1510 1511
f 1512 1377 720
f 1513 1514 1515
f 1117 972 971
f 1516 1517 1518
f 1519 1520 1521
f 1522 1150 1523
f 197 1524 133
f 1525 1526 1527
f 1528 1529 1530
f 200 1531 1353
f 1532 1533 1534
f 1082 1400 1401
f 1045 132 1535
f 1536 1477 1537
f 1538 868 1539
f 1540 526 1541
f 1542 1543 1544
f 1545 1202 1546
f 1547 572 571
f 1548 72 1549
f 473 1290 1550
f 1551 426 510
f 1552 1553 1554
f 657 656 1555
f 1556 1477 1557
f 1558 1559 1560
f 1561 295 241
f 1427 462 295
f 1562 1563 1564
f 1565 440 442
f 1225 486 485
f 1566 602 1418
f 1567 1568 222
f 1569 1570 683
f 1165 1571 1572
f 1562 1297 1573
f 324 1574 1575
f 1576 1577 1578
f 1579 1580 1534
f 1581 1582 434
f 1402 1583 103
f 1584 534 1585
f 1586 1587 1588
f 1589 1347 1590
f 1591 1497 1499
f 1592 1593 1594
f 493 1385 1384
f 1595 1596 1597
f 1598 740 1599
f 1600 427 1601
f 1602 1603 1604
f 1605 1453 1452
f 1606 1607 359
f 1608 1609 1610
f 1611 1612 1613
f 1614 1226 1615
f 1483 1616 1484
f 1617 1618 1619
f 1620 419 1621
f 1622 1623 1624
f 1625 18 17
f 1626 1627 1628
f 1334 1629 1630
f 668 222 431
f 203 202 1631
f 190 1632 971
f 1260 1633 1258
f 1634 1635 1636
f 646 1637 1638
f 1639 1640 1641
f 1642 656 678
f 1643 1644 1645
f 1646 1043 1452
f 1647 1648 1649
f 1650 1301 441
f 1651 1652 1653
f 1047 1046 1654
f 1655 1656 1657
f 1658 1451 1659
f 1303 441 1301
f 122 1660 123
f 1661 1662 1663
f 1664 1665 1666
f 1667 1668 1669
f 1670 1671 1672
f 1673 151 1018
f 1674 1675 676
f 1676 1677 1678
f 1679 1680 1681
f 1682 1683 203
f 1380 953 952
f 1684 1685 1686
f 1687 1063 1688
f 1689 1690 1097
f 1691 1692 1693
f 1694 1695 1696
f 240 239 1147
f 1697 1698 1699
f 1700 1701 1702
f 171 1703 1704
f 1705 82 1706
f 1245 1247 1707
f 19 1708 1709
f 198 133 1710
f 1711 1712 1083
f 1713 1714 109
f 1714 1081 109
f 1715 1716 1717
f 1718 1456 926
f 1719 1720 1721
f 1722 1723 1724
f 1725 1726 1727
f 1728 1729 805
f 1098 1656 1730
f 1731 1732 1733
f 844 846 1734
f 1735 835 1736
f 1737 1738 1739
f 1740 1741 1742
f 1743 718 1241
f 1744 102 101
f 1745 202 204
f 461 134 136
f 1285 1746 1747
f 1373 1293 1748
f 1749 1750 1387
f 1751 1752 1753
f 1754 1221 1755
f 1756 1757 1758
f 1759 726 1760
f 288 1761 1762
f 1763 1764 990
f 1765 1766 471
f 1767 1768 1769
f 1633 1770 1771
f 1772 1773 1774
f 610 1775 27
f 1776 793 1777
f 1778 1779 1780
f 609 27 26
f 1781 993 992
f 1782 1783 1784
f 1534 1580 1785
f 1785 1786 1787
f 161 700 1788
f 1789 735 1242
f 1790 919 1791
f 943 1436 944
f 1792 1661 1663
f 1793 1794 1795
f 1796 1797 906
f 1798 1248 1799
f 1800 1801 1802
f 1803 1804 1805
f 1806 1807 1808
f 88 527 109
f 1493 766 736
f 1809 1810 1811
f 1812 479 1813
f 1814 241 240
f 1815 1816 1458
f 1817 1818 21
f 881 1819 1788
f 1820 1821 1822
f 1823 1026 1025
f 1824 1825 1826
f 1827 1828 533
f 1829 1763 989
f 1830 1831 1832
f 1833 1834 1745
f 1835 1836 1837
f 1838 1445 892
f 1839 1840 1841
f 639 1842 1843
f 1025 1024 1844
f 173 1845 1846
f 1847 1848 1849
f 1850 1851 1852
f 718 356 355
f 891 1251 1253
f 1853 890 1445
f 255 1854 256
f 1149 749 748
f 1855 1856 152
f 1857 1858 1859
f 330 332 639
f 1860 511 1861
f 1862 1863 1864
f 1865 1866 1867
f 393 392 1868
f 1869 1870 1871
f 835 1872 1736
f 1873 649 1874
f 719 1512 720
f 1875 1077 1080
f 1876 1877 1878
f 1879 1880 1881
f 1882 1883 1884
f 1885 1886 1887
f 1888 1293 1372
f 196 1132 194
f 1889 1890 1642
f 1891 1892 1138
f 1893 1223 1476
f 1894 650 1558
f 1895 13 15
f 1896 1897 6
f 1898 18 1899
f 1900 1901 1902
f 322 783 1903
f 1904 1905 1906
f 1907 934 1908
f 1909 1910 1911
f 1235 1237 1912
f 976 1913 126
f 1618 1323 1914
f 415 1915 1916
f 1917 1918 614
f 1566 1418 1919
f 1920 1921 1922
f 1923 1924 1195
f 584 1925 1926
f 975 1927 1928
f 1929 1743 1241
f 1930 1240 1239
f 1252 1931 1811
f 1932 1167 1166
f 1933 1319 1934
f 990 1935 988
f 1936 1937 1938
f 1939 1335 1334
f 1940 1139 1141
f 1941 1079 1076
f 1942 1943 1944
f 1945 1946 1947
f 1569 683 1146
f 1357 566 565
f 1948 1234 1949
f 455 1950 110
f 1437 1951 1952
f 1953 1954 1955
f 1956 1957 1958
f 1959 1960 1961
f 1962 1963 1964
f 1965 1833 204
f 1966 1184 1967
f 1968 1969 184
f 1254 1970 733
f 1971 1972 1973
f 1943 1974 1944
f 1975 1976 1977
f 1418 1420 1978
f 1979 1980 922
f 1981 1982 1983
f 140 1984 141
f 1985 1986 1987
f 1 1061 1060
f 1988 1989 1990
f 1991 679 1992
f 1993 5 1994
f 1995 1996 137
f 968 1997 966
f 1998 1999 2000
f 2001 1052 2002
f 2003 2004 2005
f 2005 2004 311
f 1196 1195 1924
f 2006 1702 1701
f 312 2007 310
f 145 2008 604
f 1359 121 2009
f 1658 339 2010
f 685 2011 1495
f 2012 75 2013
f 907 906 1797
f 2014 2015 2016
f 2017 2018 594
f 107 2019 2020
f 580 579 2021
f 2022 2023 1872
f 2024 1774 916
f 2025 670 194
f 2026 638 1336
f 2027 482 484
f 375 2028 380
f 2015 2029 2030
f 2031 2032 2033
f 1810 1809 298
f 1682 1334 1333
f 2034 595 2035
f 2034 1560 2036
f 1583 2037 103
f 2038 2039 2040
f 1605 1535 1453
f 825 824 2041
f 2042 870 869
f 2043 589 2044
f 1696 1272 2045
f 833 454 831
f 1801 2046 2047
f 2048 2049 2050
f 1889 2051 2052
f 2053 2054 2055
f 1619 1914 2056
f 2057 2058 2059
f 2060 851 2061
f 2062 2063 2064
f 450 2065 2066
f 2067 2068 2069
f 2070 2071 906
f 2072 2073 2074
f 1866 1521 2075
f 295 2076 1427
f 1442 1769 2077
f 2078 2079 2080
f 275 435 274
f 2081 2082 2083
f 2084 2085 2086
f 537 536 574
f 2087 2088 1475
f 1936 1938 2089
f 2090 1824 2091
f 2092 2093 2069
f 13 2094 2095
f 2096 2097 2098
f 147 2099 2100
f 388 305 199
f 2101 1550 2102
f 2103 2104 1774
f 2105 2106 245
f 2107 603 602
f 2108 2109 2110
f 2076 295 1561
f 669 194 670
f 2111 2112 2113
f 2114 2115 2116
f 2117 2118 2119
f 2120 2121 2122
f 2123 2124 2125
f 329 2126 1443
f 1707 2127 1245
f 804 1728 805
f 2128 2129 2130
f 201 2012 123
f 63 600 61
f 2131 2132 2133
f 2134 2135 1757
f 1495 2136 2137
f 1183 2138 38
f 1670 1051 1671
f 2139 2140 2141
f 2054 2142 2143
f 552 2144 412
f 2145 2146 2147
f 1401 901 903
f 1003 2148 2149
f 633 1091 634
f 1932 2150 119
f 2151 718 1743
f 2152 2153 2154
f 2155 2156 2157
f 3 2158 797
f 2028 1143 1145
f 1738 1231 2159
f 1591 2160 2161
f 558 557 2162
f 2163 2164 2165
f 2166 982 2167
f 2168 996 2169
f 502 303 2170
f 2171 2172 2173
f 1791 2174 2175
f 2176 193 192
f 439 2177 2178
f 2038 2040 2179
f 573 2180 2181
f 187 2182 1505
f 2183 277 2184
f 2185 2186 2187
f 2188 2189 2190
f 2191 48 1054
f 2192 390 689
f 386 2193 606
f 1427 2194 1428
f 1493 1492 2195
f 203 712 1682
f 2196 2197 64
f 2198 2199 1220
f 894 1102 895
f 268 343 342
f 2200 2201 2202
f 2203 1080 2204
f 2205 2206 2207
f 2208 2209 941
f 546 1834 2210
f 2211 984 983
f 2212 417 416
f 2081 2213 342
f 2214 2215 1409
f 1281 226 236
f 1481 613 612
f 2216 2217 2218
f 2219 2220 2221
f 2222 1283 2223
f 2224 2225 2226
f 2227 2228 2229
f 861 2230 2231
f 859 861 2231
f 596 2232 2233
f 1139 2234 2235
f 2100 2236 2237
f 2238 2239 91
f 2240 193 2176
f 1599 740 742
f 2241 1358 1357
f 712 2242 710
f 2243 2244 1657
f 2245 2246 2247
f 2248 48 47
f 2249 2250 609
f 1933 2251 1764
f 460 2252 458
f 2253 910 2254
f 2255 2256 2257
f 2258 1526 2259
f 2260 2261 465
f 2262 2263 2264
f 128 2265 2266
f 1909 2267 1482
f 1644 2268 1645
f 1012 2269 1282
f 61 2270 2271
f 2272 2273 2274
f 250 1006 1005
f 2275 2276 272
f 634 1281 2277
f 2278 2279 2280
f 2281 1629 710
f 827 2282 2283
f 1857 2284 1093
f 355 1257 1241
f 2285 2286 1797
f 1844 2287 2288
f 2289 2290 2291
f 2141 2140 2292
f 2293 535 2294
f 2210 1834 1833
f 430 222 221
f 2295 1960 1959
f 2296 2297 1702
f 1103 987 73
f 263 2298 2299
f 1940 2300 2301
f 2302 533 2303
f 1968 2263 2304
f 2305 2306 2307
f 2308 155 157
f 2309 2310 2311
f 1081 89 88
f 2312 73 987
f 1078 2313 2314
f 1241 2315 2316
f 2317 2318 2319
f 143 2320 1888
f 2321 581 953
f 2322 2323 2324
f 2325 2326 35
f 2327 1516 2328
f 211 1986 2329
f 2004 2330 1695
f 1263 2331 1264
f 2176 2332 2333
f 1493 2195 766
f 860 2334 861
f 2335 2336 2337
f 1499 2338 142
f 913 2339 2340
f 936 1513 1515
f 2341 380 1212
f 2342 848 2343
f 2344 1853 2345
f 2346 247 246
f 757 336 2347
f 1758 1757 2135
f 1621 418 2348
f 1963 880 879
f 1764 1763 2349
f 2350 2351 1244
f 2352 2353 2354
f 2355 1979 922
f 1238 2356 2357
f 2358 2359 2360
f 620 2361 621
f 2132 2131 2362
f 2363 2364 2365
f 78 1838 2366
f 964 2367 1262
f 2368 2369 2370
f 1616 453 452
f 2371 2372 2373
f 2374 2375 2376
f 1426 2377 2378
f 111 475 1442
f 2379 2380 2381
f 2382 960 1502
f 1034 1033 1411
f 2383 1346 1345
f 2384 2385 1873
f 2386 2387 1330
f 2388 2389 1253
f 1903 2390 2391
f 2392 2231 2393
f 1906 2394 1904
f 2395 2396 2397
f 2398 2399 2400
f 1125 1124 2401
f 1251 2402 1252
f 58 843 842
f 2403 2404 1494
f 2405 2406 1878
f 2407 1845 2408
f 2409 580 2021
f 1479 1557 1477
f 574 2410 537
f 2411 365 2326
f 139 1995 137
f 2412 2413 2355
f 2414 1304 2415
f 1327 1135 2416
f 1786 2417 2418
f 393 2419 394
f 346 345 2420
f 2421 2422 2423
f 2424 2425 1740
f 221 2426 2427
f 2428 2429 2430
f 2431 838 2432
f 136 827 294
f 764 124 2433
f 787 808 810
f 2434 2435 2436
f 2437 721 720
f 2438 2439 2440
f 2433 765 764
f 1246 1755 1893
f 1125 96 262
f 2441 2442 1254
f 2443 2444 1952
f 515 2445 2446
f 527 925 109
f 2447 257 2448
f 2449 2050 2049
f 2450 2451 2452
f 2453 53 2454
f 727 726 822
f 2455 2456 986
f 2457 621 2361
f 2458 2459 1610
f 2114 1155 2460
f 2132 377 379
f 2283 294 827
f 294 2283 239
f 2461 559 2226
f 2462 2029 2463
f 1742 2464 2424
f 2465 305 855
f 1719 807 302
f 398 2466 2467
f 1410 2468 2469
f 2470 62 2471
f 2472 2473 2289
f 2474 1544 2057
f 2475 2178 2177
f 2476 1141 2477
f 2478 1820 2479
f 2480 2481 2482
f 2149 2483 2484
f 1935 990 2485
f 1576 1578 414
f 2486 2487 208
f 1374 2488 809
f 2489 2490 1590
f 2131 2133 296
f 2491 667 499
f 2492 275 1202
f 2493 2494 2429
f 2495 2496 1104
f 2497 2498 2499
f 2500 2501 2502
f 1123 1888 2320
f 1377 2503 2504
f 2505 2506 2507
f 2508 151 2509
f 2316 1929 1241
f 2510 491 2511
f 2512 2513 2514
f 356 2515 224
f 2516 2517 1394
f 2518 2519 2520
f 401 430 2521
f 2522 2152 92
f 2032 228 2033
f 1197 1199 1926
f 1790 2523 2524
f 2525 2526 2527
f 1101 1568 1102
f 930 2528 931
f 69 965 102
f 824 933 935
f 2529 2530 2531
f 2532 2533 2534
f 1279 2535 2536
f 2537 628 2538
f 1914 1619 1618
f 2539 234 506
f 2540 1123 2320
f 775 2541 776
f 2542 1992 679
f 1873 2543 647
f 2544 2508 2545
f 759 818 2546
f 2547 2125 2548
f 2549 2550 2551
f 1421 2417 2552
f 702 2445 515
f 805 403 402
f 2553 2554 2555
f 2176 192 2556
f 2557 2558 2516
f 2559 2560 2115
f 1662 2561 2562
f 2563 1511 1510
f 2330 2004 2564
f 547 549 2565
f 1413 165 2566
f 2483 2148 2567
f 814 2568 815
f 2290 2289 2473
f 2569 2418 1423
f 2570 531 533
f 1966 1967 611
f 2571 1095 652
f 2572 2573 2441
f 2574 2575 2576
f 2577 2578 2160
f 2579 2580 1872
f 2581 2582 2583
f 2584 1603 1864
f 1974 2585 2586
f 1654 735 1789
f 1652 1851 2587
f 1863 2310 1709
f 2576 2394 1906
f 2588 2589 2590
f 2591 2592 2593
f 2099 2236 2100
f 2594 2595 1491
f 2182 186 493
f 2596 2597 2598
f 2437 2599 721
f 2600 1182 2143
f 1117 1632 1115
f 1861 1729 446
f 2601 2602 361
f 1113 2198 1220
f 2603 2604 2277
f 2604 632 2277
f 2605 2606 2607
f 2608 2609 2597
f 205 2610 206
f 2387 2285 2611
f 2612 2613 2614
f 160 1598 1134
f 2615 1706 2616
f 2617 2618 2619
f 2620 2621 831
f 1614 1615 2622
f 1087 236 2623
f 2624 2625 983
f 1882 2626 2627
f 2628 2629 2630
f 2631 2632 2633
f 2634 855 563
f 2635 2636 2637
f 2241 1357 565
f 2146 2638 1972
f 2638 598 1972
f 2639 725 727
f 2640 596 598
f 2433 90 89
f 2065 2641 2642
f 2574 2576 409
f 2422 2421 2165
f 976 978 1913
f 2643 2644 2593
f 740 2645 741
f 63 62 531
f 2646 2647 462
f 2647 461 462
f 857 2004 2003
f 186 185 266
f 2349 1319 1933
f 2648 2649 2650
f 2651 2652 2653
f 1302 2654 1303
f 993 592 2655
f 745 1931 839
f 393 1868 2656
f 2657 2658 2547
f 1257 2315 1241
f 1673 2659 149
f 2090 2660 2661
f 2662 2663 1422
f 1902 2664 2665
f 1008 2073 949
f 1201 115 114
f 2666 264 2667
f 2668 2669 1462
f 1714 2670 1408
f 2671 2672 2673
f 364 36 35
f 2481 1265 2674
f 2675 2676 2677
f 2602 2678 1897
f 2679 2680 666
f 1159 2681 1700
f 276 2682 1924
f 2002 2286 2683
f 2684 2685 2686
f 2687 2397 1007
f 2688 765 2433
f 2689 2432 2690
f 493 2691 2182
f 2136 1965 2137
f 2692 2693 2694
f 2137 1496 1495
f 2695 2696 2697
f 2615 1705 1706
f 2698 900 2699
f 2700 1696 550
f 2701 2702 1904
f 583 1925 584
f 2703 545 2704
f 285 2705 2706
f 327 1443 2707
f 2708 2361 2709
f 1785 1787 1532
f 2710 2019 925
f 2711 2712 997
f 2713 2418 2714
f 2495 2715 1606
f 2716 2717 2718
f 1329 2719 1330
f 2720 679 658
f 1900 2721 219
f 2722 2723 2724
f 2209 2020 2019
f 677 2725 2726
f 307 2727 308
f 2728 808 787
f 2400 2729 2398
f 2318 2730 2731
f 1828 2223 2732
f 2733 1541 2734
f 970 972 87
f 2735 2736 2737
f 2738 2739 2740
f 2741 2742 1625
f 708 2743 2744
f 215 2745 2746
f 120 2150 966
f 2747 1773 908
f 2748 1609 2749
f 2750 2751 1082
f 1762 289 288
f 2752 2753 2754
f 2755 2539 506
f 2756 2757 2758
f 2759 2760 2761
f 1770 1633 2762
f 706 2763 704
f 2764 1235 2765
f 1446 1849 1848
f 2766 2356 2767
f 1550 667 472
f 1285 2768 2096
f 2769 2037 1583
f 2770 2271 2270
f 26 2249 609
f 1760 57 56
f 2771 2279 2772
f 2773 2774 2775
f 2776 1090 2341
f 2777 2311 2731
f 2296 2778 2779
f 788 835 786
f 2780 2781 1491
f 181 2782 179
f 2783 2784 2785
f 2786 648 2787
f 396 911 2788
f 1681 1109 1108
f 1722 1110 1109
f 2789 2790 2791
f 810 2792 2793
f 2794 1229 1228
f 2759 2795 2796
f 2797 2798 2799
f 1286 2800 2801
f 2367 1050 1262
f 2802 390 2192
f 2803 2804 2805
f 2806 363 365
f 527 90 74
f 821 820 2807
f 2808 691 2809
f 489 2810 2587
f 2274 2273 2811
f 2812 2813 2814
f 1838 78 1491
f 2815 2816 2817
f 2818 2285 1797
f 498 1897 2819
f 907 2286 2002
f 2820 1511 2821
f 1586 2822 2823
f 2824 2261 2260
f 2825 2040 2039
f 1524 131 133
f 1547 2826 2827
f 2828 2829 47
f 1743 2827 2826
f 1330 2830 1331
f 2831 2832 2833
f 2025 194 1132
f 2834 969 1300
f 278 1997 968
f 2298 263 2835
f 2836 2837 2838
f 2839 2840 2841
f 1630 2842 1391
f 1999 2843 2000
f 2844 2845 2846
f 2847 1129 2848
f 1812 2849 336
f 2850 2851 2852
f 15 2853 2854
f 2158 3 2
f 53 2453 2855
f 2111 2557 2856
f 2595 2331 1263
f 1869 2857 2858
f 869 2134 2042
f 1935 2859 988
f 2860 1951 2861
f 1042 2862 1779
f 2863 1122 1453
f 591 2864 2865
f 2465 2866 2867
f 625 1805 1804
f 678 2868 1642
f 2869 2870 265
f 2871 2872 2542
f 741 1409 742
f 2024 2873 1937
f 2874 2875 2876
f 2864 2303 2865
f 2877 2878 2879
f 2239 878 2522
f 2629 652 1095
f 2880 900 899
f 479 1812 335
f 2881 521 523
f 1494 2404 1495
f 1634 2882 1894
f 2883 2884 2885
f 233 2329 2886
f 2568 661 660
f 2887 2583 2582
f 2888 2889 1445
f 2890 1038 1010
f 2031 1316 2032
f 1196 1924 2682
f 2891 2892 2893
f 1807 2037 1808
f 1345 1589 2357
f 2141 2894 2139
f 1599 1134 1598
f 1044 2895 2896
f 2896 1710 1044
f 631 2897 629
f 2898 1331 2830
f 2433 89 2688
f 89 1081 2688
f 2899 2900 2901
f 2902 2903 306
f 2904 2905 2906
f 2907 2908 2909
f 2910 850 2911
f 2912 2527 652
f 2913 2914 2915
f 2916 1054 2917
f 2847 1542 2918
f 1534 1533 2608
f 2313 1077 1875
f 687 1076 1078
f 10 12 2919
f 1561 2920 2076
f 2137 1335 1496
f 1939 1334 1630
f 460 1291 2125
f 2214 1409 1713
f 1574 326 2921
f 2922 1237 2754
f 2923 1777 793
f 2924 2102 2695
f 2925 2926 2927
f 1929 2316 2928
f 2929 1539 2930
f 1404 1403 2931
f 1977 2932 1291
f 2933 2934 2935
f 2936 2937 2938
f 1180 139 2939
f 1274 2940 963
f 2545 2941 2544
f 2942 345 2943
f 2944 350 328
f 721 2599 2143
f 2945 2855 2453
f 2946 1424 2947
f 2385 2948 2949
f 2042 2134 2950
f 2951 2952 2953
f 2750 396 2751
f 2954 2955 1717
f 1021 2956 2709
f 2957 388 387
f 332 859 639
f 2958 2959 2667
f 2960 2614 2393
f 2393 2230 2960
f 2961 2962 2950
f 687 1244 1076
f 2286 907 1797
f 2963 820 2964
f 2287 1844 1024
f 1867 1866 2965
f 2966 1733 1732
f 2967 568 288
f 2968 2089 1938
f 2969 8 2970
f 1382 2971 2586
f 2972 2973 2974
f 1632 1871 2975
f 587 2976 2977
f 967 1932 969
f 2771 2978 2979
f 2823 2980 2981
f 1505 1504 2982
f 1926 2983 1197
f 2598 2984 2596
f 2985 2261 1944
f 2986 1393 2987
f 2254 129 2266
f 2988 2989 349
f 2990 2991 2220
f 2806 2992 2993
f 2994 2858 2857
f 2500 1474 1181
f 2616 2661 2995
f 1435 2444 2716
f 2084 2996 2997
f 1391 2842 2998
f 637 591 2999
f 3000 1609 2056
f 3001 3002 3003
f 3004 3005 3006
f 796 3007 794
f 3008 3009 1983
f 2120 192 250
f 2045 2315 551
f 3010 3011 2474
f 3012 3013 2206
f 1234 3014 3015
f 3016 2767 2868
f 1111 1220 3017
f 762 3018 3019
f 2430 1913 3020
f 2493 2428 1417
f 2228 922 3021
f 3022 3023 1671
f 3024 3025 2235
f 1537 3026 2011
f 2859 3027 3028
f 842 59 58
f 3029 3030 2128
f 1431 2534 2533
f 1892 1136 1138
f 904 3031 3032
f 1107 3033 227
f 3034 2502 3035
f 882 1788 700
f 3036 390 389
f 2086 2996 2084
f 2298 3037 2299
f 1651 1851 1652
f 1397 1396 3038
f 624 798 1805
f 2233 2563 1510
f 2563 2233 1273
f 2202 2897 3039
f 204 1683 1965
f 3040 2849 1812
f 3041 1238 1240
f 789 1941 1076
f 787 2793 788
f 1383 3042 2654
f 3043 2592 3044
f 3045 1878 1877
f 1869 2979 2978
f 1102 1128 3046
f 2779 2122 3047
f 3048 1030 3049
f 3050 2970 1728
f 798 624 2292
f 1591 142 94
f 3051 2167 3052
f 3053 2369 2368
f 2285 2818 2611
f 2493 2737 2736
f 450 1571 1165
f 26 2293 3054
f 1192 2981 2980
f 3055 2906 2905
f 3056 3057 3058
f 3059 3060 1726
f 3061 3062 3063
f 3064 3065 746
f 2961 2950 1848
f 1849 1712 1847
f 3066 3067 2181
f 3068 1026 1823
f 3069 3070 3071
f 1782 3072 3073
f 3074 1904 2702
f 733 3075 1019
f 841 3076 2675
f 3077 3078 3079
f 3080 2324 2323
f 3081 3082 3083
f 3084 885 3085
f 3086 796 795
f 2934 618 3087
f 3088 1887 3089
f 2177 439 438
f 2393 2231 2230
f 3090 2716 2718
f 3091 1160 801
f 2033 228 227
f 2577 2401 3092
f 3093 3094 3095
f 1578 2623 235
f 235 2623 236
f 2988 3096 2989
f 2350 2211 740
f 2025 3097 670
f 1973 3098 2308
f 2395 352 3091
f 3099 3100 654
f 3101 3102 2028
f 1360 3103 2641
f 1275 3104 1276
f 3105 3106 1573
f 3107 2380 524
f 1728 447 1729
f 3108 2166 3109
f 2832 3110 2414
f 3111 3112 1342
f 3113 2018 1224
f 3114 3115 436
f 1556 1537 1477
f 632 634 2277
f 249 1006 250
f 767 432 1582
f 3116 3117 1158
f 1266 1188 1187
f 3118 2827 3119
f 1987 543 2916
f 3120 2748 2749
f 567 3121 2722
f 1251 891 2528
f 3122 1697 1699
f 1026 3068 3123
f 1446 1171 3124
f 1236 2080 2079
f 924 3021 922
f 1175 3125 1126
f 1558 1560 2034
f 1683 204 203
f 1683 1682 1333
f 2082 590 592
f 2074 2664 2072
f 1706 1200 1825
f 3126 1952 1951
f 1920 2637 2636
f 2366 3127 78
f 892 2366 1838
f 3128 2370 2369
f 2370 785 2368
f 3129 2633 367
f 3130 3131 3132
f 3133 1678 2734
f 3023 1857 3134
f 2666 2534 266
f 3135 189 3136
f 1491 2781 1838
f 2781 1445 1838
f 1881 2357 2356
f 2832 2414 2833
f 2420 3137 3138
f 3139 2510 340
f 3140 3141 3142
f 3143 2787 1998
f 2857 1869 1871
f 1545 1546 1607
f 2772 3144 2978
f 138 2939 139
f 445 444 682
f 609 1488 1490
f 598 1458 1972
f 1458 1816 1972
f 3145 24 23
f 2340 3146 1941
f 1855 3147 2130
f 3094 3148 3095
f 3128 2630 3149
f 3150 2178 3151
f 2119 1529 3149
f 535 2293 25
f 1278 1277 749
f 1079 3152 1080
f 1243 984 2350
f 1367 1366 3153
f 3154 3155 468
f 3156 1961 3157
f 3158 3159 3160
f 708 3075 1970
f 900 2698 898
f 794 2769 1583
f 237 201 200
f 3161 3158 1325
f 3162 3163 2569
f 3164 3165 3021
f 814 816 1502
f 297 296 2915
f 2683 2386 2001
f 3166 3167 467
f 3168 3169 3170
f 3171 3172 2172
f 458 1032 3173
f 202 1745 2040
f 3174 2335 2337
f 2759 1770 2795
f 3175 487 1850
f 2673 2439 2051
f 3176 307 309
f 988 3177 3178
f 1996 3179 137
f 107 2020 108
f 361 1896 6
f 3180 3181 1258
f 3182 3183 2775
f 3184 940 1679
f 2744 3185 3186
f 2561 3102 3187
f 1840 1839 1928
f 3080 2323 3188
f 2064 2063 448
f 446 1860 1861
f 574 2181 3067
f 3189 1409 2215
f 808 2728 3190
f 968 279 278
f 411 3191 2831
f 2572 731 3192
f 1675 3193 676
f 2882 3194 3195
f 3196 1161 1070
f 1404 3197 1348
f 1713 109 108
f 214 2506 3198
f 3199 3200 3201
f 3040 221 220
f 2639 727 3202
f 3203 3204 3205
f 3173 3206 3207
f 2860 3208 3209
f 3210 209 3211
f 3212 3213 3214
f 1835 2133 379
f 2436 1289 1500
f 159 912 790
f 378 2614 2960
f 2369 1560 1559
f 367 1469 1471
f 3215 3216 3217
f 2261 3218 463
f 3219 3195 3194
f 3118 2705 572
f 1355 3220 495
f 1358 1104 509
f 3187 3221 3097
f 3222 1088 3223
f 1889 3224 2051
f 3225 550 552
f 2059 3226 2437
f 3227 2205 3228
f 3229 729 3230
f 3231 2630 2629
f 3232 867 692
f 3233 3234 2210
f 2777 2731 2730
f 2283 3235 1146
f 2980 3236 3237
f 2935 1686 3238
f 296 2362 2131
f 2613 2392 2614
f 3173 1032 770
f 3239 2354 3240
f 3241 3242 2540
f 2268 1644 3243
f 312 1317 2007
f 1791 3244 3245
f 2789 2206 3013
f 1716 1203 1717
f 3142 2591 854
f 1431 3246 1385
f 104 3247 105
f 1667 1669 1290
f 3248 3164 3249
f 234 999 505
f 3141 3250 3142
f 3069 3251 3252
f 3253 1125 262
f 849 3254 847
f 3255 504 503
f 3256 2605 2567
f 3257 3258 2256
f 650 652 2629
f 1095 3231 2629
f 771 3096 769
f 3259 2499 2498
f 491 490 3260
f 3219 3194 1614
f 3261 1927 975
f 2648 2426 1813
f 671 141 1984
f 956 1308 2870
f 3262 3263 3264
f 3265 963 962
f 2013 123 2012
f 3266 1760 726
f 2339 1376 1057
f 2523 1790 1791
f 3267 467 3167
f 3154 3268 3155
f 3269 31 1204
f 18 2317 2319
f 2900 3270 2901
f 3220 1355 2712
f 3271 2875 3121
f 1726 1344 3272
f 1529 2189 3273
f 427 3274 428
f 3275 1856 1855
f 2719 723 2001
f 2096 2098 1746
f 3276 3277 928
f 2052 2051 2439
f 826 825 829
f 1046 1048 736
f 3278 3279 3280
f 3281 3282 3283
f 2335 1808 2336
f 311 310 2005
f 3284 183 1255
f 373 1217 372
f 1218 1033 191
f 2537 626 628
f 3015 1212 1144
f 736 765 734
f 2552 1785 1580
f 957 2920 3285
f 3285 3286 1644
f 933 3287 934
f 3288 3289 856
f 926 928 1718
f 1731 3290 1732
f 789 1076 1244
f 2415 1455 2414
f 2182 2691 1506
f 2640 598 2638
f 3291 2594 2465
f 2958 2721 1900
f 3236 2823 3292
f 1857 3023 3022
f 1775 376 632
f 3293 3294 3295
f 3037 2721 2299
f 3296 3149 1529
f 3297 3298 2083
f 3299 3198 2506
f 2703 546 545
f 3300 2370 3296
f 1007 1340 1005
f 3301 3302 3303
f 2815 3304 2816
f 1245 1754 1755
f 2953 1834 2951
f 1227 1229 3305
f 715 1601 713
f 2250 2249 2859
f 2714 351 1989
f 3306 3307 3308
f 2647 2646 3309
f 3310 3311 3312
f 3313 659 616
f 996 2168 3314
f 3315 607 3316
f 3054 2249 26
f 3317 2504 2503
f 2678 2819 1897
f 3305 3318 1227
f 3036 3319 3320
f 1088 230 229
f 3321 2479 2169
f 776 3322 1050
f 2258 3323 3324
f 361 6 680
f 3317 71 70
f 3285 2920 3286
f 3325 986 3032
f 757 1488 2250
f 1488 609 2250
f 2561 2530 2529
f 3326 2739 492
f 3327 3328 2236
f 1351 285 3329
f 121 3330 119
f 45 118 2468
f 1024 1026 3123
f 1313 810 809
f 2921 80 1574
f 421 1825 1200
f 3331 9 3332
f 25 27 876
f 1893 2990 1246
f 2006 2296 1702
f 1646 3333 2729
f 915 914 3334
f 2124 2548 2125
f 3032 939 941
f 2765 3335 3336
f 3337 2446 2445
f 3338 853 3339
f 3060 1727 1726
f 3340 3341 3342
f 3343 2924 148
f 3344 750 752
f 248 191 1034
f 1795 1794 3345
f 1249 328 1250
f 3346 667 1550
f 667 2491 34
f 3347 1906 1905
f 379 2133 2132
f 3237 3348 3349
f 3350 2100 2237
f 695 844 1734
f 944 3351 942
f 2772 3352 2084
f 1909 1911 2597
f 2804 3240 2805
f 1118 344 1119
f 2390 3353 1691
f 3127 76 78
f 1257 3354 2315
f 557 1067 1270
f 3022 1671 1050
f 3355 3356 3357
f 1614 3194 1226
f 1615 485 3358
f 3359 3360 3342
f 3361 182 184
f 369 1406 3160
f 1492 3362 3363
f 3364 3365 2526
f 3032 941 3366
f 3367 3368 3369
f 143 1888 144
f 1780 810 3370
f 2244 3371 1730
f 2564 856 3289
f 52 3372 3373
f 3374 3375 3376
f 2275 3377 3378
f 664 1454 3379
f 1074 2652 1075
f 2538 3380 2537
f 1341 2297 3047
f 3381 3382 2467
f 1062 846 1060
f 2618 3383 3384
f 1000 2917 1049
f 443 445 3385
f 3386 2975 1871
f 1763 1829 2349
f 2869 3387 956
f 2424 1649 1947
f 2496 1606 358
f 226 228 235
f 3230 729 3388
f 3389 3390 1939
f 56 3391 1760
f 416 1916 3392
f 3393 1484 452
f 169 3394 167
f 31 33 3395
f 3051 3017 1220
f 3396 3397 3398
f 3399 3400 553
f 1 2192 689
f 2663 3401 3402
f 3124 1171 1170
f 3125 1034 1126
f 3148 1640 3095
f 3403 1579 2608
f 1214 3404 413
f 3385 543 443
f 205 2246 1387
f 3405 3406 2201
f 3407 3408 3025
f 3330 1167 119
f 1169 3409 497
f 3410 3411 357
f 3412 3413 3414
f 1377 2504 437
f 1027 1844 1028
f 3415 747 1277
f 3112 665 301
f 3416 2376 3417
f 214 3198 215
f 3418 1306 1305
f 1419 1418 602
f 3419 3420 1846
f 1449 2010 3334
f 1118 3421 3422
f 1201 1546 1202
f 172 3423 2811
f 1038 1037 1010
f 312 550 3225
f 2394 3424 1904
f 218 217 3425
f 1397 1978 1420
f 3426 2871 2542
f 2147 2649 3427
f 3428 3429 3319
f 761 897 3430
f 2905 1002 1004
f 1086 3431 3432
f 3277 3433 1718
f 551 550 1696
f 2846 3434 2844
f 333 187 1505
f 3435 3436 3437
f 2360 3438 615
f 3439 1893 1476
f 1966 611 2170
f 1481 3440 2921
f 3277 1876 3441
f 3428 391 3442
f 532 2303 533
f 904 3032 2456
f 3258 3443 3444
f 359 358 1606
f 3445 3446 139
f 3309 461 2647
f 3447 3448 837
f 1440 2077 3449
f 3390 1496 1939
f 3385 3450 2191
f 3123 2677 1024
f 3045 829 825
f 355 224 1256
f 717 2515 356
f 3451 3452 1116
f 3453 2232 2928
f 3454 439 1378
f 1273 2233 1271
f 1102 1568 1128
f 2269 1012 1014
f 3455 2269 3456
f 229 3223 1088
f 3457 3458 3459
f 455 112 456
f 3460 2235 2234
f 3461 2220 2991
f 820 3321 2169
f 3462 3463 2915
f 2415 3464 927
f 3465 3466 3467
f 3468 2803 2805
f 3469 902 3470
f 2670 1409 1408
f 3471 3188 875
f 3079 3472 3473
f 3444 3474 1168
f 592 993 1781
f 3475 2092 2069
f 2918 2023 834
f 2641 3476 3477
f 3478 3217 3479
f 3480 3217 3216
f 1318 1934 1319
f 845 2237 2804
f 2599 3226 2054
f 2055 2054 3226
f 3046 1128 670
f 1496 3390 1494
f 3481 215 3482
f 1716 1715 3483
f 2961 3484 3485
f 3486 1753 1752
f 205 1387 1750
f 2502 3034 1474
f 1641 3186 3185
f 2100 148 147
f 371 370 821
f 3487 2268 3243
f 3386 3488 2975
f 3489 3490 3491
f 3492 1289 2436
f 2436 2703 3492
f 1644 3286 3243
f 2900 1666 1394
f 3493 3362 520
f 1951 3494 3495
f 3496 1259 195
f 1487 501 1734
f 3497 3498 1267
f 2031 2033 3499
f 1620 3500 2544
f 1363 3501 347
f 575 3502 67
f 3503 2997 2996
f 1081 734 2688
f 2688 734 765
f 499 1993 2325
f 3504 346 3505
f 3411 3506 357
f 2730 3507 2777
f 999 234 233
f 233 1000 999
f 3508 3338 3339
f 3509 3510 3511
f 2174 921 2175
f 1018 383 1673
f 284 283 1230
f 3512 282 1041
f 3513 2162 557
f 3514 481 1934
f 3515 2007 3516
f 3517 1962 2292
f 963 1275 1274
f 1860 512 511
f 3275 2129 3518
f 3519 3520 3521
f 1562 1564 3522
f 3053 2036 1560
f 753 423 422
f 94 142 141
f 55 3523 3524
f 3525 3119 2827
f 2346 246 3526
f 1982 3008 1983
f 3008 1982 318
f 2452 3295 1665
f 1864 1603 3527
f 3528 3529 1884
f 1922 1921 3530
f 2884 3410 357
f 3352 2772 2279
f 1682 712 711
f 3531 1369 1004
f 1056 1049 1054
f 698 1572 1571
f 3532 3533 1976
f 290 2967 288
f 3534 3535 3536
f 2169 2712 2964
f 3537 860 1042
f 3415 3324 3323
f 3112 301 1261
f 3538 2427 2426
f 3539 170 172
f 3002 914 166
f 3540 1057 1376
f 1389 3541 1390
f 1635 2035 1636
f 3542 3543 3544
f 2987 3107 1113
f 2364 3545 2365
f 2482 3483 2480
f 1841 3546 1689
f 3547 3548 3499
f 3549 3305 599
f 664 666 1454
f 3550 2447 3551
f 834 788 2793
f 2067 2153 880
f 768 3231 1095
f 3552 3553 2841
f 258 3554 2618
f 3555 3071 3254
f 405 1127 406
f 1077 1076 1079
f 1660 2161 1531
f 3556 1048 1047
f 50 3557 51
f 3558 1720 1329
f 853 3443 3339
f 133 198 197
f 3498 3559 2477
f 2674 1415 1417
f 2209 3560 3366
f 742 1185 1599
f 454 2620 831
f 3561 2439 2673
f 3562 1830 658
f 2784 2280 2785
f 3563 3564 3565
f 2402 1251 1276
f 1607 2937 1545
f 3566 3567 3451
f 2 3278 2158
f 3568 2087 1222
f 1025 3569 1823
f 2479 1822 2168
f 525 2380 2734
f 1439 3351 944
f 1962 2322 2292
f 3570 3385 2191
f 154 66 3147
f 1568 220 222
f 3571 2079 3503
f 3048 170 1030
f 3572 2139 2894
f 3569 1025 1844
f 3500 3192 2544
f 3414 1187 549
f 235 228 3573
f 1104 1358 2495
f 570 3574 3575
f 232 212 233
f 1388 1387 2246
f 539 2635 2637
f 3576 2925 2927
f 3577 3578 3579
f 2025 2562 3187
f 481 3514 3580
f 198 387 199
f 2707 318 317
f 3581 3115 701
f 2620 454 453
f 2300 1151 2301
f 3000 961 2749
f 2631 3582 3583
f 1365 420 3584
f 3585 3400 3399
f 3586 2993 2992
f 51 991 2584
f 441 440 1650
f 2738 899 898
f 3587 1527 1526
f 596 2233 1510
f 841 2675 2677
f 3144 2997 3503
f 2104 916 1774
f 3588 3589 453
f 885 3590 886
f 1637 1957 1638
f 1210 3591 3592
f 214 216 1192
f 3297 2083 2082
f 2509 2778 2006
f 2913 3593 2914
f 197 199 306
f 348 347 3501
f 316 318 1982
f 3046 670 3097
f 3594 394 3124
f 930 929 755
f 2302 2026 3595
f 314 3596 3597
f 2334 105 3247
f 3020 1204 3483
f 3434 2846 2489
f 3598 2739 3599
f 3037 2298 2835
f 3600 3601 3602
f 240 3603 1814
f 3390 3603 1494
f 368 1085 366
f 3604 3367 3369
f 2308 1971 1973
f 2762 2689 2690
f 1963 1962 2068
f 3250 1588 1587
f 3605 1527 3606
f 1667 1290 1289
f 3607 3608 3609
f 178 3610 470
f 1269 3365 2096
f 2732 3549 1828
f 335 337 3027
f 2307 1522 3611
f 3612 1439 1438
f 1377 3454 1378
f 3613 1295 3264
f 3614 3615 1840
f 2055 639 2053
f 3616 3617 3618
f 3382 3381 3477
f 2947 1948 3619
f 945 1268 946
f 3139 2536 2535
f 3131 643 3132
f 1535 1605 1045
f 3441 1878 2406
f 3620 2972 3621
f 610 374 1775
f 3325 987 986
f 3622 3623 1384
f 1028 75 2012
f 3624 15 3359
f 1617 2801 2800
f 3277 1718 928
f 3625 3626 2929
f 3084 1306 3418
f 3084 928 927
f 2760 178 469
f 3627 196 195
f 3628 1467 1466
f 3100 655 654
f 2107 3606 1527
f 3026 1537 3234
f 3629 3630 3631
f 555 554 1859
f 3632 1440 3633
f 3634 1659 1451
f 2288 1103 75
f 3635 2779 2778
f 3591 1210 1209
f 1915 415 3155
f 3078 3636 3637
f 2274 3638 2336
f 2397 2687 2395
f 3003 3607 3639
f 3201 1555 3199
f 2988 3640 3641
f 3642 1640 3643
f 3376 2036 3644
f 1938 1937 2873
f 2100 3645 148
f 2272 2274 2336
f 1416 2813 3646
f 3170 3647 3648
f 2392 1843 1842
f 457 456 1648
f 1837 2960 2230
f 1836 379 378
f 3649 901 1399
f 1123 3650 1121
f 2495 2241 2715
f 812 2844 813
f 3651 2609 3652
f 3184 3653 940
f 3620 3654 3655
f 2417 1786 2552
f 2408 3656 2407
f 1475 1468 3657
f 3658 3659 762
f 2442 2587 2810
f 3660 1771 1770
f 3661 3644 2036
f 2148 1002 2567
f 1137 2861 1138
f 2199 526 3662
f 1176 3051 1220
f 2579 3663 2580
f 2580 3664 3665
f 3519 3666 2300
f 3667 2193 386
f 2496 3668 1105
f 831 3669 832
f 2089 245 2106
f 1640 1639 3643
f 2894 623 2399
f 1156 1158 3117
f 1049 2917 1054
f 697 696 2828
f 1040 3670 1041
f 751 773 772
f 2569 1423 484
f 1422 2027 484
f 3671 3065 3672
f 3654 3621 2412
f 2146 2145 3329
f 2246 3673 1388
f 3674 40 1622
f 3675 3676 3677
f 3457 3678 3679
f 1659 3680 1658
f 907 2002 1473
f 3081 2644 3082
f 1575 1574 80
f 2393 2614 2392
f 3493 520 519
f 3562 657 1555
f 1233 2378 2033
f 2378 1233 1234
f 626 1739 1738
f 3681 2460 2149
f 2914 3682 2915
f 2609 2608 1533
f 3683 1017 3073
f 3407 3684 3685
f 3685 3498 3407
f 3514 3686 1351
f 2819 2257 3444
f 283 715 714
f 2200 3039 3597
f 3459 2157 2156
f 1565 3687 3688
f 3689 2699 900
f 203 1631 712
f 1892 1830 1832
f 3690 1368 706
f 3209 3208 2606
f 3037 1596 217
f 908 1473 2726
f 2704 3492 2703
f 1667 3492 2704
f 2276 2275 3378
f 1376 1375 3540
f 2364 3656 3534
f 411 410 3191
f 1443 3691 3245
f 2733 2734 1678
f 2351 2350 740
f 3692 3467 3466
f 3693 1656 3169
f 3609 3639 3607
f 3694 3695 3696
f 1053 3697 1457
f 3698 114 2884
f 2786 3699 3061
f 2072 2590 949
f 3221 3700 895
f 259 258 3701
f 2375 3551 3417
f 2886 2329 1986
f 2143 1182 721
f 761 763 897
f 811 813 1346
f 3702 868 870
f 3703 2970 8
f 1153 886 3590
f 3704 3705 3706
f 3707 2187 2186
f 3708 872 307
f 3709 3274 427
f 2400 2399 623
f 3710 3711 2943
f 330 640 1130
f 2179 3712 2038
f 1715 2565 3483
f 2356 2766 1881
f 1023 3351 176
f 1881 2766 1879
f 3713 1930 1239
f 3469 3714 903
f 1133 1132 1375
f 3715 3716 3717
f 685 2404 1147
f 1448 3718 3719
f 1523 1150 1149
f 3583 3720 3545
f 394 1712 1849
f 48 2248 1054
f 2625 2211 983
f 3285 320 957
f 231 319 229
f 3362 1407 520
f 2378 1234 1426
f 3314 3721 3722
f 1438 3723 3612
f 2418 2417 1423
f 698 697 3724
f 3725 3071 3070
f 2763 3726 3727
f 3728 1645 896
f 556 1581 434
f 3729 2877 3730
f 3731 3732 3733
f 1775 876 27
f 2067 1963 2068
f 3177 2249 3178
f 3734 3735 3736
f 719 3737 2503
f 3738 3739 168
f 3266 57 1760
f 3524 56 55
f 3740 2259 1525
f 3157 1960 3741
f 3742 2226 2225
f 3743 3744 1765
f 2355 3745 1979
f 2552 1786 1785
f 239 241 294
f 1561 241 1814
f 2671 2051 3224
f 413 3404 414
f 3109 1047 1654
f 1445 2889 1853
f 1908 3746 3572
f 2124 1191 2548
f 3183 3747 1370
f 686 2167 984
f 1301 1650 3748
f 862 1515 1514
f 3749 1737 1739
f 481 2648 1813
f 1393 2986 3270
f 3270 2900 1394
f 3750 3751 1955
f 1953 3188 2323
f 3382 3477 3476
f 617 2642 3752
f 3753 2074 2073
f 3754 3745 3588
f 3755 1723 1722
f 2656 3756 1084
f 1102 894 1100
f 1185 1134 1599
f 1419 3757 3758
f 2215 3759 3189
f 3081 2593 2644
f 905 1680 3760
f 532 531 62
f 131 2998 2842
f 3761 3688 1796
f 3506 22 357
f 2701 1904 3424
f 3762 1646 1803
f 3233 1833 1965
f 807 1721 3763
f 3426 2030 2029
f 1368 3690 3764
f 3765 2412 3621
f 1321 3006 3672
f 2229 3655 3654
f 3766 281 851
f 3767 3482 3198
f 2443 3209 2606
f 1719 1721 807
f 1886 1885 1816
f 3703 2839 2841
f 3648 82 1705
f 94 3768 1591
f 632 876 1775
f 1507 2660 2090
f 2995 2615 2616
f 3418 885 3084
f 3369 3085 884
f 1567 222 668
f 401 403 431
f 3769 3770 3771
f 3772 3773 3774
f 3244 3775 3245
f 760 759 3776
f 2448 257 2551
f 3777 3778 748
f 2966 1157 1156
f 694 3346 695
f 3779 2674 1265
f 782 3001 3003
f 3780 2446 3337
f 724 3302 3781
f 300 299 2410
f 3111 1342 1344
f 3236 2488 3348
f 2673 2672 1627
f 3782 3550 2375
f 1615 1226 1225
f 2859 3028 2250
f 3028 757 2250
f 1753 3783 2907
f 2867 3291 2465
f 1733 2966 1156
f 2001 636 1052
f 1968 2264 2263
f 3784 3184 3785
f 3232 693 3786
f 2605 2483 2567
f 3787 2693 2692
f 5 4 1994
f 3001 782 914
f 3788 3476 3663
f 992 51 3557
f 3789 1430 3790
f 3705 3704 2105
f 1365 3501 1363
f 3713 1590 2490
f 3740 3535 3791
f 3792 484 483
f 1864 1863 3420
f 2886 1000 233
f 1344 3793 3272
f 1294 2521 478
f 2427 430 221
f 2685 1628 1627
f 3367 3604 830
f 1129 640 2055
f 640 639 2055
f 1356 509 508
f 3794 41 874
f 939 3032 3031
f 2812 42 41
f 2328 3281 3795
f 3158 3160 1406
f 3323 30 747
f 2657 2547 2548
f 3712 3796 2038
f 1273 1695 2330
f 3797 2955 3798
f 545 3799 3800
f 1965 2136 3026
f 3801 1741 1740
f 3380 3802 2537
f 1410 1323 1288
f 613 1776 1777
f 3513 1197 2983
f 3087 1162 3151
f 1336 637 3259
f 938 1513 936
f 3369 3803 3604
f 2200 937 936
f 1796 3706 3705
f 3804 863 862
f 1940 2301 1139
f 1811 2388 1252
f 3805 2463 2029
f 1917 3490 3511
f 2445 3317 2503
f 3806 3807 1382
f 3808 3809 3810
f 1100 1489 757
f 1489 1488 757
f 1509 3266 153
f 1462 2669 3380
f 153 152 1509
f 3734 2110 3811
f 2994 3135 3563
f 3812 804 1294
f 22 3813 3518
f 3814 3402 3401
f 2573 2572 3192
f 3106 3631 1434
f 653 1480 1159
f 3815 3273 2189
f 1875 2899 2901
f 1424 1426 1234
f 3816 2098 2097
f 662 3817 663
f 2281 131 2842
f 2923 3818 635
f 1980 3651 3652
f 2609 2598 2597
f 188 971 970
f 1147 2403 240
f 589 2043 587
f 3819 2928 2232
f 6 1486 680
f 1684 1686 2416
f 841 3642 3076
f 2179 1745 1834
f 3448 3447 2799
f 3517 2068 1962
f 704 3820 705
f 2499 3259 341
f 3715 3105 1573
f 3821 3822 2977
f 3823 3167 3736
f 2432 3824 2690
f 3037 217 219
f 400 1378 398
f 3825 2472 3214
f 1371 1370 3747
f 1672 1671 3023
f 1702 2297 2396
f 1519 1521 3430
f 1130 2918 3826
f 1481 326 756
f 3827 3286 2920
f 2621 3669 831
f 1007 3828 2687
f 1932 1166 1299
f 3804 2736 2735
f 3387 3829 3830
f 3831 2761 469
f 2845 1386 2846
f 3580 2648 481
f 1465 422 84
f 1296 1905 3832
f 2852 3833 3834
f 1176 1220 2199
f 3835 857 2003
f 2011 685 684
f 3045 3836 2405
f 3837 3838 3750
f 130 3839 3840
f 3841 207 206
f 1473 2002 1052
f 3488 3386 3144
f 3842 3171 2171
f 3843 3497 3205
f 839 3064 746
f 3356 3844 3357
f 854 853 3140
f 1744 3840 3845
f 161 1788 3846
f 1710 2896 198
f 2183 1485 277
f 1173 2224 1174
f 1543 2057 1544
f 703 2678 464
f 2384 243 242
f 2113 2558 2111
f 2073 2072 949
f 3737 3337 2503
f 3847 3848 3251
f 2267 2596 1482
f 3465 3467 1412
f 308 2727 2309
f 2623 1611 1087
f 425 511 426
f 2178 2466 439
f 3744 3743 3293
f 3055 3849 3850
f 1849 3124 394
f 1594 3851 3852
f 224 223 1256
f 3853 3685 3684
f 3854 451 3330
f 2794 17 16
f 3855 1039 1038
f 945 3361 1969
f 3411 3856 3506
f 3741 1192 216
f 3376 593 595
f 2462 2463 980
f 3677 3857 3675
f 3858 3206 3859
f 3860 3861 2792
f 2372 2371 2520
f 3406 3405 864
f 2980 1193 1192
f 297 2915 3463
f 1143 2529 2531
f 3862 2514 2513
f 995 994 3798
f 2264 1968 3863
f 234 2539 232
f 3864 1153 1152
f 3475 1908 2092
f 3865 633 632
f 483 482 3866
f 338 2511 2566
f 1100 894 1490
f 24 1105 3668
f 1947 3867 2424
f 3576 2284 2925
f 883 3868 881
f 3687 3869 3688
f 1902 1901 3870
f 3204 3871 3872
f 3873 3145 3874
f 3875 2348 1363
f 2497 3876 2280
f 3275 3772 1856
f 159 3877 3878
f 742 3759 1185
f 238 1352 1218
f 715 3879 1600
f 3797 3798 994
f 1101 1100 2347
f 3880 3191 3881
f 3882 1264 2331
f 615 3883 3313
f 3884 244 3885
f 1606 2496 2495
f 2123 1291 2932
f 1979 3745 1980
f 1891 3336 3335
f 3187 2562 2561
f 1281 634 1091
f 3342 3360 629
f 3044 3886 2295
f 3887 3888 384
f 3889 3890 3891
f 3892 58 2659
f 2775 2774 3182
f 947 3631 3630
f 3893 3894 1737
f 93 92 3359
f 633 3865 2341
f 3895 1191 3896
f 2124 3896 1191
f 19 21 1818
f 2501 206 2502
f 2180 3897 2626
f 3898 1261 3899
f 3900 2833 2414
f 710 3901 2281
f 3449 403 805
f 1972 3902 2146
f 1293 1888 1123
f 145 2320 143
f 2046 875 874
f 1887 210 3210
f 2946 3619 3787
f 3903 1179 1474
f 630 629 3360
f 1470 3606 3904
f 2124 2123 2932
f 3071 3555 3069
f 3519 2300 3520
f 1367 3153 945
f 952 1381 1380
f 2299 2667 264
f 3502 3905 3906
f 3907 3908 3909
f 1145 380 2028
f 3444 2256 3258
f 3777 748 747
f 1789 2624 1654
f 1700 802 1159
f 3125 248 1034
f 3910 2749 961
f 1386 1749 1387
f 225 1214 223
f 3635 3911 2779
f 1847 3714 3484
f 660 815 2568
f 3495 2861 1951
f 2196 153 3266
f 3210 210 209
f 779 738 3249
f 2388 1253 1252
f 25 877 534
f 2057 817 2474
f 3230 3243 3286
f 151 150 2509
f 3810 3809 3912
f 3019 3280 3913
f 3735 3914 3823
f 2640 2706 3915
f 2705 3118 3915
f 1827 3730 2222
f 30 3777 747
f 879 878 1954
f 723 1501 2001
f 2398 2729 3333
f 3916 1747 1746
f 526 3917 3662
f 3918 3719 3919
f 309 1210 3920
f 2009 3921 3922
f 3452 3494 85
f 3008 3923 3009
f 3924 2740 3925
f 3863 1968 184
f 3926 2092 1908
f 2752 2754 1237
f 3927 2799 3447
f 287 572 2705
f 2558 2557 2111
f 3566 3336 3567
f 1751 1753 2907
f 3927 1950 3928
f 163 162 3929
f 3930 3445 1179
f 3931 3932 3933
f 2696 1668 3478
f 2511 3260 2566
f 3260 1414 2566
f 1947 1648 1945
f 1096 1211 432
f 3934 3882 3935
f 1831 3201 1832
f 3412 3936 3413
f 3211 3175 1850
f 3937 1955 3751
f 3938 3939 126
f 3797 1717 2955
f 3940 3658 3223
f 1987 2916 1985
f 1769 709 1767
f 3941 3261 3120
f 2624 3108 1654
f 1722 3942 3755
f 1366 3764 3153
f 3370 1778 1780
f 2763 2304 2263
f 2214 108 3943
f 1751 2909 3213
f 3944 3943 108
f 3945 152 1856
f 3946 577 3557
f 1078 688 687
f 3623 2691 1384
f 2524 1746 2098
f 3722 3721 3947
f 2486 2821 1511
f 3292 1314 2488
f 276 261 2682
f 2565 1265 2481
f 1586 1588 2822
f 2240 3569 1027
f 3948 3041 1240
f 872 871 307
f 1899 2372 1898
f 3607 3003 3002
f 1725 3949 3111
f 3950 3005 750
f 3576 2927 3315
f 60 2659 58
f 3909 1735 1736
f 2513 3307 3862
f 840 3613 1020
f 40 3674 1802
f 2964 1354 2963
f 3951 293 3910
f 3366 941 2209
f 1471 368 367
f 3952 1949 1144
f 2437 3226 2599
f 1216 436 3953
f 3643 3076 3642
f 2940 961 963
f 3954 3712 2953
f 2179 2953 3712
f 3955 1331 3042
f 28 2259 3956
f 979 1349 3197
f 1320 2349 3957
f 3958 3725 3070
f 3619 2946 2947
f 21 20 872
f 2163 1451 1450
f 3241 2320 1217
f 685 1495 2404
f 3959 244 3960
f 3592 3920 1210
f 1852 3088 3089
f 1164 1163 3381
f 1141 1140 3408
f 3961 1535 132
f 3962 3741 1960
f 501 1993 499
f 2548 1190 2348
f 3168 3648 1705
f 3806 3463 3257
f 3963 1092 1094
f 2619 589 3702
f 2561 2529 3102
f 2237 845 3964
f 3073 1017 1016
f 3081 3965 2593
f 3589 887 453
f 1105 1104 2496
f 3756 2750 1082
f 1662 1131 1133
f 1075 149 2659
f 2363 3946 3557
f 3731 3966 3732
f 911 3967 2788
f 3968 1827 533
f 3969 3970 663
f 2119 2190 2189
f 125 127 2982
f 3794 874 873
f 3971 1604 991
f 816 815 3972
f 8 2442 9
f 3461 2754 2753
f 2952 3954 2953
f 3307 2635 3973
f 2918 1130 1129
f 3532 459 3974
f 3785 3975 3976
f 381 1019 3075
f 3911 3635 150
f 3635 2509 150
f 1137 1832 3201
f 3977 3725 3978
f 3800 2704 545
f 1668 1667 2704
f 3979 2162 2983
f 1468 1475 1466
f 1103 2288 2287
f 3873 509 1105
f 3980 3981 3016
f 1818 175 174
f 1207 3982 1205
f 3214 2909 3825
f 3044 2295 3043
f 3983 3548 1110
f 3984 3717 3486
f 1270 2768 1284
f 2866 3935 2867
f 2184 277 3985
f 2593 852 854
f 2211 3986 740
f 2485 335 3027
f 106 1779 3987
f 985 1103 2287
f 985 2455 986
f 3695 254 256
f 254 3695 3988
f 1727 2575 3989
f 3479 2697 3478
f 1970 488 487
f 2733 3122 1540
f 2183 2184 3572
f 3990 1958 1957
f 1687 213 212
f 208 210 2821
f 184 1969 3361
f 2571 652 2527
f 2735 3838 3804
f 2084 2997 2772
f 1736 3922 3921
f 1781 992 3991
f 3992 2584 3419
f 3993 3948 2449
f 3909 3908 786
f 3835 858 857
f 2531 1144 1143
f 356 718 717
f 387 2896 3056
f 3994 1787 1786
f 1154 1071 3241
f 2610 205 1750
f 1616 452 1484
f 2003 2005 1724
f 1192 3741 3962
f 2309 2777 308
f 3995 456 112
f 2989 3996 349
f 3997 2687 3828
f 701 515 3581
f 3998 3999 3398
f 3978 4000 3945
f 3846 1788 1819
f 3981 2766 3016
f 937 3596 4001
f 2872 4002 3197
f 4003 463 3218
f 1014 3456 2269
f 2808 3397 4004
f 4005 692 867
f 3294 3982 1207
f 2450 1875 2451
f 1734 501 500
f 2216 2552 1580
f 84 83 408
f 1727 2113 2112
f 3508 104 3338
f 46 48 3724
f 3032 3366 3325
f 4006 1701 1700
f 378 3344 752
f 3858 3207 3206
f 1066 3821 2109
f 1562 1298 1297
f 3740 3791 4007
f 2278 3352 2279
f 3779 385 2814
f 3917 1540 3122
f 1415 2814 2813
f 2047 874 41
f 4008 2699 3689
f 900 2880 3689
f 2044 4009 2043
f 2550 3417 3551
f 4010 4011 713
f 3094 4012 382
f 2862 1042 859
f 2862 3860 1779
f 3102 3221 3187
f 3097 1102 3046
f 346 1119 344
f 816 2890 1502
f 1689 3546 3647
f 1813 479 481
f 2930 4013 4014
f 4015 4016 4017
f 654 4018 3029
f 3146 1079 1941
f 1414 4019 1412
f 1348 1350 796
f 1090 633 2341
f 965 69 68
f 2193 3316 607
f 3640 2988 349
f 3734 3914 3735
f 4020 4008 3689
f 4021 4022 1436
f 3388 1391 1390
f 2104 3193 917
f 4023 3696 256
f 3182 3984 4024
f 928 3368 3276
f 2315 2045 2316
f 2045 1271 2316
f 967 966 2150
f 497 3409 1994
f 4025 4026 958
f 664 301 665
f 1002 2148 1003
f 2142 2054 2053
f 2230 4027 1837
f 3682 4027 3508
f 3539 4028 1029
f 1438 1436 3090
f 951 3195 4029
f 3219 4029 3195
f 2770 12 11
f 2564 1511 2563
f 2302 3968 533
f 2254 2266 3967
f 2456 3032 986
f 1314 809 2488
f 753 755 4030
f 1573 1297 3716
f 2282 4031 3235
f 3200 2440 2606
f 1868 392 1174
f 389 3319 3036
f 4032 4033 737
f 3563 3448 2994
f 2685 4034 1628
f 3944 2020 2209
f 935 1036 1035
f 2445 71 3317
f 376 1775 374
f 1925 3979 2983
f 3255 613 1777
f 877 1585 534
f 2628 3128 2369
f 2628 650 2629
f 3931 3173 770
f 3025 3408 1140
f 2989 2658 3996
f 2365 578 577
f 2514 1309 1308
f 960 4035 1503
f 4036 4037 3972
f 660 659 4038
f 3831 471 1766
f 4039 4040 3216
f 4041 4042 1453
f 4042 2863 1453
f 833 452 454
f 994 3906 548
f 2373 3933 3932
f 4043 1357 4044
f 1019 731 733
f 607 606 2193
f 1203 4045 2954
f 3207 458 3173
f 4046 2786 3143
f 265 932 334
f 4047 3626 2995
f 588 587 4013
f 4048 2807 4049
f 3838 2238 91
f 2012 201 1028
f 1028 201 238
f 43 2468 1410
f 4050 3195 951
f 196 3540 1375
f 1057 3540 3181
f 3106 3105 3629
f 1372 144 1888
f 3465 3608 3466
f 15 2854 3359
f 2182 1506 1505
f 3062 4051 4052
f 3222 3320 3319
f 1027 1218 2240
f 560 559 575
f 278 1072 1997
f 672 261 260
f 261 672 2682
f 764 122 124
f 263 265 2870
f 3790 4001 3789
f 1844 1027 3569
f 775 774 2091
f 1285 1284 2768
f 1350 321 323
f 2432 838 837
f 3018 3430 1521
f 763 3728 896
f 4053 2465 2815
f 3544 2923 4054
f 314 3597 315
f 3722 2755 506
f 4055 190 189
f 3566 3451 4056
f 2704 3800 1668
f 3216 4057 3480
f 2805 390 3468
f 2881 4058 4059
f 3682 3462 2915
f 3806 3257 2255
f 3603 728 730
f 2715 2938 1606
f 380 1145 1212
f 3390 3389 729
f 3472 2074 3473
f 2889 2345 1853
f 1189 3332 1620
f 705 2887 2708
f 2901 2314 2313
f 3601 3600 1181
f 2887 2582 2708
f 2583 4011 2581
f 4060 4061 4062
f 880 2153 2522
f 433 1211 4063
f 1270 3513 557
f 3681 1628 4034
f 4064 2549 3599
f 2052 1890 1889
f 2735 3750 3838
f 4038 3972 815
f 2434 36 364
f 1215 2942 2943
f 273 4065 271
f 4066 959 3641
f 1609 2458 1610
f 3347 3522 409
f 2974 3621 2972
f 3526 1998 2787
f 3063 1874 649
f 8 2587 2442
f 2810 489 488
f 3026 3233 1965
f 2469 3004 3006
f 3377 2264 3863
f 2785 2280 2279
f 1758 2995 2661
f 1140 2235 3025
f 1840 1928 1927
f 3432 2017 2088
f 3645 3350 4067
f 3386 2978 3144
f 828 2095 4068
f 2990 1460 1246
f 1004 1155 3531
f 1155 2114 3531
f 2161 4069 1498
f 3653 2208 940
f 3049 1030 3007
f 1181 1180 3274
f 1248 2791 2790
f 2578 1531 2161
f 1865 1867 3018
f 4070 1498 3363
f 1486 1993 501
f 1985 2917 2886
f 1266 3667 385
f 1555 656 3199
f 1805 798 800
f 2324 798 2292
f 69 560 575
f 1206 4071 2702
f 4072 1207 4073
f 2422 603 3587
f 3478 2697 2696
f 1390 3230 3388
f 1102 3097 3221
f 3097 2025 3187
f 4074 470 3610
f 1250 1799 1248
f 828 4068 3926
f 1556 3234 1537
f 1646 1452 1121
f 1122 1121 1452
f 1645 4075 1643
f 2246 205 207
f 211 2329 212
f 2329 233 212
f 1601 429 814
f 429 1601 427
f 814 4076 1601
f 2581 4076 4035
f 4035 2582 2581
f 2382 1010 1009
f 463 465 2261
f 713 1601 4076
f 242 3748 4077
f 2237 3328 2804
f 4077 2384 242
f 3829 3387 334
f 3920 3176 309
f 3980 99 98
f 3130 1830 1892
f 103 99 1402
f 2021 3364 2525
f 1879 2766 98
f 2872 1992 2542
f 2542 2720 3426
f 3333 1646 1121
f 243 2384 1873
f 3423 1704 4078
f 1499 4070 519
f 2618 3554 2619
f 1825 2616 1706
f 2044 2619 3554
f 1345 1880 2383
f 49 1846 1845
f 1846 3420 173
f 1193 2507 2506
f 2725 677 2103
f 3471 4079 4080
f 3016 1991 3980
f 144 1372 3190
f 3913 3280 3279
f 3066 3529 3528
f 1884 3133 3528
f 407 3546 3615
f 1450 1983 2163
f 195 669 1768
f 775 2091 4081
f 4082 668 4083
f 2902 305 2465
f 3005 3004 750
f 2571 4084 1095
f 3683 3073 3072
f 580 2409 581
f 1503 1502 960
f 1981 3334 4085
f 3710 2943 345
f 1216 3137 1215
f 418 1621 419
f 3011 3010 3788
f 1208 4086 3507
f 1616 3588 453
f 3476 2641 3103
f 3476 3788 3382
f 2065 450 449
f 617 3752 1163
f 2891 3109 2166
f 762 3019 3658
f 240 2403 3603
f 2403 1494 3603
f 2874 3844 2875
f 125 977 976
f 502 1501 304
f 1467 3628 3375
f 1384 2691 493
f 2189 1529 2119
f 1712 1711 3714
f 4087 4088 3622
f 903 3714 1711
f 1568 2849 220
f 3982 4062 4061
f 523 3162 2569
f 463 4003 2255
f 4089 3583 3582
f 2071 1772 1936
f 3607 3466 3608
f 2190 2119 2118
f 1384 1383 3622
f 1431 1385 493
f 3246 1329 3955
f 187 186 2182
f 489 2587 1851
f 4090 423 2345
f 1092 4091 3134
f 4092 2576 2575
f 2882 651 1894
f 3803 13 3604
f 3590 1305 2234
f 413 223 1214
f 3067 2410 574
f 3441 4093 3277
f 4094 1253 2389
f 50 49 2363
f 3960 244 243
f 2166 1178 1177
f 1897 498 4
f 2435 4095 2952
f 1956 1958 4096
f 2140 3517 2292
f 3727 4097 4098
f 68 4099 4100
f 3574 4101 1320
f 4029 3219 2622
f 2362 744 2132
f 3343 2102 2924
f 2752 1237 1236
f 2873 2024 1069
f 3704 2071 1936
f 2071 1773 1772
f 4102 3778 4103
f 4104 3828 4105
f 3670 3457 1041
f 4106 4107 2965
f 320 1643 319
f 16 2919 12
f 3762 1044 1043
f 4007 4108 3956
f 1163 3752 3381
f 1989 2713 2714
f 3021 3249 3164
f 2268 4109 1645
f 801 803 2396
f 253 3912 3809
f 950 2590 2589
f 2784 2783 2464
f 1089 1088 3222
f 3753 3891 3890
f 276 3253 262
f 4110 465 464
f 4083 3449 1768
f 2594 2815 2465
f 1768 4082 4083
f 1729 1861 805
f 3165 1158 2843
f 325 793 756
f 793 325 791
f 2631 2633 3129
f 3808 3810 4111
f 2707 4112 3775
f 1174 392 1172
f 3388 729 3389
f 1430 127 126
f 2046 4079 3471
f 4113 4079 2046
f 439 3454 437
f 736 1048 1493
f 1522 1817 21
f 59 3068 60
f 2035 1635 1558
f 2034 2036 3376
f 3210 3089 1887
f 1558 2034 2035
f 291 293 754
f 3376 3375 3628
f 2265 4046 3143
f 4114 3602 3601
f 3269 978 977
f 1347 1346 813
f 2964 820 2169
f 494 1354 495
f 2591 3250 3044
f 2157 4115 4116
f 3950 4117 3005
f 751 2600 1332
f 511 510 426
f 3822 4118 2243
f 2957 4119 563
f 1777 2923 635
f 4120 4121 2621
f 3960 1874 3063
f 4122 4123 3874
f 649 3061 3063
f 2973 245 2089
f 2106 1936 2089
f 648 2786 3061
f 1401 1711 1083
f 809 3190 1374
f 3907 145 144
f 2474 3011 1544
f 4124 2549 2551
f 973 3392 4125
f 2835 1597 1596
f 3446 1995 139
f 1410 2469 1323
f 3539 2811 2273
f 1737 3749 3893
f 1878 3441 1876
f 4048 2338 2807
f 2558 2113 2516
f 67 3502 994
f 73 2312 74
f 3366 2312 3325
f 1199 482 1926
f 1910 4126 1911
f 2027 2663 582
f 4127 2027 584
f 3960 4100 3959
f 4099 995 3798
f 1472 3113 2035
f 3572 2894 2183
f 369 371 520
f 931 890 1853
f 3940 3223 229
f 2519 2518 2730
f 1839 1097 4128
f 1326 1325 3158
f 566 1357 4129
f 743 676 3193
f 588 1539 868
f 3169 3625 3693
f 1146 3235 1569
f 2186 1299 1166
f 4130 117 3780
f 3024 1304 3770
f 4131 3133 4132
f 3892 3093 3095
f 3853 1434 3631
f 156 4133 1653
f 2074 3472 2664
f 2655 2470 3971
f 2509 2545 2508
f 4134 2662 1421
f 207 2247 2246
f 2476 3521 3520
f 2470 2655 2865
f 3881 1433 3880
f 2832 2831 3191
f 2532 3637 3636
f 82 3648 3647
f 674 2709 2361
f 2372 3933 2373
f 2373 3932 958
f 4135 2727 871
f 2727 307 871
f 4050 2525 2527
f 1552 3795 2048
f 1624 3585 4136
f 915 164 166
f 2021 2525 2409
f 3505 513 4137
f 3534 2633 2632
f 4003 3807 2255
f 1067 434 433
f 1127 3231 768
f 3788 3663 4138
f 3663 2579 4138
f 3691 4059 3245
f 1089 3319 3429
f 686 984 1243
f 3202 727 2173
f 2455 4139 2456
f 255 254 4140
f 85 1117 1116
f 4141 811 3174
f 1084 3756 1082
f 2950 2962 2042
f 4142 4143 3576
f 4090 2091 1824
f 2127 4089 4144
f 1639 1854 4139
f 2945 256 1854
f 3695 256 3696
f 3892 3095 58
f 3871 760 3776
f 3682 3339 3462
f 3339 3682 3508
f 366 1085 3129
f 2998 1389 1391
f 3965 3443 853
f 4145 3474 3965
f 4146 659 661
f 3510 3489 3179
f 3154 2171 823
f 1759 822 726
f 125 1504 977
f 3149 2630 2117
f 995 68 67
f 2549 4064 2550
f 4019 1414 662
f 354 3091 352
f 3028 337 757
f 4147 3599 2739
f 2970 3553 447
f 3258 3257 3462
f 2452 1665 1664
f 1664 1666 2900
f 179 2798 2797
f 1068 832 3669
f 148 2924 146
f 4148 4149 4150
f 2834 1114 969
f 4151 3808 4111
f 1115 4152 4056
f 3151 2475 3087
f 2726 2747 908
f 549 3906 3414
f 3414 3906 3905
f 3905 3502 2461
f 328 1249 2944
f 1097 1839 1841
f 296 4153 2915
f 625 2400 623
f 4154 1557 3799
f 1265 1266 3779
f 40 1802 2047
f 2047 1802 1801
f 4155 2943 3711
f 4000 1509 3945
f 1339 4156 1337
f 3561 2673 1626
f 3199 1890 2438
f 1642 1338 1889
f 2717 3256 2567
f 386 385 3667
f 668 1128 1567
f 1567 1128 1568
f 3513 2983 2162
f 4013 2930 1539
f 3991 3557 577
f 3959 4100 4099
f 3633 424 3632
f 2363 3557 50
f 2459 3252 3251
f 4157 3391 4158
f 3099 4159 3100
f 2460 2115 2114
f 1031 1032 2547
f 2976 587 2043
f 4160 1924 1923
f 1924 4160 276
f 930 755 4161
f 3951 754 293
f 4162 582 2663
f 584 2027 582
f 1531 123 1660
f 3332 2573 3500
f 1408 1242 1714
f 735 1654 1046
f 2964 2712 1355
f 3438 38 2138
f 321 1350 981
f 4163 2765 3566
f 4164 4165 4166
f 4033 3248 737
f 970 4021 942
f 2999 341 3259
f 3343 148 3645
f 2396 1341 2397
f 328 2707 1250
f 884 3085 885
f 2880 2307 3611
f 21 872 1522
f 3482 215 3198
f 641 1912 1237
f 3311 3310 3961
f 3310 4041 3961
f 2992 2806 2644
f 4167 739 4168
f 1335 1939 1496
f 1335 2137 1333
f 3371 466 1730
f 3638 2337 2336
f 2989 771 1031
f 771 770 1031
f 360 2601 361
f 1168 2819 3444
f 1064 2108 3734
f 4169 3218 2985
f 3166 1064 3167
f 4170 1333 2137
f 3735 3823 3736
f 833 3393 452
f 3656 2364 2363
f 1393 4171 2987
f 2436 2951 2703
f 2951 2436 2435
f 2021 3816 3364
f 3365 1269 4063
f 2159 4011 1738
f 1863 1708 3420
f 1099 4172 417
f 4173 322 2391
f 3215 3800 3799
f 4174 3404 4175
f 4176 4085 3334
f 4177 1073 2183
f 4178 3358 4179
f 512 4180 4181
f 1094 3576 4143
f 553 1264 3934
f 2120 250 2121
f 262 96 95
f 4182 4078 4183
f 1283 4184 1013
f 2158 2965 797
f 2926 3834 3833
f 3543 675 3544
f 2726 1457 677
f 2084 3352 2085
f 139 1180 3445
f 2556 2332 2176
f 4185 2147 2308
f 195 194 669
f 1611 4186 1087
f 3272 3059 1726
f 2685 1627 2686
f 306 305 2902
f 306 1389 197
f 3159 1820 3160
f 3122 1699 3161
f 2860 3126 1951
f 1023 1022 4187
f 319 1643 4075
f 3939 3790 1430
f 4168 778 1787
f 2418 2569 3163
f 133 132 1710
f 3526 246 2972
f 2244 4118 1065
f 1863 1709 1708
f 4188 1380 1379
f 1398 395 3271
f 2160 3768 2401
f 328 327 2707
f 1421 1423 2417
f 521 2881 4059
f 2172 3929 162
f 32 977 1504
f 987 1103 985
f 987 3325 2312
f 1925 2983 1926
f 1326 2893 2892
f 345 4189 3710
f 2143 4190 2600
f 116 4191 4137
f 1872 3665 1736
f 2877 4184 2222
f 1850 487 489
f 4192 2718 2717
f 1868 4193 3579
f 2717 2716 2444
f 2185 1300 2186
f 3577 4194 4195
f 264 2666 932
f 2389 2585 1974
f 610 609 1142
f 921 3038 1396
f 4196 866 2922
f 1983 3009 2164
f 1854 4197 2945
f 1235 1912 2765
f 3839 910 3840
f 3758 2164 3009
f 3881 3191 410
f 1964 1963 879
f 1854 4140 4139
f 3490 3509 3511
f 1152 630 3864
f 4198 2559 4034
f 397 396 2788
f 4199 997 1328
f 931 2528 891
f 1867 2158 3019
f 2 689 3278
f 4200 70 1548
f 70 4200 438
f 1436 1435 3090
f 1952 1435 1437
f 3639 4201 780
f 4202 2408 1845
f 4135 2309 2727
f 2309 4135 2310
f 2563 2330 2564
f 2330 2563 1273
f 1679 3760 1680
f 1959 4203 2295
f 2592 2643 2593
f 206 2501 3600
f 359 2884 357
f 4204 218 3264
f 381 708 2744
f 381 383 1019
f 4205 7 9
f 1841 1689 1097
f 32 31 3269
f 1204 3020 3269
f 3172 3171 4206
f 1388 2489 2846
f 858 3288 856
f 4023 2454 3288
f 2880 899 2305
f 3924 4207 2738
f 616 615 3313
f 3482 3767 4208
f 3238 47 2829
f 1756 3919 3719
f 23 4209 3145
f 3518 2129 23
f 3619 1948 3952
f 4069 2195 1498
f 1316 2031 2007
f 1316 414 1578
f 2326 1994 2411
f 4210 2724 2723
f 1015 4211 2874
f 1013 4180 2062
f 4212 2895 3762
f 2960 1837 1836
f 4001 938 937
f 428 2939 138
f 661 138 137
f 138 661 428
f 1345 1881 1880
f 1808 2335 1806
f 103 1807 4213
f 2383 1806 2335
f 1806 4213 1807
f 3174 811 1346
f 586 3960 3063
f 1338 1642 2868
f 1441 112 111
f 373 120 966
f 853 3338 3140
f 104 106 3140
f 2027 1422 2663
f 2216 4134 2552
f 3645 2101 3343
f 695 3964 844
f 1295 4204 3264
f 3698 1546 1201
f 1528 3300 1529
f 2370 3300 785
f 3469 3470 4214
f 3470 3852 4214
f 365 3082 2806
f 2806 3082 2644
f 3695 3694 3988
f 129 128 2266
f 3261 975 974
f 3138 3953 3581
f 3894 1518 1517
f 2676 2287 2677
f 4208 710 2242
f 2656 1868 3579
f 540 3872 541
f 3030 4018 354
f 2514 955 2512
f 2512 955 4215
f 1031 2547 2658
f 3029 4018 3030
f 3722 1688 1063
f 2278 3876 4216
f 1607 1606 2938
f 2910 2911 1613
f 4217 2130 3147
f 1036 935 3985
f 619 2066 617
f 1083 1082 1401
f 684 683 1570
f 851 2060 2603
f 656 1642 1890
f 4106 2965 1866
f 4058 2523 4059
f 2903 1389 306
f 3696 3835 3694
f 3835 2003 3694
f 3873 3874 4123
f 4218 4219 4220
f 3126 2443 1952
f 2000 3143 1998
f 3017 3051 3052
f 3017 4221 1111
f 2916 3570 1054
f 3570 2191 1054
f 2860 1137 3208
f 3842 468 467
f 4222 2282 827
f 2271 4223 1602
f 1148 1150 2305
f 4103 4108 175
f 1446 3124 1849
f 2579 1872 2023
f 3278 3280 2158
f 3616 3618 538
f 4224 2398 4225
f 690 1468 1467
f 1591 1499 142
f 1499 1498 4070
f 110 1950 476
f 1875 2450 1664
f 1532 777 1533
f 2608 1579 1534
f 3052 688 3017
f 688 3052 686
f 383 4012 1673
f 4012 3892 1673
f 883 2371 2373
f 3025 3769 3771
f 3685 3853 4226
f 1268 3203 1267
f 945 1969 1367
f 2304 4227 1367
f 1516 1518 2328
f 3435 3582 1085
f 3988 4228 254
f 3660 2761 4165
f 4161 755 754
f 4229 3575 3957
f 3462 4230 3258
f 3460 1304 3024
f 1942 4231 1943
f 3690 2956 4232
f 1579 1911 4126
f 124 2013 2433
f 2773 3863 183
f 4233 789 790
f 1999 4234 2843
f 3826 2918 834
f 492 3598 4235
f 4236 3524 3523
f 4237 3672 3065
f 2269 516 518
f 3502 3906 994
f 520 1407 1406
f 1266 3413 3667
f 3936 3412 3316
f 3736 3167 1064
f 1638 644 646
f 3120 2749 3941
f 1200 84 422
f 3470 902 4238
f 911 2750 909
f 789 4233 1941
f 2843 1158 1157
f 644 1638 4239
f 3784 4096 2208
f 3154 3842 2171
f 4240 671 1984
f 4241 468 3155
f 496 1984 494
f 2172 2171 3171
f 3868 1819 881
f 2179 2040 1745
f 2645 1408 741
f 3172 1209 3929
f 2518 700 699
f 465 4242 4106
f 4198 3732 2560
f 805 1861 424
f 1267 3205 3497
f 643 1912 641
f 1237 2922 641
f 3733 4034 2685
f 1566 3606 2107
f 1919 1978 1379
f 1379 4178 1919
f 603 1527 3587
f 3605 3606 1470
f 130 4051 3699
f 3404 1576 414
f 4239 4096 3784
f 3944 2208 4096
f 3787 4243 3976
f 923 3652 924
f 810 1313 3370
f 4244 833 832
f 2824 2260 2075
f 2260 465 4106
f 578 3720 2127
f 4057 3216 4040
f 4186 2911 1087
f 918 1444 916
f 1444 2024 916
f 2037 2769 4245
f 3038 921 581
f 4246 1202 1545
f 2781 2888 1445
f 3817 4235 663
f 3070 4236 3523
f 4247 1961 2039
f 3802 3749 1739
f 266 932 2666
f 4194 3577 3579
f 4248 2452 2451
f 4249 2794 12
f 1291 1975 1977
f 3970 3701 3852
f 1785 1532 1534
f 3561 2440 2439
f 924 777 779
f 777 924 3652
f 739 779 778
f 1532 1787 778
f 1060 2802 2192
f 3241 1217 373
f 2069 3517 3475
f 2776 1212 3015
f 834 2022 835
f 2022 1872 835
f 4246 2492 1202
f 3798 2955 3885
f 3539 172 2811
f 800 1803 1805
f 3556 3362 1492
f 2376 3416 2698
f 4056 1116 1115
f 1116 4056 3451
f 1457 2726 1473
f 734 1242 735
f 3720 578 3545
f 2800 1288 1618
f 3557 3991 992
f 2270 600 1229
f 3938 2429 2494
f 1513 3939 3938
f 4112 3245 3775
f 1432 3684 3771
f 3953 3138 3137
f 2493 2429 2428
f 698 3724 3707
f 423 753 4030
f 1884 1678 3133
f 4250 1609 2748
f 1364 418 1365
f 1304 2414 3110
f 2437 720 817
f 4251 1464 1463
f 2609 1533 3652
f 3652 1533 777
f 247 2105 245
f 865 4252 4253
f 1989 2944 1990
f 3312 3767 3198
f 4254 4255 4220
f 1860 448 2063
f 518 517 3318
f 2064 4256 1976
f 4255 1478 4220
f 1977 1976 4256
f 1262 3322 4257
f 3303 3616 538
f 1373 3349 3348
f 2720 658 1830
f 3904 3606 1566
f 1405 1326 3158
f 1699 1821 3161
f 4258 1134 1186
f 155 2308 4259
f 661 2568 429
f 2568 814 429
f 814 1503 4076
f 1503 4035 4076
f 4035 2457 2582
f 2457 2708 2582
f 2708 4260 705
f 4260 3690 705
f 620 948 673
f 3263 3262 818
f 1449 3334 1981
f 8 7 3703
f 2673 1627 1626
f 1628 2149 1626
f 1547 2827 3118
f 3356 3121 2875
f 2380 3107 2381
f 4171 2381 3107
f 3983 1724 3516
f 1724 3983 1722
f 934 2184 3985
f 3872 3871 541
f 2095 830 3604
f 3367 1877 3276
f 3827 1561 1814
f 3827 3230 3286
f 3019 3018 1867
f 350 2944 351
f 4261 4262 2684
f 3537 105 2334
f 154 3147 1855
f 3147 4263 4217
f 4264 4265 3058
f 4119 3058 4265
f 4167 3013 3012
f 1610 1617 1608
f 1061 362 680
f 362 1061 1
f 377 2132 744
f 1146 239 2283
f 2900 2899 1664
f 2899 1875 1664
f 480 1934 481
f 4161 1274 930
f 1857 3022 1858
f 1316 2007 1317
f 3895 4205 3331
f 3449 3633 1440
f 209 2487 52
f 3007 323 4173
f 4143 3963 1094
f 3367 3276 3368
f 930 1274 2528
f 891 890 931
f 4266 4267 1106
f 1274 4161 3951
f 3212 3850 1371
f 9 3331 4205
f 3515 3516 1724
f 2205 4032 2206
f 1691 1693 4268
f 2630 3128 2628
f 1833 3233 2210
f 2210 1556 4154
f 4269 571 570
f 3235 2283 2282
f 1646 2729 1803
f 4270 3855 4036
f 1873 1874 243
f 1874 3960 243
f 2024 1937 1772
f 1937 1936 1772
f 1936 2106 3704
f 2106 2105 3704
f 2105 2543 2385
f 2543 1873 2385
f 4271 4253 4252
f 3132 643 2016
f 4272 230 1089
f 4273 3007 1030
f 3998 3398 2809
f 2748 3120 4250
f 2327 2328 4274
f 2871 3426 2462
f 4275 2879 2878
f 1177 1176 1324
f 3068 1823 1074
f 1024 2677 2287
f 1311 2646 462
f 459 458 3974
f 3469 903 902
f 2120 2556 192
f 839 1931 4276
f 2622 3219 1614
f 1132 2562 2025
f 1132 196 1375
f 3010 398 3788
f 4277 3357 4278
f 4176 3334 914
f 644 4243 645
f 2427 2521 430
f 2545 2509 2006
f 3944 2209 2208
f 107 925 2019
f 1834 546 2951
f 546 2703 2951
f 2722 3355 2723
f 3384 258 2618
f 171 170 3048
f 30 3323 28
f 630 2854 1001
f 4094 1943 4231
f 1947 1649 1648
f 3017 688 2314
f 3888 42 384
f 2503 3337 2445
f 727 823 2173
f 2173 823 2171
f 2638 3329 2640
f 3329 2638 2146
f 1303 2654 3042
f 1186 646 4258
f 449 3854 1359
f 457 180 3928
f 1154 3241 373
f 1154 966 1997
f 4193 1174 2224
f 1750 3035 2610
f 4279 1277 1279
f 895 1102 3221
f 2196 64 154
f 2196 3266 726
f 2479 2168 2169
f 1342 3898 3899
f 980 3197 4002
f 3805 4004 3397
f 1318 4101 287
f 4280 3312 3198
f 4221 1112 1111
f 2987 1113 1112
f 3267 4206 3171
f 3170 3169 1690
f 3461 2991 2754
f 2220 1460 2990
f 3568 3437 3436
f 1870 3386 1871
f 1166 1572 2186
f 2768 1269 2096
f 4121 4281 2621
f 4282 3859 3206
f 2973 246 245
f 647 2543 247
f 3620 1998 3526
f 1998 3620 3655
f 3292 1315 1314
f 1059 4283 2339
f 396 2750 911
f 3756 909 2750
f 4258 3877 1134
f 1795 2353 2352
f 1491 77 2594
f 4284 77 76
f 3870 2588 2072
f 3964 3350 2237
f 4210 3608 3465
f 213 2627 2626
f 1748 3349 1373
f 501 1487 1486
f 1487 1061 680
f 4285 1699 1698
f 708 1970 487
f 4006 2941 1701
f 2941 420 419
f 2460 1003 2149
f 1003 2460 1155
f 2185 682 1300
f 935 934 3985
f 2022 834 2023
f 3980 2931 1403
f 4286 2217 1579
f 1171 1446 1448
f 4287 4080 4079
f 384 2814 385
f 1964 1953 2323
f 3188 3471 3080
f 3794 3646 2813
f 4288 3917 3122
f 1991 2868 678
f 2868 1991 3016
f 561 560 4194
f 4195 560 69
f 100 4100 3960
f 560 4195 4194
f 238 237 1352
f 2461 3742 3412
f 1302 3748 4289
f 248 250 192
f 1630 1391 3388
f 4054 3542 3544
f 4094 892 1253
f 1859 2925 2284
f 1940 3520 2300
f 1100 1490 1489
f 4016 4290 3712
f 3764 1366 1368
f 1511 2820 1459
f 2487 2486 2454
f 1078 2314 688
f 2830 1330 2387
f 3897 3618 3617
f 4291 4121 4120
f 2974 4291 4120
f 1672 3023 3134
f 3927 3928 2797
f 2278 2280 3876
f 3868 883 959
f 4292 1461 269
f 91 863 3838
f 863 3804 3838
f 3405 1515 862
f 3804 1514 2736
f 3102 3101 3221
f 4293 2421 4279
f 996 997 2712
f 997 4199 2711
f 2054 2143 2599
f 7 4205 3703
f 3756 3578 909
f 3845 3577 1744
f 4294 1547 571
f 4295 3326 492
f 2968 4291 2974
f 910 3845 3840
f 338 165 164
f 3429 3442 3345
f 2610 3035 2502
f 2502 206 2610
f 2278 2085 3352
f 3399 3934 3935
f 1206 4073 1207
f 4073 1206 2856
f 1378 439 2466
f 1120 4296 3421
f 4297 3094 382
f 2744 4297 382
f 2570 533 1828
f 209 208 2487
f 292 291 407
f 83 3647 3546
f 1908 934 3287
f 595 2034 3376
f 120 372 121
f 3825 2909 2908
f 3628 1466 594
f 4298 3439 3657
f 539 3973 2635
f 3279 3320 3222
f 2476 3559 3497
f 784 3661 3053
f 4216 3876 343
f 1970 1254 488
f 3851 663 3970
f 3970 3852 3851
f 4299 4300 731
f 731 1019 1018
f 2829 2933 2935
f 3724 2191 4301
f 3237 1193 2980
f 2506 2505 3299
f 2207 3228 2205
f 2498 3801 1336
f 797 2965 4107
f 2846 1386 1388
f 3650 2540 3242
f 1609 3000 2749
f 411 2574 409
f 4302 3458 3670
f 3491 4146 3489
f 3012 2206 4032
f 4303 2311 2310
f 2824 1944 2261
f 4304 2013 75
f 2277 1280 3766
f 1376 913 912
f 251 3809 4305
f 4306 3843 3872
f 4188 1379 1978
f 4251 1463 3726
f 3751 3750 4307
f 3727 704 2763
f 714 713 4011
f 1229 600 599
f 1597 2835 2870
f 283 282 3879
f 1277 747 749
f 267 266 2534
f 3298 576 2083
f 1756 2661 2660
f 1720 722 1329
f 3128 3296 2370
f 204 1833 1745
f 3915 2706 2705
f 4230 3443 3258
f 4212 4308 4309
f 4310 3709 427
f 3375 2809 691
f 2808 3786 693
f 2297 2296 3047
f 1302 1301 3748
f 3776 541 3871
f 3533 2062 1976
f 3502 575 559
f 3262 4311 2546
f 3399 4136 3585
f 4080 3080 3471
f 2001 1501 636
f 504 1501 502
f 1736 3921 3909
f 2319 16 18
f 4164 1058 3180
f 4036 4312 4270
f 2796 176 178
f 3396 4313 981
f 4314 284 1230
f 1302 4315 2654
f 3100 3640 348
f 61 2471 62
f 4214 3485 3484
f 2228 2355 922
f 3080 799 2324
f 799 798 2324
f 2607 2484 2483
f 1784 3072 1782
f 2948 2385 2384
f 4139 3643 1639
f 3396 981 980
f 1411 1124 1034
f 2698 2699 3811
f 2699 4008 3811
f 2887 628 2583
f 2583 627 4011
f 2324 2292 2322
f 4315 1302 4289
f 2853 1001 2854
f 2880 3611 3689
f 4070 3493 519
f 3731 4316 3893
f 2679 3989 2575
f 4215 3596 314
f 1291 2123 2125
f 2919 2731 2311
f 3609 4277 4278
f 1342 4131 4132
f 4228 905 254
f 2586 2585 1810
f 1292 1748 1293
f 3859 3933 1899
f 3969 3701 3970
f 3543 1674 676
f 1206 2701 2856
f 3456 3532 3974
f 2673 2051 2671
f 3224 2449 2671
f 367 3536 1469
f 1868 1174 4193
f 3448 3563 3824
f 3564 4187 1022
f 3351 1023 942
f 189 2994 4055
f 2438 3200 3199
f 4156 2449 1337
f 1066 1065 4118
f 819 1020 3263
f 2377 1426 1108
f 1425 2692 1681
f 3910 961 2940
f 1050 1671 1051
f 663 3851 290
f 663 4235 3969
f 2077 1768 3449
f 2153 2067 2154
f 3495 3452 3567
f 3796 4317 4247
f 1942 4318 2366
f 1798 782 781
f 1948 2947 1234
f 2947 1424 1234
f 803 1702 2396
f 661 137 4146
f 1360 2065 449
f 4319 4258 4320
f 4321 2197 3846
f 726 2197 2196
f 1834 2953 2179
f 4246 1545 2937
f 3930 3903 3034
f 3903 1474 3034
f 1474 2500 2502
f 3600 2500 1181
f 3055 3676 4192
f 3882 3934 1264
f 1329 1331 3955
f 3042 2898 1303
f 3418 3590 885
f 3015 1949 1234
f 2004 856 2564
f 3289 1511 2564
f 3179 1996 3510
f 1996 1995 3510
f 3231 2117 2630
f 4322 2265 3143
f 3947 1688 3722
f 1688 213 1687
f 271 2262 3377
f 3043 2295 4203
f 350 329 328
f 3114 436 435
f 3654 2412 2355
f 3416 4064 4323
f 1371 3850 3849
f 3574 3957 3575
f 695 3346 4067
f 125 2982 1504
f 2423 3324 3415
f 1020 819 1021
f 2590 950 949
f 1008 1010 1037
f 4209 3030 353
f 31 3395 4045
f 1073 1485 2183
f 1073 2398 4224
f 127 1429 2982
f 2739 3598 492
f 4149 1464 4065
f 714 1230 283
f 4251 4065 1464
f 1232 4314 1230
f 919 1790 2524
f 207 3679 3678
f 3824 837 3448
f 116 3780 117
f 539 2637 4324
f 3666 1920 1922
f 262 95 260
f 4325 4008 4020
f 4307 3750 2735
f 4285 1822 1821
f 2956 3690 4260
f 3861 2793 2792
f 4305 3890 251
f 2463 3396 980
f 1405 1407 2893
f 4326 4166 4165
f 1852 4133 4259
f 4016 4095 4017
f 2394 2576 4092
f 2575 2574 2679
f 3684 1432 3853
f 3820 2887 705
f 3498 4226 1267
f 110 112 455
f 4050 951 2409
f 440 1565 1650
f 1239 2357 1589
f 1589 3713 1239
f 1004 3849 2905
f 1780 1779 3860
f 1413 2566 1414
f 1993 1486 5
f 4327 2818 1797
f 568 1761 288
f 2891 4328 3109
f 1407 3362 3556
f 1206 2702 2701
f 3486 3717 3716
f 942 4187 4329
f 2770 4249 12
f 3482 4208 3481
f 876 632 2604
f 2140 3746 3517
f 952 4029 2622
f 2870 2869 956
f 265 334 2869
f 774 1507 2091
f 330 1130 3826
f 668 4082 669
f 4082 1768 669
f 2465 4053 2902
f 4053 2817 2902
f 2817 4053 2815
f 1395 3009 3923
f 1524 197 2998
f 1662 3878 4319
f 3877 159 158
f 3427 3580 3514
f 3975 2693 3976
f 1789 1242 1408
f 1081 1714 1242
f 2104 2103 743
f 3193 2104 743
f 3543 676 675
f 809 808 3190
f 1214 4175 3404
f 4051 3061 3699
f 177 3610 178
f 480 479 2251
f 1341 2121 1005
f 1005 2121 250
f 3770 3110 3191
f 2833 2680 2574
f 1727 3989 1725
f 2575 1727 4092
f 1013 1012 1282
f 666 3949 2679
f 36 472 34
f 1550 472 473
f 390 2805 391
f 391 2805 3240
f 1640 3186 1641
f 2743 3185 2744
f 2687 4122 352
f 1617 2800 1618
f 1478 4218 4220
f 2678 2602 464
f 3200 2606 3208
f 1413 3467 3692
f 3143 2000 4322
f 2000 2843 4322
f 2605 2443 2606
f 4027 2914 3593
f 1014 1013 2062
f 196 3627 3540
f 10 2919 2311
f 4330 3929 1209
f 1908 3475 3746
f 3475 3517 3746
f 880 1963 2067
f 4251 2263 2262
f 46 3724 697
f 2069 2093 2067
f 2961 1848 1847
f 2950 2134 1447
f 2455 3076 3643
f 3811 2110 2374
f 3600 3841 206
f 3841 3602 3679
f 3675 2718 4192
f 3212 4331 3850
f 1329 722 2719
f 3077 3763 3636
f 3149 2117 2119
f 1127 2117 3231
f 4332 168 3524
f 3739 56 3524
f 3738 168 167
f 4299 731 1018
f 2508 2544 3192
f 3677 3676 4331
f 1368 1367 4227
f 3140 3142 854
f 3863 2773 3377
f 565 2715 2241
f 565 564 2936
f 4309 3056 2895
f 2634 563 4333
f 4334 4073 2557
f 3207 3858 3455
f 3881 410 3522
f 410 409 3522
f 2622 3358 1381
f 4335 4087 4289
f 39 4336 3440
f 128 130 3699
f 4337 4338 4339
f 4007 3791 2408
f 4039 3799 1557
f 211 2626 3897
f 164 2010 339
f 2060 1584 1585
f 4235 3817 492
f 492 491 4295
f 1949 3015 1144
f 1949 3952 1948
f 3460 1305 1304
f 2234 1153 3590
f 1840 3615 1841
f 1708 19 1818
f 835 1735 786
f 1735 3909 786
f 3387 3830 4340
f 3387 2869 334
f 3975 2694 2693
f 1984 496 4240
f 2338 4048 142
f 2077 1440 1442
f 4309 4308 4287
f 3830 1429 4340
f 2793 787 810
f 2793 3826 834
f 3131 3130 1892
f 184 183 3863
f 3288 2454 2486
f 1757 3719 3718
f 1835 2913 2133
f 3156 2746 2745
f 1168 498 2819
f 3796 3712 4290
f 908 2070 906
f 2285 2683 2286
f 635 1053 636
f 1053 1457 1052
f 1167 3330 451
f 635 3255 1777
f 568 1593 1592
f 1149 748 1523
f 3895 3896 2839
f 1999 1998 3655
f 1465 754 753
f 754 3951 4161
f 287 3574 570
f 287 2705 285
f 3621 3654 3620
f 3621 2974 3765
f 2293 26 25
f 3531 4341 1369
f 3671 3672 3006
f 2263 4251 3726
f 1408 3986 1789
f 4342 2230 861
f 604 1217 145
f 145 1217 2320
f 4310 1600 3879
f 1218 1027 238
f 3782 2110 2109
f 1064 1066 2108
f 93 3342 3341
f 1243 687 686
f 3272 4171 1392
f 1186 1185 3759
f 3434 813 2844
f 86 1437 4022
f 3673 2489 1388
f 340 2511 338
f 3074 3832 1905
f 4343 4344 3050
f 1965 4170 2137
f 3823 4345 4206
f 3292 2488 3236
f 1374 3348 2488
f 4059 4346 3245
f 3340 629 2897
f 3356 2875 3844
f 1688 4347 2627
f 889 2620 453
f 3431 1086 486
f 4348 1224 2018
f 1883 2627 4347
f 1389 2998 197
f 2998 131 1524
f 4126 4286 1579
f 1447 3718 1448
f 1538 2135 869
f 65 4321 4349
f 4350 2023 1542
f 801 2396 2395
f 3715 3717 3284
f 3717 3984 3284
f 1269 2768 1270
f 2732 1282 2269
f 450 2066 1571
f 2195 3363 1498
f 284 4314 1040
f 2395 2687 352
f 2468 773 750
f 1784 1783 4033
f 2093 2154 2067
f 3975 3785 3184
f 2694 1681 2692
f 981 4313 321
f 1367 1969 2304
f 1475 2088 1466
f 1968 2304 1969
f 1221 3437 3568
f 3431 4348 2017
f 2088 594 1466
f 1472 2035 595
f 1472 594 2018
f 2788 3290 4351
f 2086 270 2219
f 1977 2840 2932
f 2112 4092 1727
f 3559 2476 2477
f 2016 642 2014
f 59 842 2677
f 842 841 2677
f 3359 3342 93
f 3341 864 93
f 3538 478 2427
f 2619 3702 870
f 757 2347 1100
f 2347 1568 1101
f 1456 1718 4352
f 3433 4093 2410
f 1304 1306 2415
f 1164 3151 1162
f 884 14 3369
f 2194 957 1428
f 3084 3368 928
f 612 3440 1481
f 4353 146 2924
f 3807 3806 2255
f 484 3792 2569
f 3792 523 2569
f 3767 3312 4208
f 157 156 3538
f 2585 2389 2388
f 2192 1 1060
f 3781 444 724
f 3793 2381 3272
f 1345 1347 1589
f 1590 3713 1589
f 2781 2780 4354
f 1731 4351 3290
f 469 2761 2760
f 1577 2623 1578
f 4355 1199 1198
f 4060 4337 4061
f 3428 389 391
f 3347 1905 1296
f 1747 4355 1198
f 4076 4010 713
f 1459 1815 1458
f 1733 1016 1015
f 2725 2103 1774
f 3033 2033 227
f 4074 4062 3293
f 470 469 178
f 1698 1676 1883
f 1676 1884 1883
f 3327 2804 3328
f 1933 1934 480
f 438 437 70
f 2597 3403 2608
f 351 2944 1989
f 370 2478 2479
f 1251 2528 1276
f 1276 2528 1274
f 150 1075 3911
f 2659 1673 3892
f 1363 3996 3875
f 4226 947 946
f 1429 3789 4340
f 4346 1791 3245
f 1913 2429 3938
f 2736 1514 2494
f 2494 1513 3938
f 1514 3804 862
f 4307 2737 1416
f 2737 4307 2735
f 864 91 93
f 864 3405 862
f 781 1248 1798
f 4356 2206 2791
f 2005 3515 1724
f 4290 4015 3586
f 3315 4142 3576
f 2617 2042 2962
f 896 1645 4109
f 1321 1323 2469
f 2957 563 388
f 4136 2634 1624
f 1271 2233 2232
f 3295 4072 1665
f 4241 417 4172
f 1685 3238 1686
f 2127 4144 1245
f 4357 2082 592
f 4050 2527 2912
f 2571 2527 2526
f 1199 3866 482
f 2817 4109 2268
f 3984 3182 2774
f 3825 2908 4071
f 3452 85 1116
f 3693 2930 4014
f 1266 385 3779
f 2812 2814 384
f 1540 3917 526
f 3662 1324 1176
f 2046 874 2047
f 2812 41 3794
f 3779 2814 1415
f 1415 2813 1416
f 3794 2813 2812
f 3646 3794 873
f 2047 41 40
f 2317 2520 2519
f 384 42 2812
f 386 3887 384
f 3058 2957 3056
f 3080 4080 799
f 1415 2674 3779
f 3757 2164 3758
f 3294 3293 4062
f 242 244 4358
f 2700 311 1694
f 4060 4074 3610
f 1232 1516 1040
f 1230 2159 1231
f 589 2619 2044
f 802 801 1159
f 1747 3916 2523
f 3916 2524 2523
f 3574 1320 3957
f 3214 3213 2909
f 2114 4359 3531
f 4359 2114 2116
f 2560 2116 2115
f 4360 3544 675
f 1918 1917 3511
f 616 1917 614
f 656 658 678
f 2542 679 2720
f 2240 2333 3569
f 2333 2240 2176
f 3481 1631 2825
f 2617 3383 2618
f 1641 4197 1639
f 4197 1854 1639
f 921 1396 2175
f 2321 4188 3038
f 2037 4028 2272
f 4273 4245 2769
f 1436 1438 944
f 4337 4339 1439
f 4361 81 4362
f 903 1711 1401
f 3612 2291 4337
f 3523 3958 3070
f 3833 608 2926
f 607 3315 2927
f 1049 1056 998
f 4019 290 289
f 793 1776 756
f 1776 613 756
f 1207 4072 3294
f 3408 2477 1141
f 51 992 991
f 135 4222 827
f 1696 2700 1694
f 3295 3294 4072
f 3825 2473 2472
f 4071 1206 1205
f 2290 3982 4061
f 2290 1205 3982
f 1281 1091 226
f 1091 1090 227
f 3875 3996 2658
f 374 1142 1011
f 2261 2985 3218
f 43 45 2468
f 3753 3890 3473
f 1203 1716 1204
f 1816 1973 1972
f 1886 1816 2820
f 2475 3151 2178
f 3274 3709 4363
f 4006 3584 420
f 1621 1189 1620
f 3859 4282 3933
f 3801 2498 1741
f 2785 2771 2782
f 1310 231 230
f 3373 3211 209
f 2128 4217 3029
f 3774 1856 3772
f 2780 1491 2595
f 4123 509 3873
f 3145 4209 353
f 457 1648 1647
f 650 1894 651
f 1268 945 3153
f 1404 3086 1402
f 792 2923 793
f 3312 3901 4208
f 3825 4071 2473
f 2289 3677 2472
f 2586 1810 1382
f 4024 3213 3747
f 389 3428 3319
f 4364 3776 759
f 191 193 1218
f 193 2240 1218
f 918 1070 1444
f 1069 2024 1444
f 1644 1643 3285
f 1643 320 3285
f 3673 2156 2155
f 286 1318 287
f 4115 2157 3459
f 2155 2157 4365
f 1398 3271 567
f 395 1398 1400
f 4319 1663 1662
f 2471 1602 3971
f 678 679 1991
f 2577 4366 2578
f 2595 4257 2780
f 4088 3395 33
f 4209 2129 2128
f 2130 3275 1855
f 3873 24 3145
f 24 3873 1105
f 2380 2379 2734
f 115 1201 275
f 1564 3881 3522
f 946 1267 4226
f 1422 1421 2662
f 3078 2665 3079
f 513 2420 3138
f 2420 513 3505
f 3504 4191 4367
f 4274 4115 4302
f 4189 3254 3710
f 3071 3725 847
f 1192 3962 3886
f 3962 2295 3886
f 604 2008 3921
f 3181 3540 3627
f 1282 2223 1283
f 3909 3921 2008
f 1275 963 3265
f 962 4368 4369
f 3322 1262 1050
f 2522 878 880
f 2362 298 1809
f 297 3806 1382
f 3954 4016 3712
f 3777 30 29
f 4176 782 1798
f 4356 2791 781
f 3109 1654 3108
f 3961 1361 1362
f 1922 2300 3666
f 4370 3530 1921
f 2926 1859 554
f 1920 313 1921
f 4340 4215 955
f 290 4019 662
f 3617 1987 1986
f 2202 2201 3406
f 4371 785 784
f 631 3530 4370
f 2553 2109 3821
f 3821 2977 2976
f 2383 2335 3174
f 1346 2383 3174
f 1727 3060 2113
f 3060 3059 2113
f 1820 2478 3160
f 2478 369 3160
f 969 279 968
f 277 279 3985
f 3552 448 447
f 3651 2598 2609
f 2612 4190 2142
f 3586 4317 3796
f 2224 561 4193
f 3594 1172 392
f 1997 1071 1154
f 4224 1071 1073
f 1299 2186 1300
f 1299 969 1932
f 2616 1824 2090
f 2091 1507 2090
f 2958 2667 2299
f 264 263 2299
f 3250 4372 3987
f 2940 1274 3951
f 2006 1701 2545
f 2545 1701 2941
f 1802 4333 1800
f 4373 293 292
f 3548 3983 3516
f 2126 522 1443
f 2850 3400 3585
f 2851 606 3833
f 606 2851 386
f 2027 4127 482
f 4127 1926 482
f 1926 4127 584
f 3402 4162 2663
f 1500 36 2434
f 1289 3492 1667
f 2686 1627 2672
f 3665 1872 2580
f 4000 1508 1509
f 4332 3070 3069
f 2842 1630 1629
f 3725 3977 847
f 4313 3398 3999
f 3524 168 3739
f 3915 3119 3819
f 4132 1343 1342
f 3434 1590 1347
f 3202 161 3846
f 1519 3430 3127
f 3385 3570 2916
f 2856 2557 4073
f 462 1427 1311
f 4138 1544 3011
f 2856 3424 2111
f 2147 3427 2145
f 3427 3514 2145
f 4034 3733 4198
f 3311 2281 3901
f 3995 112 1441
f 2702 4071 2908
f 121 605 2009
f 605 604 2009
f 4374 406 767
f 1096 432 768
f 594 2088 2017
f 2944 2790 2789
f 1806 1880 1879
f 1880 1806 2383
f 2037 1807 103
f 4213 1879 98
f 1991 1992 3980
f 1353 2578 4366
f 1879 4213 1806
f 2931 1992 2872
f 1808 2037 2272
f 2336 1808 2272
f 92 2239 2522
f 2239 92 91
f 2333 1823 3569
f 1074 60 3068
f 871 1709 4135
f 2692 1425 1424
f 1791 4346 2523
f 4346 4059 2523
f 1513 938 3939
f 3637 2667 2959
f 3588 1616 2984
f 2596 2984 1616
f 4375 3885 2955
f 2620 4376 2621
f 1269 433 4063
f 433 1269 1067
f 434 1067 556
f 434 1582 432
f 2499 3876 2497
f 767 406 1127
f 3239 3240 2804
f 391 3240 2353
f 715 1600 1601
f 2742 2741 3859
f 921 2174 919
f 2174 1791 919
f 4370 3039 2897
f 1578 235 3573
f 2824 1520 1942
f 1520 1519 1942
f 3129 1085 3582
f 2337 4141 3174
f 2796 4377 176
f 4377 2796 2690
f 113 1215 2943
f 1339 2767 2356
f 4020 3592 4325
f 3592 3591 4325
f 1681 2694 1679
f 2694 3975 1679
f 1183 38 37
f 2138 3855 3438
f 1551 530 529
f 2161 2160 2578
f 4216 2085 2278
f 3869 2611 2818
f 2857 4055 2994
f 1007 4105 3828
f 4378 4278 3357
f 4289 4358 3884
f 3885 3959 3798
f 2762 2795 1770
f 959 4066 3868
f 2244 2243 4118
f 227 226 1091
f 4379 789 1244
f 3854 121 1359
f 2081 341 2999
f 455 3928 1950
f 1430 126 3939
f 3505 346 2420
f 4044 1357 1356
f 4044 4104 1923
f 1373 3348 1374
f 3236 3348 3237
f 2685 2684 3733
f 4316 4262 3894
f 2149 1628 3681
f 2559 4198 2560
f 2068 3517 2069
f 828 3926 826
f 4041 1453 1535
f 1535 3961 4041
f 3318 2741 1228
f 2773 3378 3377
f 3025 3771 3684
f 3684 3407 3025
f 4380 4111 3810
f 303 502 304
f 2210 544 546
f 3774 3773 3977
f 3831 1766 4326
f 4248 1765 3744
f 2249 3177 2859
f 3177 988 2859
f 376 3865 632
f 3947 4285 1698
f 2279 2771 2785
f 1886 2821 210
f 3192 731 4300
f 506 996 3722
f 465 4110 4242
f 4110 2602 4242
f 4217 4381 3029
f 2141 623 2894
f 1326 2892 1324
f 2892 1177 1324
f 1177 2892 2891
f 3601 4363 4310
f 3021 3165 2228
f 1432 1434 3853
f 3609 3608 2723
f 1215 115 274
f 114 3698 1201
f 2348 3875 2657
f 1520 2075 1521
f 770 769 3931
f 353 3874 3145
f 2817 3541 2902
f 3485 3383 2962
f 3641 4026 2988
f 4026 4025 2988
f 3960 586 100
f 586 101 100
f 101 3840 1744
f 909 3578 3845
f 3159 3161 1821
f 1822 2479 1820
f 2516 1394 1666
f 1319 2349 1320
f 1369 3849 1004
f 3849 1369 1371
f 2410 4093 537
f 4093 3441 537
f 4382 646 645
f 304 4383 302
f 3157 1961 1960
f 3426 4384 3132
f 4221 2314 2901
f 2314 4221 3017
f 3808 4305 3809
f 1886 210 1887
f 4024 3747 3183
f 1371 3747 3212
f 1139 2235 1140
f 3024 2235 3460
f 2669 2668 3966
f 1862 4303 2310
f 3133 4131 3528
f 3066 3899 1261
f 4324 3521 4306
f 4306 539 4324
f 2386 2719 2001
f 3737 719 4130
f 1473 908 907
f 4164 1771 3660
f 4327 1797 1796
f 1650 4077 3748
f 1341 1340 2397
f 1340 1007 2397
f 4320 645 2756
f 4243 644 3976
f 3423 172 171
f 4310 3879 4114
f 1646 3762 1043
f 4005 3657 1468
f 3768 2160 1591
f 2830 2387 2611
f 2588 3870 1901
f 2546 818 3262
f 3061 4051 3062
f 4052 130 3840
f 2623 1577 1611
f 1577 1576 1611
f 2759 2761 3660
f 4165 3831 4326
f 36 1500 473
f 2436 1500 2434
f 3605 4385 1527
f 4271 2014 642
f 51 3992 49
f 3992 1846 49
f 708 707 2743
f 4386 4232 2956
f 298 2362 296
f 298 1382 1810
f 4288 3662 3917
f 4354 2541 775
f 22 3668 357
f 3668 22 24
f 508 507 4104
f 4376 889 888
f 3953 3137 1216
f 345 3137 2420
f 1513 2494 1514
f 2494 2493 2736
f 1913 2430 2429
f 2430 2481 2428
f 3738 1916 4158
f 126 1913 3938
f 878 2239 3837
f 2822 3292 2823
f 2674 1417 2428
f 2481 2674 2428
f 3786 4004 2014
f 2014 4271 3786
f 642 2016 643
f 642 641 4271
f 4373 3941 2749
f 1525 1527 4385
f 2505 4387 4388
f 4045 1203 31
f 2843 1157 4322
f 4389 2966 2266
f 2325 1994 2326
f 256 2453 4023
f 1579 3403 1911
f 3403 2597 1911
f 70 2504 3317
f 2504 70 437
f 1525 3535 3740
f 3656 2408 3791
f 3263 1020 3613
f 3976 644 4239
f 3218 2971 3807
f 2971 1382 3807
f 809 1314 1313
f 3370 1315 4390
f 141 95 94
f 95 141 260
f 2779 2651 2122
f 2651 2779 3911
f 159 3878 912
f 1376 2339 913
f 4321 3868 4066
f 4025 958 3932
f 1050 2367 1858
f 2367 964 1858
f 4225 1121 3650
f 3650 4224 4225
f 2778 2296 2006
f 2778 2509 3635
f 3560 2312 3366
f 3708 4020 3689
f 739 4167 737
f 322 4173 323
f 3396 2463 3805
f 2029 2462 3426
f 3396 3398 4313
f 3999 3998 3661
f 1805 625 624
f 2023 2918 1542
f 578 2365 3545
f 3107 2987 4171
f 418 1364 2348
f 1364 1363 2348
f 3048 4268 1693
f 974 3120 3261
f 417 4241 415
f 416 973 2212
f 1183 4391 2138
f 1456 3379 1454
f 597 1459 598
f 4266 321 4313
f 2447 3550 2554
f 4252 865 3232
f 2360 38 3438
f 311 2700 550
f 2539 1063 232
f 1063 1687 212
f 3559 3498 3497
f 3786 4252 3232
f 3634 2421 4293
f 2423 4279 2421
f 3500 1620 3332
f 3500 2573 3192
f 1660 122 766
f 122 764 766
f 3771 3880 1433
f 3361 945 947
f 4134 1421 2552
f 3436 3435 1086
f 1571 696 698
f 696 1571 2066
f 795 794 1583
f 982 984 2167
f 4219 4218 1569
f 3063 585 586
f 618 2933 619
f 4314 1232 1040
f 2469 3006 1321
f 4369 3672 3265
f 3945 1856 3774
f 3518 3813 3772
f 2484 2607 3561
f 2483 2605 2607
f 2485 3027 1935
f 3027 2859 1935
f 2037 4245 4028
f 2769 794 4273
f 2999 2082 2081
f 2083 576 2213
f 2234 1139 2301
f 2301 1153 2234
f 690 692 4005
f 1668 2696 1669
f 780 3003 3639
f 3003 780 782
f 2600 117 4130
f 4250 4392 2458
f 4393 4336 4394
f 3015 3014 2776
f 113 2885 114
f 2885 2884 114
f 2160 2401 2577
f 3768 94 96
f 1782 3117 3116
f 1158 3165 3116
f 3045 825 3836
f 4030 755 929
f 2093 2094 2154
f 2405 3836 3301
f 3201 1831 1555
f 4395 2758 2757
f 426 529 424
f 510 4275 1551
f 1077 2313 1078
f 2901 2313 1875
f 627 1738 4011
f 627 2583 628
f 1882 1884 3529
f 1621 1190 1189
f 4011 2159 714
f 2159 1230 714
f 1043 1045 1605
f 1043 1605 1452
f 1892 1891 643
f 1608 2056 1609
f 701 72 71
f 3494 1951 1437
f 53 52 2487
f 52 3373 209
f 1290 2102 1550
f 2102 1290 1669
f 2294 3054 2293
f 119 1167 1932
f 1652 4343 1653
f 849 848 3711
f 130 4052 4051
f 4387 1748 4388
f 1383 1385 3955
f 3955 1385 3246
f 1863 1862 2310
f 2310 4135 1709
f 3351 4339 176
f 525 1541 526
f 129 2254 130
f 2877 3729 2878
f 489 1851 1850
f 1651 1852 1851
f 3943 1958 3990
f 2865 2655 592
f 2255 2257 463
f 514 3581 515
f 4011 4010 2581
f 4010 4076 2581
f 1029 4245 4273
f 4245 1029 4028
f 3539 2273 4028
f 2273 2272 4028
f 2208 941 940
f 3749 3802 3893
f 2455 3643 4139
f 257 2447 4009
f 4284 2816 3304
f 3688 3761 1565
f 4221 2901 3270
f 1342 3899 4131
f 2586 4169 1974
f 4022 1437 1436
f 2666 3637 2532
f 3077 3636 3078
f 2680 3900 666
f 2680 2679 2574
f 3377 2262 2264
f 3083 4145 3081
f 1476 1223 1222
f 3270 1112 4221
f 573 2181 574
f 2180 1882 3529
f 4234 4396 2843
f 2927 608 607
f 2957 387 3056
f 1587 3044 3250
f 3279 3278 3320
f 3320 3278 689
f 3629 3631 3106
f 3858 3859 2741
f 3901 710 4208
f 3901 3312 3311
f 6 5 1486
f 3732 4198 3733
f 3053 1560 2369
f 2628 1559 650
f 3661 2036 3053
f 3644 3998 3374
f 1631 2242 712
f 711 1334 1682
f 1830 4384 2720
f 4384 3426 2720
f 2157 4116 4365
f 1552 1554 3795
f 1153 2301 1151
f 4397 4166 4326
f 2200 3597 937
f 3596 4215 4001
f 3720 3583 2127
f 2007 3515 310
f 887 3589 3745
f 3589 3588 3745
f 2004 857 856
f 3696 4023 858
f 513 515 4137
f 3780 3337 4130
f 1593 3851 1594
f 3641 4159 2837
f 1129 2847 2918
f 507 3997 3828
f 188 3136 189
f 4227 706 1368
f 3850 4331 3676
f 3736 1064 3734
f 974 4125 4398
f 4356 2207 2206
f 3053 4371 784
f 1141 3520 1940
f 2636 2635 3307
f 4364 3973 539
f 950 673 948
f 2589 1295 950
f 3872 540 4306
f 3497 3843 2476
f 3163 2714 2418
f 2714 3163 329
f 3778 3777 4103
f 916 2104 917
f 671 4240 672
f 671 260 141
f 4128 1928 1839
f 417 2212 1099
f 253 3809 251
f 349 348 3640
f 3724 2187 3707
f 3707 2186 1572
f 2848 2055 3226
f 2058 2848 3226
f 3163 3162 522
f 3162 523 522
f 3220 2712 2711
f 996 2712 2169
f 2787 2346 3526
f 648 647 2346
f 2973 2972 246
f 2972 3620 3526
f 2346 2787 648
f 2787 3143 2786
f 3061 649 648
f 649 1873 647
f 2105 247 2543
f 247 2346 647
f 2511 340 2510
f 2722 1762 1761
f 763 762 3659
f 3040 1812 1813
f 2904 2567 1002
f 2567 2904 2717
f 1977 4256 2840
f 3889 1037 4391
f 1153 3864 886
f 3864 630 886
f 4338 3610 4339
f 3092 1411 1219
f 523 3866 2881
f 3866 1199 2881
f 3783 1753 3486
f 4024 1752 1751
f 3417 2376 2375
f 1146 683 1147
f 2497 1741 2498
f 1944 2824 1942
f 2994 3448 2858
f 179 2797 180
f 3632 528 1441
f 2086 2085 270
f 4341 4359 4399
f 3632 1441 1440
f 457 1647 180
f 2646 4400 1794
f 2472 3677 4331
f 3927 2797 2799
f 2773 183 3284
f 3629 1255 182
f 1079 3146 3152
f 3146 2340 3152
f 1480 655 348
f 655 3100 348
f 2374 3782 2375
f 2110 3734 2108
f 2916 2917 1985
f 1000 2886 2917
f 3980 1403 99
f 1403 1402 99
f 98 97 4213
f 97 103 4213
f 4138 2579 1544
f 2603 3766 851
f 1792 2531 2530
f 2345 2889 4090
f 1378 400 720
f 400 817 720
f 3764 4232 3204
f 3204 3203 3764
f 4349 66 65
f 4159 3099 2838
f 2433 4304 90
f 2334 4342 861
f 3906 549 548
f 1362 3311 3961
f 3157 2746 3156
f 3481 2745 215
f 1747 1198 1285
f 518 2732 2269
f 3168 3625 3169
f 2930 3693 3625
f 3729 3595 4401
f 2615 2995 3626
f 1200 1706 82
f 3664 1360 1359
f 2766 3981 98
f 3981 3980 98
f 2614 752 1332
f 752 2614 378
f 750 3004 2468
f 3004 2469 2468
f 804 3050 1728
f 3632 424 529
f 49 2407 2363
f 2407 3656 2363
f 377 3950 378
f 2858 2799 2798
f 3263 818 819
f 2898 441 1303
f 3318 3305 518
f 3305 3549 518
f 545 544 4154
f 544 2210 4154
f 3773 3772 3813
f 3772 3275 3518
f 4209 23 2129
f 23 22 3518
f 3275 2130 2129
f 2130 4217 2128
f 279 1114 3985
f 3654 2227 2229
f 76 3127 3430
f 2340 1941 4233
f 383 382 4012
f 39 4394 4336
f 540 539 4306
f 3872 3205 3204
f 3931 3206 3173
f 3752 3477 3381
f 3858 517 3455
f 3306 1309 3862
f 4330 1209 1208
f 1210 309 1208
f 2616 1825 1824
f 421 1826 1825
f 2378 3499 2033
f 2997 3144 2772
f 1175 4402 1006
f 249 248 3125
f 3264 3425 3262
f 771 2989 3096
f 285 2706 3329
f 2706 2640 3329
f 251 3890 3889
f 3891 3753 1008
f 2170 611 503
f 806 3810 3912
f 3084 3085 3368
f 3085 3369 3368
f 3775 3244 2175
f 3244 1791 2175
f 4092 2112 2394
f 4403 1126 276
f 2934 2933 618
f 2248 3238 1685
f 3236 2980 2823
f 2981 1192 3886
f 1183 252 4391
f 2841 2840 4256
f 3397 2808 2809
f 2809 3398 3397
f 2653 4404 2651
f 4404 2122 2651
f 1734 500 695
f 667 500 499
f 1579 2217 1580
f 2217 2216 1580
f 2725 1774 1773
f 1774 2024 1772
f 3387 954 956
f 2450 2452 1664
f 2442 2441 9
f 2441 2573 9
f 3807 4003 3218
f 3052 2167 686
f 445 2185 4301
f 2211 2625 3986
f 1603 2584 1604
f 2041 3302 3836
f 1604 2584 991
f 4247 2038 3796
f 1161 4244 832
f 4390 3987 3370
f 1829 3957 2349
f 1370 4399 3183
f 309 4086 1208
f 3528 4131 3899
f 573 3897 2180
f 2626 211 213
f 1125 2401 96
f 96 2401 3768
f 529 426 1551
f 3458 3457 3670
f 1090 3014 1107
f 3014 1234 1107
f 1446 1848 1447
f 1447 1848 2950
f 363 4017 364
f 4017 363 4015
f 587 2977 4013
f 2977 4014 4013
f 458 2252 1032
f 2252 2547 1032
f 1332 2612 2614
f 4185 2650 2649
f 4056 4163 3566
f 87 4021 970
f 2191 3724 48
f 46 697 2828
f 4219 3235 4031
f 3235 4219 1569
f 1414 3260 490
f 2889 2888 4081
f 3594 1170 4143
f 1170 3594 3124
f 1818 4102 4103
f 2825 4405 2040
f 2786 4046 3699
f 4336 2921 3440
f 2696 2695 1669
f 2391 322 1903
f 4183 1530 4182
f 2592 2591 3044
f 964 555 1858
f 555 1859 1858
f 577 3946 2365
f 3946 2363 2365
f 3075 733 1970
f 3075 708 381
f 4206 3267 3823
f 3171 3842 3267
f 4325 4345 3914
f 4206 3591 3172
f 1656 1690 3169
f 1690 1689 3170
f 467 466 3166
f 3167 3823 3267
f 468 4241 466
f 467 3267 3842
f 1759 1760 3391
f 468 3842 3154
f 3783 3716 1297
f 3155 415 4241
f 466 4172 1730
f 4172 466 4241
f 1586 2981 3886
f 2981 1586 2823
f 1713 108 2214
f 446 1729 447
f 3465 2724 4210
f 2724 3465 289
f 804 402 1294
f 402 401 1294
f 2404 2403 1147
f 526 2198 524
f 4406 2740 4295
f 2456 4139 4140
f 3829 333 1505
f 4195 1744 3577
f 3577 3845 3578
f 3845 910 909
f 3837 1955 1954
f 1536 684 1570
f 3742 3316 3412
f 3316 3742 3315
f 1173 2225 2224
f 559 2461 3502
f 4386 758 760
f 3862 3307 3306
f 3975 3184 1679
f 4239 3785 3976
f 3900 1454 666
f 3067 3066 1261
f 1455 3900 2414
f 1455 2415 1456
f 4235 4124 3969
f 4124 2551 3969
f 3551 2448 2550
f 1852 3089 1850
f 1277 4279 3415
f 1635 1894 1558
f 1894 1635 1634
f 4075 1645 3728
f 4075 3940 319
f 3095 843 58
f 843 3095 1640
f 3312 4280 3310
f 3299 4280 3198
f 794 3007 4273
f 3112 3111 3949
f 1356 1358 509
f 2495 1358 2241
f 2686 2672 4407
f 2686 4261 2684
f 3664 1359 3665
f 3664 2580 3103
f 3375 3374 2809
f 3374 3998 2809
f 2695 4353 2924
f 1669 2695 2102
f 1660 4408 2161
f 847 3254 3071
f 3802 3380 2669
f 1739 2537 3802
f 1640 3148 3186
f 4297 2744 3186
f 448 1860 446
f 3496 1767 709
f 970 4329 188
f 4329 970 942
f 2551 2550 2448
f 3417 2550 4064
f 2895 3056 2896
f 2399 2398 1073
f 3869 4327 3688
f 4327 1796 3688
f 352 3874 353
f 3874 352 4122
f 4025 3932 769
f 3932 3931 769
f 2325 1993 1994
f 4 6 1897
f 4409 4410 4214
f 2270 1229 2794
f 3318 1228 1227
f 4411 3858 2741
f 985 2675 2455
f 4009 3554 257
f 1271 3453 2316
f 3453 2928 2316
f 2640 3819 596
f 225 224 2515
f 2151 716 718
f 2756 645 4243
f 4243 3619 2756
f 1693 1703 171
f 1428 957 231
f 3552 4256 2064
f 1976 2062 2064
f 2062 4180 2063
f 448 3552 2064
f 2431 474 838
f 837 3824 2432
f 3110 2832 3191
f 3110 3770 1304
f 3941 3614 3261
f 3614 3941 292
f 214 1193 2506
f 2507 3237 3349
f 4202 4108 4007
f 4405 202 2040
f 29 3956 4108
f 3942 3988 3755
f 3105 3715 3629
f 1374 3190 1372
f 3907 4412 3908
f 3969 259 3701
f 259 3969 2551
f 2061 851 850
f 2911 280 1087
f 3364 2097 3365
f 2097 2096 3365
f 1623 3887 2851
f 3887 386 2851
f 3967 2253 2254
f 3259 637 2999
f 1436 943 4021
f 943 942 4021
f 4182 3273 3815
f 2189 2188 3815
f 2691 3623 4088
f 3623 3622 4088
f 1028 2288 75
f 2288 1028 1844
f 1546 3698 1607
f 359 1607 3698
f 2089 2968 2973
f 2968 2974 2973
f 2153 2152 2522
f 1393 3270 1394
f 537 2406 538
f 1878 3045 2405
f 630 3360 2854
f 3360 3359 2854
f 1700 3584 4006
f 259 2551 257
f 1640 3642 843
f 3642 841 843
f 3782 2374 2110
f 2374 2698 3811
f 3115 3114 1549
f 436 1216 274
f 905 4228 4413
f 4228 3988 4413
f 3843 4306 3521
f 3520 1141 2476
f 3822 4014 2977
f 4414 4415 1260
f 4410 3485 4214
f 229 319 3940
f 2485 2251 335
f 3951 3910 2940
f 3853 3631 947
f 947 3630 3361
f 289 1762 2724
f 1762 2722 2724
f 1914 1322 4368
f 115 1215 113
f 74 2710 527
f 2710 74 2312
f 2312 3560 2710
f 2049 2048 4407
f 3812 477 1653
f 477 3812 1294
f 800 4308 1803
f 4397 3152 4283
f 307 3176 3708
f 3176 4020 3708
f 140 4048 4049
f 4048 140 142
f 1898 2372 2520
f 18 1625 2742
f 4111 3077 3079
f 978 3020 1913
f 3104 3064 4276
f 724 443 542
f 2003 1723 3694
f 1723 2003 1724
f 1722 1109 4413
f 170 3539 1029
f 4210 2723 3608
f 2643 3043 4203
f 2890 1010 2382
f 2382 1009 622
f 4035 621 2457
f 2361 2708 2457
f 949 1009 1008
f 1009 949 622
f 2382 1502 2890
f 2032 3573 228
f 2044 3554 4009
f 1108 1426 1425
f 1338 2868 2767
f 2356 1238 1339
f 1338 1337 1889
f 893 1142 1490
f 2767 3016 2766
f 2767 1339 1338
f 573 3618 3897
f 2109 2108 1066
f 2514 956 955
f 2721 3037 219
f 1855 152 154
f 1509 152 3945
f 2390 785 3300
f 2390 1691 2391
f 1151 2300 1922
f 4324 2637 3666
f 1537 684 1536
f 1478 1477 1536
f 4000 3978 3725
f 958 883 2373
f 2861 3495 1138
f 2861 1137 2860
f 480 2251 1933
f 2485 1764 2251
f 3984 2774 3284
f 2774 2773 3284
f 487 3175 707
f 3175 3373 707
f 3594 392 394
f 1712 2419 1083
f 1598 2351 740
f 192 191 248
f 507 3828 4104
f 4104 4105 4402
f 3721 3314 1822
f 4120 3765 2974
f 3344 378 3950
f 2873 4121 1938
f 3847 3422 3421
f 2883 4416 3411
f 2505 4388 4280
f 4041 4280 4042
f 3306 3308 759
f 937 3597 3596
f 3222 3223 3279
f 3279 3223 3658
f 4196 2754 2991
f 4287 4079 3057
f 1893 2991 2990
f 2991 1893 4196
f 3335 643 1891
f 1871 4055 2857
f 3144 3503 2078
f 2782 181 2783
f 2754 4196 2922
f 3571 2753 2752
f 2221 3461 4417
f 2219 1460 2220
f 2078 2080 2764
f 4292 342 2213
f 4264 3057 4079
f 2764 4056 2078
f 1461 4292 1247
f 2797 3928 180
f 2789 1990 2944
f 2789 2791 2206
f 1634 3194 2882
f 3194 1634 1636
f 2256 3444 2257
f 2256 2255 3257
f 3534 3791 3535
f 3355 2722 3121
f 299 301 664
f 299 4352 2410
f 3998 3644 3661
f 3376 3644 3374
f 4416 2342 3411
f 4132 2734 2379
f 113 4155 2885
f 3813 3506 3856
f 4418 4238 902
f 4274 2328 3795
f 2315 3354 551
f 3354 552 551
f 1959 4317 4203
f 4317 3586 4203
f 719 1182 4130
f 1182 2600 4130
f 1529 3273 1530
f 3273 4182 1530
f 218 4204 4419
f 706 705 3690
f 2538 1463 1462
f 1464 2668 1462
f 335 2251 479
f 1636 2035 3113
f 2817 3487 3541
f 3487 1390 3541
f 1143 2028 3102
f 2028 375 3101
f 1952 2444 1435
f 2716 3090 1435
f 920 919 579
f 581 920 579
f 408 1465 84
f 1523 748 3778
f 3918 3134 4091
f 1987 3616 542
f 4185 157 3538
f 2115 2460 3681
f 3817 490 492
f 4148 2560 3732
f 1900 1902 2958
f 1811 1810 2585
f 3486 1752 3984
f 1752 4024 3984
f 3483 1204 1716
f 602 1566 2107
f 2002 2683 2001
f 157 4185 2308
f 3094 4297 3148
f 3681 2559 2115
f 887 889 453
f 3758 1420 1419
f 3181 3180 1057
f 3394 4398 4125
f 1773 2747 2725
f 2747 2726 2725
f 1266 1187 3413
f 1187 3414 3413
f 617 1163 618
f 395 2751 396
f 3161 4288 3122
f 3161 3159 3158
f 2216 3814 3401
f 1906 3347 409
f 3222 3319 1089
f 1795 3442 2353
f 4375 2955 2954
f 1715 1717 3797
f 60 1075 2659
f 505 1328 997
f 2402 4276 1931
f 847 2343 848
f 2359 4362 81
f 1399 1398 3649
f 1557 1479 4039
f 1557 4154 1556
f 3555 3254 4189
f 849 3710 3254
f 2451 2203 4248
f 3493 3363 3362
f 4152 2975 3488
f 4368 961 3000
f 2454 4023 2453
f 53 2487 2454
f 630 1152 631
f 1152 1151 631
f 4401 3801 1740
f 4401 3595 2026
f 2889 4081 4090
f 2888 2781 4354
f 4138 3011 3788
f 4159 2838 2837
f 3461 2221 2220
f 1592 4418 3649
f 1531 200 123
f 237 200 1353
f 2929 4047 1538
f 1758 2135 2995
f 2661 2616 2090
f 2661 1756 1758
f 4420 3558 2533
f 3558 1329 3246
f 380 3865 376
f 3865 380 2341
f 3246 2533 3558
f 2534 2666 2532
f 2533 3246 1431
f 2533 2532 4420
f 875 3937 873
f 3188 1953 3937
f 800 799 4080
f 4080 4287 800
f 74 4304 75
f 3646 4307 1416
f 3937 875 3188
f 875 2046 3471
f 3248 3249 738
f 975 2212 973
f 3581 514 3138
f 514 513 3138
f 2819 703 2257
f 703 463 2257
f 3909 2008 3907
f 2008 145 3907
f 2970 3703 3553
f 2841 3553 3703
f 2360 39 38
f 39 3440 37
f 69 102 4195
f 102 1744 4195
f 1409 2670 1713
f 2670 1714 1713
f 272 271 2275
f 3459 3458 4115
f 2386 2683 2285
f 1526 1525 2259
f 2830 2611 2898
f 2305 899 4207
f 435 275 2492
f 4369 4368 1322
f 1726 1725 1344
f 4101 3574 287
f 1108 1110 2377
f 3983 1110 1722
f 3728 3659 4075
f 3659 3728 763
f 3040 1813 2426
f 2426 221 3040
f 87 86 4022
f 1135 1327 999
f 1135 998 1684
f 1684 2416 1135
f 1113 524 2198
f 2894 4177 2183
f 1841 3615 3546
f 4356 780 4201
f 338 2566 165
f 3692 3002 166
f 1117 971 1632
f 3591 4206 4345
f 3076 2455 2675
f 1478 1570 4218
f 1389 2903 3541
f 2903 2902 3541
f 866 865 2922
f 2453 256 2945
f 3082 3409 3083
f 1195 4043 4044
f 549 1188 2565
f 1188 1265 2565
f 787 786 2728
f 464 2602 4110
f 4083 431 403
f 403 3449 4083
f 431 4083 668
f 431 430 401
f 896 2816 4284
f 77 3304 2594
f 4284 897 896
f 897 4284 76
f 730 1814 3603
f 3993 1339 1238
f 2357 1239 1238
f 2357 1881 1345
f 2954 1717 1203
f 4390 2822 1588
f 2733 1677 1697
f 1678 1884 1676
f 4398 3120 974
f 413 412 2144
f 737 3012 4032
f 3012 737 4167
f 3555 3847 3251
f 1610 2459 3848
f 2055 2848 1129
f 3252 4332 3069
f 3251 3069 3555
f 3251 3848 2459
f 55 57 3523
f 57 3266 1509
f 2653 1823 2333
f 2653 1074 1823
f 1476 3657 3439
f 1468 690 4005
f 3698 2884 359
f 1958 3943 4096
f 2505 4280 3299
f 3721 4285 3947
f 3827 2920 1561
f 957 2076 2920
f 324 326 1574
f 1481 2921 326
f 4184 4181 4180
f 3005 3671 3006
f 4097 2538 4098
f 2538 4097 1463
f 1137 1136 1832
f 1136 1892 1832
f 2377 3499 2378
f 2031 3499 3548
f 3895 2839 4205
f 2932 3896 2124
f 2548 2348 2657
f 1189 1191 3895
f 3140 3338 104
f 4140 904 2456
f 3953 436 3115
f 3115 3581 3953
f 2613 2142 2053
f 2142 2613 2612
f 1990 4167 1988
f 1740 1742 2424
f 4152 2078 4056
f 1685 1055 2248
f 1148 749 1149
f 749 1148 1278
f 3532 3456 1014
f 3974 458 3207
f 2080 1235 2764
f 934 1907 2184
f 998 1685 1684
f 1056 1685 998
f 2933 2828 619
f 3709 4310 4363
f 1164 3150 3151
f 3150 1164 3381
f 2107 1527 603
f 4385 3536 3535
f 2979 2782 2771
f 2978 2771 2772
f 3964 4067 3350
f 1246 1461 1247
f 603 2422 601
f 653 4018 654
f 4311 1595 3306
f 3973 3308 3307
f 3099 4381 2838
f 722 1720 1719
f 4312 659 3313
f 1804 1803 2729
f 4153 2913 2915
f 4201 3639 3609
f 4293 2536 1659
f 1659 3634 4293
f 4365 1930 2155
f 1930 3713 2155
f 3713 2490 2155
f 1590 3434 2489
f 3846 2639 3202
f 2639 3846 2197
f 1956 1638 1957
f 3990 1957 3759
f 2985 1974 4169
f 854 2591 2593
f 1478 1536 1570
f 1309 2514 3862
f 904 4140 254
f 4140 1854 255
f 2573 3332 9
f 1055 1685 1056
f 2138 1039 3855
f 1058 1057 3180
f 1578 3573 1316
f 3573 2032 1316
f 3313 4270 4312
f 3855 4037 4036
f 1811 2585 2388
f 3212 3747 3213
f 2588 1901 4419
f 1901 1900 4419
f 4334 2557 2516
f 990 989 1763
f 3455 3974 3207
f 3974 3455 3456
f 4160 4403 276
f 3424 2856 2701
f 1001 2853 884
f 3292 2822 4390
f 4303 1862 3527
f 1862 1864 3527
f 3697 675 1457
f 3031 904 905
f 1732 2266 2966
f 1733 1015 1731
f 2266 1732 3967
f 3241 2540 2320
f 2876 1731 1015
f 2876 2875 397
f 1115 2975 4152
f 2975 1115 1632
f 1292 1123 1122
f 478 3538 156
f 4047 2995 2135
f 869 868 1538
f 3553 3552 447
f 1419 601 3757
f 1409 3189 742
f 3189 3759 742
f 2524 2098 919
f 3515 2005 310
f 561 2226 559
f 691 2808 693
f 1393 1392 4171
f 1637 646 1186
f 964 1264 553
f 3934 3399 553
f 4275 1946 1551
f 2276 4399 4359
f 3940 4075 3659
f 3658 3940 3659
f 1324 3662 4288
f 2121 3047 2122
f 1756 3719 1757
f 1670 1507 1051
f 1408 2645 3986
f 2645 740 3986
f 881 1788 882
f 163 700 161
f 3591 1209 3172
f 161 3202 162
f 2518 2520 882
f 2512 4421 2513
f 882 700 2518
f 2518 699 2730
f 2818 4327 3869
f 3156 2039 1961
f 163 3929 4330
f 3172 3929 2172
f 4330 699 163
f 699 4330 2730
f 2172 162 2173
f 2173 162 3202
f 415 1916 416
f 3392 3738 167
f 125 976 126
f 2262 271 4065
f 56 3739 4158
f 3739 3738 4158
f 2381 4171 3272
f 283 3879 715
f 3079 2665 3472
f 2664 3472 2665
f 3947 4347 1688
f 2626 1882 2180
f 1715 547 2565
f 547 1715 3797
f 3965 3474 3443
f 3474 3444 3443
f 2145 1351 3329
f 1351 2145 3514
f 656 1890 3199
f 2052 2438 1890
f 2211 2350 984
f 2350 1244 1243
f 685 1147 683
f 3833 2852 2851
f 3582 3435 4089
f 3582 2631 3129
f 1521 1866 1865
f 4106 2075 2260
f 1092 3963 1170
f 3963 4143 1170
f 3463 3462 3257
f 3463 3806 297
f 2065 2642 2066
f 2642 617 2066
f 1923 4402 4160
f 4402 1923 4104
f 2875 3271 397
f 397 3271 395
f 1015 2874 2876
f 2966 4389 1157
f 3656 3791 3534
f 2408 4202 4007
f 4225 3333 1121
f 3333 4225 2398
f 1002 2905 2904
f 2906 3055 4192
f 2605 3256 2443
f 4377 3565 3564
f 525 524 2380
f 524 1113 3107
f 491 2510 4295
f 340 3680 3139
f 4365 1240 1930
f 1240 4365 3948
f 3855 3883 3438
f 3883 615 3438
f 2464 2783 181
f 4417 3571 3503
f 2634 4136 855
f 1176 1178 3051
f 3512 4114 282
f 3459 3678 3457
f 1383 2654 3622
f 4087 4315 4289
f 613 503 611
f 504 3255 635
f 2843 4396 3165
f 4396 2228 3165
f 796 3086 1348
f 3086 1404 1348
f 3512 3602 4114
f 3601 4310 4114
f 628 4098 2538
f 4098 628 2887
f 3734 3811 3914
f 4018 653 1160
f 3802 2669 3966
f 3380 2538 1462
f 4002 2872 2871
f 3197 1404 2872
f 4201 4278 3228
f 4278 4201 3609
f 2347 336 2849
f 1663 4319 4320
f 3150 2467 2178
f 2807 2338 519
f 2970 3050 4344
f 1133 3878 1662
f 1902 2665 2958
f 2839 3703 4205
f 4308 800 4287
f 2982 1429 3830
f 2136 2011 3026
f 4375 4289 3884
f 303 302 806
f 3558 1721 1720
f 2071 2070 1773
f 2070 908 1773
f 895 1011 893
f 1490 1142 609
f 2224 2226 561
f 2461 2226 3742
f 4262 1518 3894
f 1232 1231 1517
f 2075 4106 1866
f 2075 1520 2824
f 2658 2657 3875
f 2658 2989 1031
f 1160 354 4018
f 1160 1159 801
f 4325 3914 4008
f 4008 3914 3811
f 3165 3164 3116
f 3164 3248 3116
f 2982 3830 3829
f 3829 1505 2982
f 2246 2245 3673
f 2245 2156 3673
f 3681 4034 2559
f 3186 3148 4297
f 3564 1022 4377
f 1022 176 4377
f 281 1280 236
f 1629 2281 2842
f 1565 2948 4077
f 3622 2654 4315
f 2359 2358 614
f 601 1419 602
f 2353 3442 391
f 2963 494 4049
f 3544 4360 2923
f 4119 1800 563
f 3894 3893 4316
f 3966 3731 3802
f 3824 3565 2690
f 3565 4377 2690
f 168 4332 169
f 3902 2147 2146
f 1323 1618 1288
f 925 527 2710
f 3745 3754 1980
f 3079 4151 4111
f 2643 2592 3043
f 3290 3967 1732
f 1723 3755 3694
f 3755 3988 3694
f 1365 2681 1480
f 2681 1159 1480
f 2050 2449 3948
f 2049 2671 2449
f 2209 2019 3560
f 2019 2710 3560
f 1288 2800 1286
f 2801 1617 1610
f 3337 3737 4130
f 281 3766 1280
f 991 993 3971
f 993 2655 3971
f 1487 1062 1061
f 3692 166 165
f 565 2938 2715
f 2938 565 2936
f 1612 4175 1213
f 4175 1214 1213
f 1132 1131 2562
f 1131 1662 2562
f 3667 3413 3936
f 743 2103 677
f 1310 230 4272
f 3048 1693 171
f 551 1696 2045
f 657 3562 658
f 2631 3583 3545
f 2127 3583 4089
f 3536 2633 3534
f 2632 2631 3545
f 22 3506 3813
f 3856 3773 3813
f 4406 3925 2740
f 3899 3066 3528
f 3066 2181 3529
f 3529 2181 2180
f 2449 4156 3993
f 4156 1339 3993
f 2052 2439 2438
f 2607 2606 2440
f 394 2419 1712
f 1084 1083 2419
f 3759 2215 3990
f 2215 2214 3990
f 3634 2165 2421
f 2165 3634 2163
f 745 744 1809
f 2362 1809 744
f 643 3131 1892
f 2358 615 614
f 132 1045 1710
f 3228 4378 3227
f 3281 3283 4407
f 3283 2686 4407
f 4410 3383 3485
f 4277 3609 2723
f 817 399 2474
f 2746 216 215
f 3157 3741 216
f 1960 2295 3962
f 113 2943 4155
f 4416 3711 848
f 4416 848 2342
f 2343 3773 2342
f 804 3812 4343
f 3812 1653 4343
f 783 1106 4267
f 3464 3084 927
f 2521 2427 478
f 2521 1294 401
f 151 4299 1018
f 4299 151 2508
f 1254 2810 488
f 2810 1254 2442
f 179 2979 2798
f 2799 2858 3448
f 3949 3989 2679
f 3989 3949 1725
f 1781 4357 592
f 1755 1246 1245
f 2216 3401 4134
f 836 476 1950
f 1672 3134 3918
f 1171 4091 1092
f 1448 3719 3918
f 2660 1670 3919
f 1507 1670 2660
f 1672 3919 1670
f 3918 3919 1672
f 2660 3919 1756
f 3022 1050 1858
f 1544 4350 1542
f 3931 4282 3206
f 3437 1221 4144
f 1221 1223 1755
f 1223 1893 1755
f 390 3036 689
f 3036 3320 689
f 1318 3686 1934
f 3686 3514 1934
f 3655 2229 4396
f 2229 2228 4396
f 1229 599 3305
f 2967 290 3851
f 1295 3613 840
f 4283 1059 4397
f 1248 781 2791
f 781 780 4356
f 4223 2770 3527
f 4318 3127 2366
f 1662 1661 2561
f 3440 612 1967
f 1647 181 180
f 3429 3345 1089
f 280 2911 850
f 1971 2308 2147
f 2738 4207 899
f 442 441 2898
f 4129 1195 1194
f 1923 1195 4044
f 1060 846 3468
f 3468 846 845
f 2928 3819 3119
f 3819 2640 3915
f 588 3702 589
f 3971 1602 1604
f 1959 4247 4317
f 4247 1959 1961
f 3556 4328 1407
f 817 2059 2437
f 773 751 750
f 1175 4160 4402
f 1559 1558 650
f 1559 2628 2369
f 3179 4146 137
f 2467 3150 3381
f 1190 1621 2348
f 2525 4050 2409
f 2449 3224 1337
f 3224 1889 1337
f 2144 1256 223
f 223 413 2144
f 1341 3047 2121
f 2779 3047 2296
f 526 2199 2198
f 1176 2199 3662
f 1814 730 3827
f 499 2325 2491
f 1238 3041 3993
f 3041 3948 3993
f 2653 2332 4404
f 2332 2653 2333
f 1712 3714 1847
f 3469 3484 3714
f 4214 3484 3469
f 1847 3484 2961
f 924 3249 3021
f 3249 924 779
f 1779 1778 3987
f 1778 3370 3987
f 2466 2178 2467
f 2466 398 1378
f 345 344 4189
f 344 1118 4189
f 1492 1048 3556
f 1047 4328 3556
f 3461 2753 4417
f 2753 3571 4417
f 362 3 797
f 3 362 1
f 3226 2059 2058
f 2059 817 2057
f 2317 1898 2520
f 1898 2317 18
f 4264 3058 3057
f 3585 1624 1623
f 982 2166 3108
f 2166 1177 2891
f 3018 1521 1865
f 3018 762 761
f 47 46 2828
f 47 3238 2248
f 4049 494 1984
f 1984 140 4049
f 2058 2057 1543
f 2514 1308 956
f 1321 3672 4369
f 4237 3265 3672
f 4341 1370 1369
f 4341 3531 4359
f 980 979 3197
f 1885 1973 1816
f 4090 4081 2091
f 4399 1370 4341
f 1766 2203 2204
f 4326 1766 2204
f 2464 1742 2784
f 2784 1741 2497
f 4107 360 797
f 2965 2158 1867
f 1638 1956 4239
f 1956 4096 4239
f 1189 3331 3332
f 3331 1189 3895
f 2756 2758 4320
f 4331 3212 3214
f 3612 3857 2291
f 2413 3745 2355
f 1955 3837 3750
f 3751 873 3937
f 2589 4419 4204
f 2721 2958 2299
f 1377 1512 2503
f 1512 719 2503
f 2863 4388 1748
f 4388 2863 4042
f 994 548 3797
f 548 547 3797
f 2613 1843 2392
f 4022 4021 87
f 2839 3896 2840
f 3098 4259 2308
f 1647 1649 2464
f 1649 2424 2464
f 955 954 4340
f 954 3387 4340
f 2203 2451 1080
f 1080 2451 1875
f 101 585 3062
f 585 3063 3062
f 1570 1569 4218
f 2617 2962 3383
f 1281 1280 2277
f 3766 2603 2277
f 4418 901 3649
f 2258 3324 3587
f 375 1011 3700
f 1594 4418 1592
f 2319 2919 16
f 2770 11 3527
f 1501 723 304
f 4420 3636 3763
f 761 3430 3018
f 76 3430 897
f 2532 3636 4420
f 4111 3763 3077
f 2372 1899 3933
f 1899 2742 3859
f 2742 1899 18
f 918 3196 1070
f 1315 3292 4390
f 1315 3370 1313
f 101 4052 3840
f 4052 101 3062
f 3964 845 844
f 33 2691 4088
f 2438 2440 3200
f 2607 2440 3561
f 1532 778 777
f 739 778 4168
f 4168 1787 3994
f 522 2126 3163
f 3994 1786 2418
f 2126 329 3163
f 4257 776 2541
f 1353 1219 1352
f 3030 4209 2128
f 1352 1219 1218
f 3412 3905 2461
f 3905 3412 3414
f 2193 3936 3316
f 3936 2193 3667
f 4410 3384 3383
f 2962 2961 3485
f 3175 3211 3373
f 273 4150 4149
f 3564 3563 3135
f 3824 3563 3565
f 3064 3104 4237
f 1344 1725 3111
f 3193 1675 917
f 4041 3310 4280
f 4276 3064 839
f 1931 1252 2402
f 4143 4142 1173
f 4142 3315 1173
f 1173 1172 4143
f 1172 3594 4143
f 3742 2225 3315
f 2225 1173 3315
f 2600 772 117
f 4180 1013 4184
f 2409 953 581
f 953 2409 951
f 1333 4170 1683
f 4170 1965 1683
f 466 3371 3166
f 3371 2244 3166
f 178 2760 2796
f 2760 2759 2796
f 3831 4165 2761
f 4165 4164 3660
f 2994 189 3135
f 3136 4329 3564
f 4187 3564 4329
f 4187 942 1023
f 4193 561 4194
f 3579 4193 4194
f 4164 3180 1771
f 1770 2759 3660
f 1641 3185 54
f 3185 2743 54
f 2858 2798 1869
f 1695 1273 1272
f 208 2821 2486
f 2820 2821 1886
f 2627 213 1688
f 2627 1883 1882
f 1748 4387 3349
f 4387 2505 3349
f 4087 3395 4088
f 3395 4087 4045
f 2594 3291 2595
f 81 4393 2359
f 3454 1377 437
f 1236 3571 2752
f 3409 2411 1994
f 2430 2482 2481
f 268 342 4292
f 576 1707 1247
f 2081 342 341
f 1582 4374 767
f 2817 2268 3487
f 1623 2851 2850
f 3074 2908 2907
f 2908 3074 2702
f 3783 1297 1296
f 1298 3347 1296
f 3074 1905 1904
f 3832 2907 3783
f 3059 2517 2113
f 2517 2516 2113
f 2478 370 369
f 3282 4262 3283
f 3751 4307 3646
f 873 3751 3646
f 2065 1360 2641
f 1842 639 859
f 4319 3878 3877
f 3877 4258 4319
f 158 1134 3877
f 2352 1793 1795
f 3240 2354 2353
f 1829 4229 3957
f 3575 4269 570
f 1630 3389 1939
f 3389 1630 3388
f 3487 3243 1390
f 3243 3230 1390
f 2212 4128 1099
f 4128 1097 1099
f 1396 1395 3923
f 2118 2117 1127
f 4121 4291 1938
f 4291 2968 1938
f 2230 4342 4027
f 3268 4157 3155
f 3103 2580 3663
f 3476 3103 3663
f 1365 3584 2681
f 3584 1700 2681
f 638 2026 2302
f 4401 2026 3801
f 1456 927 926
f 927 1456 2415
f 3302 3301 3836
f 1895 2152 2154
f 829 828 826
f 3604 13 2095
f 1224 4348 1225
f 4348 3431 1225
f 3431 486 1225
f 1086 3435 1085
f 2018 2017 4348
f 2017 3432 3431
f 2912 3195 4050
f 3195 2912 2882
f 317 316 1799
f 1982 1981 316
f 3775 318 2707
f 318 3775 3008
f 316 4085 1799
f 4085 316 1981
f 1983 1450 1981
f 1450 1449 1981
f 1690 1656 1098
f 1465 408 291
f 990 1764 2485
f 1933 1764 2349
f 2285 2387 2386
f 3761 2949 2948
f 1156 3117 3073
f 3117 1782 3073
f 3450 4301 2191
f 1784 4032 2205
f 3774 3978 3945
f 3978 3774 3977
f 4026 3641 959
f 959 958 4026
f 264 932 265
f 187 334 932
f 3578 3756 2656
f 3579 3578 2656
f 4208 2242 3481
f 2242 1631 3481
f 4399 2276 2775
f 3183 4399 2775
f 2544 419 1620
f 419 2544 2941
f 775 4081 4354
f 4354 4081 2888
f 2094 2093 4068
f 4068 2095 2094
f 3234 1556 2210
f 3234 3233 3026
f 1919 3904 1566
f 3537 1042 1779
f 830 2095 828
f 830 1877 3367
f 1877 830 829
f 829 3045 1877
f 2452 4248 3295
f 4158 1916 1915
f 3711 4416 4155
f 3711 3710 849
f 3773 2343 3977
f 2343 847 3977
f 398 3382 3788
f 3382 398 2467
f 1395 1420 3758
f 1420 1395 1397
f 322 321 1106
f 3904 1919 4178
f 1978 1919 1418
f 1978 1397 4188
f 3758 3009 1395
f 581 2321 3038
f 1983 2164 2163
f 3757 2165 2164
f 4178 4422 3904
f 3038 4188 1397
f 3775 3923 3008
f 3923 3775 2175
f 3504 4367 1287
f 4302 2327 4274
f 2668 4149 4148
f 4150 273 2116
f 3965 3081 4145
f 2276 4359 272
f 273 272 2116
f 2116 272 4359
f 913 4233 790
f 4233 913 2340
f 3302 2041 3781
f 824 1035 2041
f 3616 3303 542
f 1907 3572 2184
f 3617 211 3897
f 3617 3616 1987
f 824 3287 933
f 3287 824 826
f 594 593 3628
f 593 3376 3628
f 785 4371 2368
f 4371 3053 2368
f 1528 3353 3300
f 3353 2390 3300
f 3428 3442 3429
f 1795 3345 3442
f 4381 3099 654
f 3029 4381 654
f 1417 1416 2737
f 2493 1417 2737
f 2570 599 63
f 599 2570 3549
f 1047 3109 4328
f 895 3700 1011
f 4413 1680 905
f 905 3760 3031
f 2993 3586 4015
f 2992 4203 3586
f 3120 4398 4250
f 4398 3394 4250
f 3394 169 4392
f 2458 1609 4250
f 3394 4392 4250
f 169 4332 3252
f 3599 4323 4064
f 2777 3507 4086
f 1068 4281 1069
f 750 3344 3950
f 1325 1324 4288
f 3723 1438 3090
f 3850 3676 3055
f 3675 4192 3676
f 4227 2763 706
f 704 3727 4098
f 681 444 3781
f 2834 1300 682
f 614 4362 2359
f 1264 964 1262
f 2926 2925 1859
f 1094 1093 2284
f 2928 3525 1929
f 3525 1743 1929
f 4184 1283 2222
f 2223 1827 2222
f 3400 3834 553
f 167 4125 3392
f 1857 1093 3134
f 1093 1092 3134
f 1859 2284 1857
f 1094 2284 3576
f 1974 1943 4094
f 2366 4231 1942
f 3355 3357 4277
f 2723 3355 4277
f 3237 2507 1193
f 2505 2507 3349
f 258 3384 3701
f 3384 4410 3701
f 2603 877 2604
f 876 2604 877
f 2228 2227 2355
f 2227 3654 2355
f 445 682 2185
f 2834 682 681
f 3491 616 659
f 3490 1917 616
f 1074 2653 2652
f 1697 3122 2733
f 3133 2734 4132
f 2733 1678 1677
f 1224 1226 1636
f 1636 1226 3194
f 4333 1802 3674
f 1624 4333 3674
f 4368 962 961
f 3265 962 4369
f 510 4181 4275
f 4181 510 512
f 3536 367 2633
f 367 366 3129
f 3411 3410 2883
f 3410 2884 2883
f 2615 3626 3168
f 3626 3625 3168
f 2134 869 2135
f 2135 1538 4047
f 4001 4215 4340
f 2512 4215 314
f 2150 120 119
f 2150 1932 967
f 4147 4323 3599
f 1828 3549 2570
f 4166 1059 1058
f 188 190 971
f 2571 2526 4063
f 4063 2526 3365
f 2912 651 2882
f 651 2912 652
f 2666 2667 3637
f 2665 2959 2958
f 1597 1308 1307
f 3037 2835 1596
f 3495 3567 1138
f 1138 3567 3336
f 4407 2048 3281
f 2048 3795 3281
f 3781 2041 1035
f 1036 2834 681
f 2895 4212 4309
f 1803 4212 3762
f 1822 3314 2168
f 4285 3721 1822
f 3353 1528 1692
f 3353 1692 1691
f 3680 340 339
f 2010 1449 1658
f 2782 2979 179
f 1869 2798 2979
f 3852 4409 4214
f 12 2794 16
f 2319 2731 2919
f 2731 2319 2318
f 2777 4086 308
f 4086 309 308
f 2208 3653 3784
f 3653 3184 3784
f 3818 1053 635
f 4395 3952 1144
f 4090 1826 423
f 423 4030 2345
f 789 4379 160
f 4379 1598 160
f 1247 2213 576
f 2213 1247 4292
f 3386 1870 2978
f 1870 1869 2978
f 268 270 4216
f 1461 1246 1460
f 2499 343 3876
f 2280 2784 2497
f 2086 2221 4417
f 2221 2086 2219
f 567 569 1398
f 1703 1693 1692
f 8 2969 2587
f 2969 1652 2587
f 572 1547 3118
f 572 287 570
f 2782 2783 2785
f 181 1647 2464
f 2996 2086 4417
f 2423 2422 3324
f 3752 2642 3477
f 3477 2642 2641
f 2804 2803 845
f 2803 3468 845
f 3683 3227 4378
f 3816 2097 3364
f 1689 3647 3170
f 1108 1425 1681
f 2717 2444 3256
f 2444 2443 3256
f 1626 2484 3561
f 2484 1626 2149
f 4322 1157 4389
f 1017 3683 3357
f 2205 3227 1784
f 3884 4358 244
f 1516 2327 1040
f 2327 4302 1040
f 2611 3869 442
f 2898 2611 442
f 2426 2650 3538
f 2649 2147 4185
f 2147 3902 1971
f 3902 1972 1971
f 83 3546 407
f 2011 2136 1495
f 2717 2906 4192
f 2906 2717 2904
f 2127 1707 578
f 1707 576 578
f 4101 1318 1320
f 2081 2083 2213
f 592 591 2865
f 616 3491 3490
f 253 252 1184
f 1336 3801 2026
f 3996 347 349
f 1098 1097 1690
f 2088 2087 3432
f 2087 3568 3432
f 3432 3436 1086
f 3436 3432 3568
f 42 3888 1623
f 3888 3887 1623
f 868 3702 588
f 1354 494 2963
f 1475 1222 2087
f 1222 1221 3568
f 1112 2986 2987
f 2986 1112 3270
f 304 722 4383
f 2719 722 723
f 1531 2578 1353
f 4366 1219 1353
f 164 915 2010
f 915 3334 2010
f 3260 2511 491
f 1055 1054 2248
f 675 3697 4360
f 3697 1053 4360
f 2501 2500 3600
f 3031 940 939
f 1328 505 999
f 1328 1327 4199
f 150 149 1075
f 1673 149 151
f 4410 4409 3701
f 4409 3852 3701
f 2794 4249 2270
f 4249 2770 2270
f 2290 2473 1205
f 1205 2473 4071
f 2516 1666 4334
f 4334 1666 1665
f 3599 2549 4423
f 4124 4423 2549
f 4420 3763 1721
f 3763 4111 807
f 1719 4383 722
f 3214 2472 4331
f 836 3447 837
f 3447 836 3927
f 836 1950 3927
f 476 475 110
f 1633 1260 4415
f 1769 1768 2077
f 1006 4105 1007
f 4105 1006 4402
f 1552 2050 3948
f 2050 1552 2048
f 4159 3641 3640
f 3640 3100 4159
f 1625 17 1228
f 17 2794 1228
f 1543 2848 2058
f 2848 1543 2847
f 3421 3848 3847
f 1332 2600 4190
f 3848 2801 1610
f 3555 3422 3847
f 4296 2801 3848
f 2101 4067 3346
f 1792 2758 4395
f 2757 3952 4395
f 4304 2433 2013
f 4304 74 90
f 3108 983 982
f 983 3108 2624
f 1821 1699 4285
f 1821 1820 3159
f 1598 4379 2351
f 1955 3937 1953
f 1954 1953 1964
f 1954 878 3837
f 3537 2334 860
f 3537 1779 106
f 893 1490 894
f 382 381 2744
f 3503 2996 4417
f 1691 4268 2391
f 1310 1428 231
f 1428 1310 1312
f 379 1836 1835
f 2960 1836 378
f 4309 3057 3056
f 3057 4309 4287
f 1235 2080 1236
f 2079 2078 3503
f 2078 3488 3144
f 3488 2078 4152
f 4368 2056 1914
f 2056 4368 3000
f 643 3335 1912
f 3335 2765 1912
f 1632 190 1871
f 190 4055 1871
f 2765 4163 2764
f 4163 4056 2764
f 85 972 1117
f 972 85 87
f 1090 2776 3014
f 72 1548 70
f 4311 3262 3425
f 600 2270 61
f 4373 3910 293
f 3941 4373 292
f 1801 4113 2046
f 1800 4333 563
f 1053 3818 4360
f 3818 2923 4360
f 1144 2531 4395
f 2531 1792 4395
f 2232 596 3819
f 2232 3453 1271
f 2553 2976 2043
f 2976 2553 3821
f 2553 2555 2109
f 2555 3782 2109
f 1180 1179 3445
f 1179 3903 3930
f 2860 3209 3126
f 3209 2443 3126
f 4125 974 973
f 4125 167 3394
f 615 2358 2360
f 1058 4164 4166
f 2890 4037 1038
f 4037 3855 1038
f 4038 815 660
f 2890 3972 4037
f 4243 3787 3619
f 1424 2946 2692
f 3536 4385 3605
f 1525 4385 3535
f 3910 4373 2749
f 3030 354 353
f 1794 3309 2646
f 3161 1325 4288
f 2303 638 2302
f 2303 532 2865
f 2718 3675 3723
f 3090 2718 3723
f 3002 3001 914
f 4176 914 782
f 4406 4295 2510
f 2510 3139 4406
f 3959 3885 244
f 3885 4375 3884
f 3265 4237 3104
f 1275 3265 3104
f 1636 3113 1224
f 2018 3113 1472
f 3218 4169 2971
f 4169 2586 2971
f 853 852 3965
f 852 2593 3965
f 2591 3142 3250
f 2377 3547 3499
f 2680 2833 3900
f 4308 4212 1803
f 1455 1454 3900
f 3379 299 664
f 299 3379 4352
f 3379 1456 4352
f 1037 1039 4391
f 1039 2138 4391
f 333 3829 334
f 2862 332 331
f 2222 3730 2877
f 772 118 117
f 4040 4254 4057
f 3216 3215 4039
f 4254 4040 1479
f 4040 4039 1479
f 3217 3480 3479
f 3217 3478 3215
f 3799 4039 3215
f 3799 545 4154
f 365 2411 3082
f 2411 3409 3082
f 1165 451 450
f 3330 121 3854
f 4084 1096 1095
f 4084 2571 4063
f 404 2190 2118
f 2190 404 2188
f 3789 4001 4340
f 3789 1429 1430
f 2677 3123 59
f 3123 3068 59
f 3682 2914 4027
f 1837 3593 1835
f 4372 106 3987
f 3065 3064 4237
f 3067 300 2410
f 300 3067 1261
f 2923 792 4054
f 792 791 4054
f 3311 1362 2281
f 1362 131 2281
f 153 2196 154
f 347 3996 1363
f 520 1406 369
f 3158 1406 1405
f 3857 3677 2289
f 2291 3857 2289
f 3336 3566 2765
f 3336 1891 1138
f 2523 4058 1747
f 4058 2881 1747
f 54 2855 1641
f 2855 54 53
f 3288 858 4023
f 858 3835 3696
f 604 3921 2009
f 3922 1359 2009
f 1827 2223 1828
f 1312 1311 1427
f 532 62 2470
f 531 2570 63
f 3745 2413 887
f 2413 2412 887
f 3451 3567 3452
f 3494 3452 3495
f 3156 2745 2825
f 2745 3481 2825
f 2913 4153 2133
f 4153 296 2133
f 3228 2207 4201
f 2207 4356 4201
f 1057 1059 2339
f 4397 1059 4166
f 4350 1544 2579
f 2023 4350 2579
f 4014 1657 3693
f 1657 1656 3693
f 4078 1704 1703
f 4183 4078 1703
f 1877 1876 3276
f 1876 3277 3276
f 3176 3920 4020
f 3920 3592 4020
f 3280 3019 2158
f 1704 3423 171
f 2933 2829 2828
f 3238 2829 2935
f 3846 1819 4321
f 1819 3868 4321
f 2252 2125 2547
f 3572 1907 1908
f 1989 1988 3994
f 1988 4168 3994
f 390 2802 3468
f 2802 1060 3468
f 1123 2540 3650
f 1071 3242 3241
f 3967 3290 2788
f 2788 4351 397
f 44 4367 4191
f 116 44 4191
f 3988 3942 4413
f 3942 1722 4413
f 2258 2259 28
f 3740 3956 2259
f 2156 2247 3459
f 2247 2156 2245
f 3425 217 1596
f 4352 1718 3433
f 2263 3726 2763
f 4227 2304 2763
f 1392 1394 2517
f 2517 3059 1392
f 2459 2458 4392
f 3780 116 4137
f 3770 3769 3024
f 3769 3025 3024
f 3191 3880 3770
f 3880 3771 3770
f 552 3354 2144
f 4184 2877 2879
f 345 2942 3137
f 2942 1215 3137
f 2481 2480 2565
f 2480 3483 2565
f 2838 4263 2836
f 4315 4087 3622
f 4420 1721 3558
f 66 154 64
f 3641 2837 4066
f 2837 2836 4066
f 2743 3372 54
f 3372 52 54
f 813 3434 1347
f 4235 4423 4124
f 3733 2684 4316
f 3893 3802 3731
f 252 251 3889
f 4391 252 3889
f 4262 4316 2684
f 4316 3731 3733
f 289 1412 4019
f 1044 1710 1045
f 4329 3136 188
f 3135 3136 3564
f 2668 1464 4149
f 4065 273 4149
f 1853 2344 931
f 4030 2344 2345
f 3203 3153 3764
f 3153 3203 1268
f 2555 2554 3550
f 323 796 1350
f 3044 1587 3886
f 1587 1586 3886
f 198 2896 387
f 4397 2204 3152
f 1073 4177 2399
f 4177 2894 2399
f 339 338 164
f 339 1658 3680
f 3416 3417 4064
f 3416 898 2698
f 3785 4239 3784
f 1197 1284 1198
f 2636 2513 4421
f 1001 884 886
f 3849 3055 2905
f 2152 3624 3359
f 3860 2792 1780
f 2792 810 1780
f 280 850 281
f 2061 850 2910
f 2648 3580 2649
f 3580 3427 2649
f 2529 1143 3102
f 612 611 1967
f 3778 4102 1523
f 3777 29 4103
f 4418 902 901
f 4238 3852 3470
f 2287 2676 985
f 2676 2675 985
f 3857 3612 3723
f 3675 3857 3723
f 2560 4150 2116
f 4150 2560 4148
f 3952 2757 3619
f 2757 2756 3619
f 1830 3562 1831
f 3562 1555 1831
f 3987 1588 3250
f 1588 3987 4390
f 2060 1585 2603
f 1585 877 2603
f 1530 1692 1528
f 4183 1692 1530
f 3345 4272 1089
f 4424 1564 1563
f 2364 2632 3545
f 2632 2364 3534
f 388 562 305
f 562 855 305
f 3759 1957 1637
f 1186 3759 1637
f 601 2422 3757
f 2165 3757 2422
f 2878 3867 4275
f 3827 3229 3230
f 4184 2879 4181
f 2879 4275 4181
f 2141 2292 624
f 624 623 2141
f 1349 981 1350
f 1349 1348 3197
f 1883 4347 1698
f 4347 3947 1698
f 368 486 1085
f 4179 3358 485
f 1615 3358 2622
f 1381 4178 1379
f 1225 485 1615
f 4179 485 368
f 3346 694 667
f 694 500 667
f 3593 2913 1835
f 3593 1837 4027
f 3200 3208 3201
f 3201 3208 1137
f 3738 3392 1916
f 3392 973 416
f 2926 554 3834
f 554 553 3834
f 1071 1997 1072
f 313 1920 2636
f 1920 3666 2637
f 3666 3519 4324
f 2200 936 2201
f 3406 3340 2202
f 3925 2535 1278
f 2244 1655 1657
f 1986 211 3617
f 1986 1985 2886
f 3340 2897 2202
f 629 3340 3342
f 3245 4112 1443
f 4112 2707 1443
f 3483 2482 3020
f 2482 2430 3020
f 1167 451 1165
f 449 451 3854
f 503 613 3255
f 503 502 2170
f 4042 4280 4388
f 996 3314 3722
f 3954 2952 4095
f 4146 3179 3489
f 3211 1850 3089
f 3210 3211 3089
f 4266 3999 3661
f 3999 4266 4313
f 2100 3350 3645
f 1392 3059 3272
f 2112 2111 3424
f 2394 2112 3424
f 4044 508 4104
f 508 4044 1356
f 3548 3547 1110
f 3547 2377 1110
f 1554 4116 4115
f 3141 3140 106
f 2265 4389 2266
f 4389 2265 4322
f 3357 4211 1017
f 4211 1015 1017
f 3248 4033 1783
f 3121 567 3271
f 2381 3793 1343
f 3793 1344 1343
f 2595 1263 4257
f 1263 1262 4257
f 2911 4186 1613
f 4186 1611 1613
f 3404 4174 1576
f 4174 1611 1576
f 1199 4355 2881
f 4355 1747 2881
f 3351 1439 4339
f 1439 3612 4337
f 1126 4403 1175
f 4403 4160 1175
f 1256 2144 3354
f 1257 1256 3354
f 3347 1298 3522
f 1298 1562 3522
f 4393 80 2921
f 81 4361 79
f 3882 2331 3291
f 2331 2595 3291
f 2441 732 2572
f 1254 732 2441
f 864 3341 3406
f 3341 3340 3406
f 2863 1292 1122
f 1292 2863 1748
f 1757 3718 2134
f 3718 1447 2134
f 1511 3289 2486
f 3289 3288 2486
f 4015 4290 4016
f 3796 4290 3586
f 2656 1084 393
f 498 1168 497
f 2419 393 1084
f 4 497 1994
f 3706 1796 906
f 3705 3761 1796
f 2071 3706 906
f 3706 2071 3704
f 1830 3130 4384
f 3130 3132 4384
f 2418 2713 3994
f 2713 1989 3994
f 729 728 3390
f 728 3603 3390
f 522 521 4059
f 351 2714 329
f 519 821 2807
f 821 519 371
f 1441 111 1442
f 2219 270 269
f 2634 4333 1624
f 1244 2351 4379
f 2957 3058 4119
f 4265 1800 4119
f 2836 66 4349
f 1623 2850 3585
f 3926 1908 3287
f 826 3926 3287
f 4047 2929 3626
f 2929 2930 3625
f 3307 2513 2636
f 2636 4421 313
f 1148 3924 1278
f 2740 3924 2738
f 4272 4400 1311
f 1330 2719 2386
f 2855 2945 4197
f 1641 2855 4197
f 423 1826 421
f 1824 1826 4090
f 4406 2535 3925
f 3925 1278 3924
f 1261 3898 3112
f 3898 1342 3112
f 910 3839 2254
f 3839 130 2254
f 207 3678 2247
f 3678 3459 2247
f 3600 3602 3841
f 3512 3679 3602
f 1737 1231 1738
f 1232 1517 1516
f 3894 1517 1737
f 1737 1517 1231
f 3457 3679 3512
f 3841 3679 207
f 3512 1041 3457
f 4320 4382 645
f 867 4298 4005
f 866 4196 4298
f 1740 2425 4401
f 2425 3729 4401
f 3443 4230 3339
f 4230 3462 3339
f 3418 1305 3590
f 3460 2234 1305
f 1400 2751 395
f 2751 1400 1082
f 1163 1162 618
f 1162 3087 618
f 3084 3464 1306
f 3464 2415 1306
f 3729 3730 3595
f 3730 1827 3595
f 3729 2425 2878
f 409 2576 1906
f 1478 4255 1479
f 4255 4254 1479
f 1976 1975 3532
f 1975 1291 3532
f 2252 460 2125
f 459 3532 1291
f 2062 3533 1014
f 3533 3532 1014
f 3871 3204 4232
f 2956 1021 4386
f 2016 2030 3132
f 2029 2015 3805
f 753 422 1465
f 1200 422 421
f 3650 3242 4224
f 3242 1071 4224
f 1498 1497 2161
f 1497 1591 2161
f 3284 1255 3715
f 1255 3629 3715
f 1165 1572 1166
f 3707 1572 698
f 2937 1607 2938
f 2937 2936 4246
f 4095 2435 4017
f 2952 2951 2435
f 1812 336 335
f 337 3028 3027
f 1652 4344 4343
f 3050 804 4343
f 528 3995 1441
f 528 3632 529
f 420 1365 418
f 420 2941 4006
f 1702 803 1700
f 4282 3931 3933
f 3402 3814 2218
f 3814 2216 2218
f 2556 2120 2122
f 4404 2556 2122
f 2574 2831 2833
f 2831 2574 411
f 4273 1030 1029
f 690 1467 3375
f 3949 665 3112
f 665 3949 666
f 2496 358 3668
f 358 357 3668
f 4062 3982 3294
f 4062 4074 4060
f 471 3743 1765
f 470 4074 3743
f 1250 317 1799
f 317 1250 2707
f 659 4312 4038
f 4312 4036 4038
f 2400 1804 2729
f 1804 2400 625
f 2898 3042 1331
f 3042 1383 3955
f 242 4358 3748
f 4358 4289 3748
f 3683 3072 3227
f 3072 1784 3227
f 4068 2092 3926
f 2092 4068 2093
f 3291 2867 3882
f 2867 3935 3882
f 745 1811 1931
f 3239 2804 3327
f 2332 2556 4404
f 2374 2376 2698
f 846 1062 1734
f 1062 1487 1734
f 2305 4207 1148
f 4207 3924 1148
f 4017 2435 2434
f 364 4017 2434
f 2219 269 1460
f 4292 269 268
f 4216 343 268
f 341 343 2499
f 1180 2939 3274
f 2939 428 3274
f 2323 2322 1964
f 2322 1962 1964
f 2836 4349 4066
f 4349 4321 4066
f 3400 2852 3834
f 2852 3400 2850
f 3935 2866 855
f 2866 2465 855
f 3943 3990 2214
f 3943 3944 4096
f 935 1035 824
f 3781 1035 681
f 2445 702 71
f 702 701 71
f 4305 3808 3473
f 2073 1008 3753
f 1037 3891 1008
f 3891 1037 3889
f 3890 4305 3473
f 2074 3753 3473
f 3855 4270 3883
f 4270 3313 3883
f 3972 2890 816
f 3972 4038 4036
f 696 2066 619
f 2828 696 619
f 2738 4147 2739
f 4147 2738 898
f 2239 2238 3837
f 2238 3838 3837
f 2195 4408 766
f 4408 1660 766
f 3363 3493 4070
f 3363 2195 1492
f 3611 872 3708
f 3689 3611 3708
f 3610 4338 4060
f 4338 4337 4060
f 1219 4366 3092
f 4366 2577 3092
f 1992 2931 3980
f 1404 2931 2872
f 1543 1542 2847
f 2483 2149 2148
f 4396 4234 3655
f 4234 1999 3655
f 859 332 2862
f 2862 331 3860
f 1160 3091 354
f 2395 3091 801
f 4087 4335 4045
f 4335 2954 4045
f 4422 1470 3904
f 2175 1396 3923
f 1127 405 2118
f 405 404 2118
f 872 3611 1522
f 477 156 1653
f 4303 11 10
f 11 4303 3527
f 10 2311 4303
f 2309 2311 2777
f 3364 2526 2525
f 2548 1191 1190
f 3282 2328 1518
f 745 1809 1811
f 3692 165 1413
f 3467 1413 1412
f 2470 2471 3971
f 2470 2865 532
f 3995 530 1945
f 3293 3743 4074
f 3743 471 470
f 471 3831 469
f 3478 1668 3800
f 3800 3215 3478
f 2619 870 2617
f 870 2042 2617
f 3328 2237 2236
f 3836 825 2041
f 2949 3761 3705
f 2948 1565 3761
f 2384 4077 2948
f 4077 1650 1565
f 2105 2949 3705
f 2949 2105 2385
f 2646 1311 4400
f 1311 1310 4272
f 1451 2163 3634
f 1451 1658 1449
f 3304 2815 2594
f 3304 77 4284
f 3869 3687 442
f 3687 1565 442
f 4278 4378 3228
f 3683 4378 3357
f 579 919 2098
f 2098 3816 579
f 1459 597 1510
f 597 596 1510
f 707 3373 3372
f 2743 707 3372
f 1485 1072 278
f 1072 1485 1073
f 314 4421 2512
f 4421 314 313
f 3152 2204 1080
f 457 3928 455
f 2663 2662 3401
f 2662 4134 3401
f 2344 929 931
f 929 2344 4030
f 1550 2101 3346
f 3343 2101 2102
f 4084 1211 1096
f 1211 4084 4063
f 2140 2139 3746
f 2139 3572 3746
f 2907 2909 1751
f 1751 3213 4024
f 2907 3832 3074
f 1296 3832 3783
f 1573 3716 3715
f 3486 3716 3783
f 4157 1915 3155
f 1915 4157 4158
f 365 35 2326
f 35 365 364
f 517 516 3455
f 516 2269 3455
f 2049 4407 2672
f 2671 2049 2672
f 3524 4236 4332
f 4236 3070 4332
f 3599 4423 3598
f 4423 4235 3598
f 3149 3296 3128
f 3300 3296 1529
f 2895 1044 3762
f 1431 267 2534
f 2318 2519 2730
f 2519 2318 2317
f 1623 1622 42
f 1622 40 42
f 4079 4113 4264
f 4113 1801 4264
f 1800 4265 1801
f 4265 4264 1801
f 3935 855 4136
f 4136 3399 3935
f 4262 4261 3283
f 4261 2686 3283
f 3115 1549 72
f 701 3115 72
f 940 3760 1679
f 3760 940 3031
f 363 2993 4015
f 2993 363 2806
f 912 3878 1133
f 1375 912 1133
f 2390 1903 785
f 1903 783 785
f 4061 4337 2291
f 2290 4061 2291
f 1695 1694 2004
f 1694 311 2004
f 3420 174 173
f 2307 2880 2305
f 2306 1522 2307
f 1817 1522 1523
f 57 1508 3523
f 1508 4000 3523
f 3725 3958 4000
f 3958 3523 4000
f 4174 4175 1612
f 1611 4174 1612
f 1125 3253 1126
f 3253 276 1126
f 2664 3870 2072
f 3870 2664 1902
f 4311 1596 1595
f 1596 4311 3425
f 949 948 622
f 948 620 622
f 1900 219 4419
f 219 218 4419
f 4204 1295 2589
f 2590 2072 2588
f 4035 960 621
f 960 2382 622
f 840 1021 674
f 673 950 1295
f 3727 3726 4097
f 2589 2588 4419
f 4260 2709 2956
f 2361 620 674
f 1463 4097 3726
f 3264 218 3425
f 759 2546 3306
f 2546 4311 3306
f 263 2870 2835
f 4283 2340 2339
f 2709 4260 2708
f 2709 674 1021
f 2970 4344 2969
f 4344 1652 2969
f 1437 86 3494
f 86 85 3494
f 1272 1271 2045
f 1272 1696 1695
f 639 1843 2053
f 1843 2613 2053
f 1624 3674 1622
f 2079 3571 1236
f 2650 4185 3538
f 2650 2426 2648
f 4190 2143 2142
f 4190 2612 1332
f 1118 3422 4189
f 3422 3555 4189
f 3504 1119 346
f 1119 3504 1120
f 4094 4231 892
f 4231 2366 892
f 882 2371 883
f 2371 882 2520
f 1922 3530 1151
f 3530 631 1151
f 4370 1921 315
f 315 1921 313
f 3405 2201 1515
f 1515 2201 936
f 4370 2897 631
f 315 3597 3039
f 2202 3039 2200
f 315 3039 4370
f 3103 1360 3664
f 1964 879 1954
f 1526 2258 3587
f 1705 2615 3168
f 806 4380 3810
f 3263 3613 3264
f 368 1471 4179
f 1471 1470 4179
f 726 725 2197
f 725 2639 2197
f 823 822 4157
f 822 1759 4157
f 3391 56 4158
f 3391 4157 1759
f 4157 3268 823
f 3268 3154 823
f 4089 3435 3437
f 4144 4089 3437
f 3858 4411 517
f 4411 3318 517
f 2602 2601 4242
f 2601 360 4242
f 2819 2678 703
f 3908 2728 786
f 1897 1896 2602
f 1896 361 2602
f 3851 1593 2967
f 1593 568 2967
f 3020 978 3269
f 3356 3355 3121
f 375 3700 3101
f 3700 3221 3101
f 1349 979 981
f 3458 4302 4115
f 802 1700 803
f 258 257 3554
f 1212 2776 2341
f 1355 1354 2964
f 2553 2043 2554
f 3550 3782 2555
f 2448 3551 2447
f 3551 2375 3550
f 1318 286 3686
f 286 1351 3686
f 731 2572 732
f 3322 776 4257
f 1945 456 3995
f 475 111 110
f 1816 1815 2820
f 1815 1459 2820
f 3152 2340 4283
f 2204 4397 4326
f 1730 4172 1098
f 4172 1099 1098
f 1966 3912 253
f 3912 1966 2170
f 3440 1967 37
f 37 1967 1184
f 253 1184 1966
f 37 1184 1183
f 2784 1742 1741
f 3259 2498 1336
f 3274 4363 1181
f 4363 3601 1181
f 4345 3823 3914
f 4345 4325 3591
f 1656 1655 1730
f 1655 2244 1730
f 2244 1065 3166
f 1065 1064 3166
f 4328 2893 1407
f 1279 1278 2535
f 475 709 1769
f 474 2431 4414
f 1768 1767 195
f 1767 3496 195
f 1633 4415 2762
f 1260 3496 4414
f 2082 4357 3297
f 4357 1781 3297
f 1221 1754 4144
f 1754 1245 4144
f 3225 412 414
f 412 3225 552
f 2459 4392 3252
f 3252 4392 169
f 515 2446 4137
f 2446 3780 4137
f 3019 3913 3658
f 3913 3279 3658
f 1507 774 776
f 819 4386 1021
f 4364 3308 3973
f 3308 4364 759
f 1597 1307 1595
f 1307 3306 1595
f 4232 3764 3690
f 4232 4386 3871
f 4133 1852 1651
f 1653 4133 1651
f 1575 80 79
f 4393 81 80
f 2328 3282 3281
f 1518 4262 3282
f 156 155 4133
f 155 4259 4133
f 947 4226 3853
f 4226 3498 3685
f 3881 1564 4424
f 1573 1563 1562
f 3106 1434 4424
f 4424 1434 1433
f 3771 1433 1432
f 4424 1433 3881
f 182 3630 3629
f 3630 182 3361
f 2276 3378 2775
f 3378 2773 2775
f 1625 1228 2741
f 2741 3318 4411
f 2722 1761 567
f 1761 568 567
f 995 4099 68
f 3959 4099 3798
f 3297 3991 577
f 3991 3297 1781
f 4146 3491 659
f 4095 4016 3954
f 2479 3321 370
f 3321 820 370
f 901 1401 1399
f 692 693 3232
f 1126 1034 1124
f 2864 591 638
f 2303 2864 638
f 691 690 3375
f 4361 4362 1918
f 4362 614 1918
f 4085 4176 1798
f 1799 4085 1798
f 2094 13 1895
f 2154 2094 1895
f 1248 2790 1249
f 2790 2944 1249
f 538 3301 3303
f 3301 538 2405
f 3303 3302 724
f 542 3303 724
f 1663 4320 2758
f 1792 1663 2758
f 82 3647 83
f 3648 3168 3170
f 1539 588 4013
f 1539 2929 1538
f 3513 1284 1197
f 1284 3513 1270
f 1746 2524 3916
f 1746 1285 2096
f 2347 2849 1568
f 3040 220 2849
f 4046 2265 128
f 3699 4046 128
f 2921 4336 4393
f 4393 4394 2359
f 1380 2321 953
f 2321 1380 4188
f 1208 3507 4330
f 3507 2730 4330
f 2620 889 4376
f 888 3765 4376
f 1470 4422 4179
f 4422 4178 4179
f 1973 1885 1887
f 4029 952 951
f 2992 2644 2643
f 4203 2992 2643
f 576 3298 577
f 3298 3297 577
f 738 779 739
f 738 737 3248
f 1840 1927 3614
f 1927 3261 3614
f 3225 1317 312
f 1317 3225 414
f 523 483 3866
f 483 523 3792
f 3420 3419 1864
f 3419 2584 1864
f 1818 174 1708
f 174 3420 1708
f 1522 2306 1150
f 2306 2305 1150
f 1523 4102 1817
f 4102 1818 1817
f 871 20 1709
f 20 19 1709
f 3692 3466 3002
f 3466 3607 3002
f 1109 1681 1680
f 4413 1109 1680
f 1665 4072 4334
f 4072 4073 4334
f 3637 2959 3078
f 2959 2665 3078
f 4001 3790 938
f 3790 3939 938
f 2431 4415 4414
f 4415 2431 2762
f 3496 709 4414
f 4414 709 474
f 836 838 476
f 476 838 474
f 1633 1771 1258
f 1258 1771 3180
f 3181 1259 1258
f 3496 1260 1259
f 2690 2795 2762
f 2795 2690 2796
f 4100 965 68
f 965 4100 100
f 4093 3433 3277
f 4352 3433 2410
f 4364 541 3776
f 541 4364 539
f 2334 3247 4342
f 760 3871 4386
f 3094 3093 4012
f 3093 3892 4012
f 3521 4324 3519
f 3521 2476 3843
f 3205 1267 3203
f 3205 3872 3843
f 3407 2477 3408
f 2477 3407 3498
f 1537 2011 684
f 4367 43 1288
f 43 4367 44
f 1287 4367 1288
f 2360 4394 39
f 4394 2360 2359
f 3049 4268 3048
f 4268 3049 2391
f 2212 1928 4128
f 1928 2212 975
f 3911 2652 2651
f 2652 3911 1075
f 1698 1677 1676
f 1677 1698 1697
f 1541 525 2734
f 1541 2733 1540
f 3610 177 4339
f 177 176 4339
f 4025 3096 2988
f 3096 4025 769
f 32 1504 1506
f 3269 977 32
f 3649 569 1592
f 569 568 1592
f 3680 1659 2536
f 2535 4406 3139
f 3821 4118 3822
f 4118 3821 1066
f 4059 3691 522
f 3691 1443 522
f 1887 3088 4259
f 3088 1852 4259
f 4259 3098 1887
f 3098 1973 1887
f 1974 2985 1944
f 92 2152 3359
f 3587 3324 2422
f 1692 4183 1703
f 3125 1175 249
f 569 3649 1398
f 772 2600 751
f 773 2468 118
f 3505 4137 4191
f 3504 3505 4191
f 2013 124 123
f 1341 2396 2297
f 1499 519 2338
f 2021 579 3816
f 1554 4115 4274
f 3795 1554 4274
f 2406 2405 538
f 2406 537 3441
f 1359 3922 3665
f 3922 1736 3665
f 646 4382 4258
f 4382 4320 4258
f 2020 3944 108
f 3670 1040 4302
f 4365 1553 3948
f 1553 1552 3948
f 1990 3013 4167
f 4167 4168 1988
f 360 4107 4242
f 4107 4106 4242
f 3673 2490 2489
f 2490 3673 2155
f 608 2927 2926
f 608 3833 606
f 3826 331 330
f 331 3826 3860
f 4412 2728 3908
f 2728 4412 3190
f 2789 3013 1990
f 490 3817 1414
f 3073 1016 1156
f 1016 1733 1156
f 3474 4145 1168
f 4145 3083 1168
f 3377 2275 271
f 4065 4251 2262
f 427 1600 4310
f 4114 3879 282
f 4027 3247 3508
f 3247 4027 4342
f 759 758 819
f 758 4386 819
f 1597 2870 1308
f 1309 3306 1307
f 3508 3247 104
f 105 3537 106
f 3183 3182 4024
f 1616 1483 2596
f 1483 1482 2596
f 377 4117 3950
f 4117 377 746
f 3065 3671 4117
f 746 3065 4117
f 3190 4412 144
f 4412 3907 144
f 106 4372 3141
f 4372 3250 3141
f 2584 3992 51
f 1846 3992 3419
f 4173 3049 3007
f 796 323 3007
f 2447 2554 4009
f 4009 2554 2043
f 2807 820 2963
f 4049 2807 2963
f 4094 2389 1974
f 1287 1286 1120
f 1402 795 1583
f 795 1402 3086
f 1769 1442 475
f 4216 270 2085
f 957 2194 2076
f 2194 1427 2076
f 13 3803 14
f 3803 3369 14
f 15 3624 1895
f 3624 2152 1895
f 884 2853 14
f 2853 15 14
f 3104 4276 2402
f 3104 2402 1276
f 2876 4351 1731
f 4351 2876 397
f 4257 2541 2780
f 2541 4354 2780
f 3645 4067 2101
f 695 4067 3964
f 1470 1469 3605
f 1469 3536 3605
f 2801 4296 1286
f 4296 1120 1286
f 3848 3421 4296
f 3421 1118 1120
f 3671 3005 4117
f 1783 1782 3116
f 3192 4300 2508
f 4300 4299 2508
f 3510 3509 3489
f 3509 3490 3489
f 3092 2401 1124
f 1124 1411 3092
f 2015 2014 4004
f 3397 3396 3805
f 511 425 1861
f 425 424 1861
f 424 3633 805
f 3633 3449 805
f 896 4109 2816
f 4109 2817 2816
f 1322 1914 1323
f 1322 1321 4369
f 303 806 3912
f 2170 303 3912
f 1792 2530 1661
f 2530 2561 1661
f 2185 2187 4301
f 2187 3724 4301
f 4211 3844 2874
f 3844 4211 3357
f 4111 4380 807
f 4380 806 807
f 4155 4416 2883
f 2885 4155 2883
f 1334 711 1629
f 711 710 1629
f 131 1361 132
f 1361 3961 132
f 2825 2039 3156
f 4247 2039 2038
f 3852 4238 1594
f 4238 4418 1594
f 1553 4116 1554
f 4116 1553 4365
f 1765 2203 1766
f 2203 1765 4248
f 2195 4069 4408
f 4069 2161 4408
f 3817 662 1414
f 1412 289 3465
f 4178 1381 3358
f 1381 952 2622
f 3618 536 538
f 536 3618 573
f 2695 2697 4353
f 2697 3479 4353
f 2793 3861 3826
f 3861 3860 3826
f 4004 3786 2808
f 4004 3805 2015
f 4253 4271 641
f 4252 3786 4271
f 4266 1106 321
f 4267 4266 3661
f 2462 4002 2871
f 4002 2462 980
f 2922 4253 641
f 4253 2922 865
f 2030 3426 3132
f 2030 2016 2015
f 3049 4173 2391
f 3504 1287 1120
f 4375 2954 4335
f 4289 4375 4335
f 2893 1326 1405
f 2893 4328 2891
f 4014 2243 1657
f 2243 4014 3822
f 2033 3033 1233
f 3033 1107 1233
f 1259 3627 195
f 3627 1259 3181
f 3525 2827 1743
f 2826 2151 1743
f 1343 2379 2381
f 2379 1343 4132
f 3773 3856 2342
f 3856 3411 2342
f 3651 1980 3754
f 2598 3651 3754
f 202 4405 1631
f 4405 2825 1631
f 29 4108 4103
f 4202 175 4108
f 173 175 4202
f 4103 175 1818
f 4202 1845 173
f 49 1845 2407
f 2536 4293 1279
f 2536 3139 3680
f 3157 216 2746
f 2692 2946 3787
f 398 3010 399
f 3010 2474 399
f 784 4267 3661
f 4267 784 783
f 1827 3968 3595
f 3968 2302 3595
f 910 2253 911
f 2253 3967 911
f 591 590 2999
f 590 2082 2999
f 1282 2732 2223
f 3549 2732 518
f 3808 4151 3473
f 4151 3079 3473
f 4376 3765 4120
f 2621 4376 4120
f 2231 1842 859
f 1842 2231 2392
f 2932 2840 3896
f 4256 3552 2841
f 1860 2063 512
f 512 2063 4180
f 1945 1648 456
f 447 1728 2970
f 3588 2984 3754
f 2984 2598 3754
f 4281 4121 2873
f 1069 4281 2873
f 1946 4275 3867
f 1947 1946 3867
f 1068 3669 4281
f 3669 2621 4281
f 2151 2826 4294
f 2826 1547 4294
f 4298 867 866
f 867 3232 865
f 1893 3439 4196
f 3439 4298 4196
f 3657 1476 1475
f 3657 4005 4298
f 1036 1114 2834
f 1114 1036 3985
f 2596 2267 2597
f 2267 1909 2597
f 3416 4323 898
f 4323 4147 898
f 3765 888 2412
f 888 887 2412
f 509 4123 507
f 4123 4122 507
f 2687 3997 4122
f 3997 507 4122
f 35 34 2325
f 2491 2325 34
f 729 3229 730
f 3229 3827 730
f 3867 2878 2425
f 2424 3867 2425
f 66 2836 4263
f 3147 66 4263
f 3732 3966 4148
f 3966 2668 4148
f 4381 4217 4263
f 2838 4381 4263
f 530 1551 1946
f 1945 530 1946
f 4321 65 2197
f 65 64 2197
f 32 1506 33
f 33 1506 2691
f 4383 1719 302
f 530 3995 528
f 3295 3744 3293
f 3744 3295 4248
f 1789 2625 2624
f 2625 1789 3986
f 2887 3820 4098
f 3820 704 4098
f 4424 1563 3106
f 1563 1573 3106
f 3345 4400 4272
f 4400 3345 1794
f 2539 2755 1063
f 2755 3722 1063
f 2537 1739 626
f 626 1738 627
f 407 3615 292
f 3615 3614 292
f 1602 3527 1603
f 1602 4223 3527
f 3127 4318 1519
f 4318 1942 1519
f 2693 3787 3976
f 2471 61 1602
f 4223 2271 2770
f 61 2271 1602
f 2249 3054 3178
f 3054 2294 3178
f 1357 4043 4129
f 4043 1195 4129
f 3409 1169 3083
f 1169 1168 3083
f 348 3501 1480
f 3501 1365 1480
f 2739 3326 2740
f 3326 4295 2740
f 3118 3119 3915
f 2928 3119 3525
f 4007 3956 3740
f 28 3956 29
f 3415 4279 2423
f 4293 4279 1279
f 3415 3323 747
f 28 3323 2258
f 1608 1619 2056
f 1619 1608 1617
f 2167 1178 2166
f 1178 2167 3051
f 2217 4286 2218
f 4286 4126 2218
f 3918 4091 1448
f 4091 1171 1448
f 543 3385 2916
f 543 1987 542
f 4301 3450 445
f 3450 3385 445
f 3248 1783 3116
f 4033 4032 1784
f 2432 2689 2431
f 2689 2762 2431
f 3652 923 1980
f 923 922 1980
f 3548 2007 2031
f 2007 3548 3516